19602
128
128
0
128
1
128
2
128
3
128
4
128
5
128
6
128
7
128
8
128
9
128
10
128
11
128
12
128
13
128
14
128
15
128
16
128
17
128
18
128
19
128
20
128
21
128
22
128
23
128
24
128
25
128
26
128
27
128
28
128
29
128
30
128
31
128
32
128
33
128
34
128
35
128
36
128
37
128
38
128
39
128
40
128
41
128
42
128
43
128
44
128
45
128
46
128
47
128
48
128
49
128
50
128
51
128
52
128
53
128
54
128
55
128
56
128
57
128
58
128
59
128
60
128
61
128
62
128
63
128
64
128
65
128
66
128
67
128
68
128
69
128
70
128
71
128
72
128
73
128
74
128
75
128
76
128
77
128
78
128
79
128
80
128
81
128
82
128
83
128
84
128
85
128
86
128
87
128
88
128
89
128
90
128
91
128
92
128
93
128
94
128
95
128
96
128
97
128
98
128
99
128
100
128
101
128
102
128
103
128
104
128
105
128
106
128
107
128
108
128
109
128
110
128
111
128
112
128
113
128
114
128
115
128
116
128
117
128
118
128
119
128
120
128
121
128
122
128
123
128
124
128
125
128
126
128
127
128
128
128
129
128
130
128
131
128
132
128
133
128
134
128
135
128
136
128
137
128
138
128
139
128
140
128
141
128
142
128
143
128
144
128
145
128
146
128
147
128
148
128
149
128
150
128
151
128
152
128
153
128
154
128
155
128
156
128
157
128
158
128
159
128
160
128
161
128
162
128
163
128
164
128
165
128
166
128
167
128
168
128
169
128
170
128
171
128
172
128
173
128
174
128
175
128
176
128
177
128
178
128
179
128
180
128
181
128
182
128
183
128
184
128
185
128
186
128
187
128
188
128
189
128
190
128
191
128
192
128
193
128
194
128
195
128
196
128
197
128
198
128
199
128
200
128
201
128
202
128
203
128
204
128
205
128
206
128
207
128
208
128
209
128
210
128
211
128
212
128
213
128
214
128
215
128
216
128
217
128
218
128
219
128
220
128
221
128
222
128
223
128
224
128
225
128
226
128
227
128
228
128
229
128
230
128
231
128
232
128
233
128
234
128
235
128
236
128
237
128
238
128
239
128
240
128
241
128
242
128
243
128
244
128
245
128
246
128
247
128
248
128
249
128
250
128
251
128
252
128
253
128
254
128
255
128
256
128
2.06513
113
10.4608
114
18.8564
115
27.2521
116
35.6478
117
44.0434
118
52.4391
119
60.8347
120
69.2304
121
77.6261
122
86.0217
123
94.4174
124
102.813
125
111.209
126
119.604
127
128
128
136.396
129
144.791
130
153.187
131
161.583
132
169.978
133
178.374
134
186.77
135
195.165
136
203.561
137
211.957
138
220.352
139
228.748
140
237.144
141
245.539
142
253.935
143
1.42109e-14
112.754
1
112.873
2
112.992
3
113.111
4
113.23
5
113.35
6
113.469
7
113.588
8
113.707
9
113.826
10
113.945
11
114.064
12
114.183
13
114.302
14
114.422
15
114.541
16
114.66
17
114.779
18
114.898
19
115.017
20
115.136
21
115.255
22
115.374
23
115.494
24
115.613
25
115.732
26
115.851
27
115.97
28
116.089
29
116.208
30
116.327
31
116.446
32
116.566
33
116.685
34
116.804
35
116.923
36
117.042
37
117.161
38
117.28
39
117.399
40
117.518
41
117.638
42
117.757
43
117.876
44
117.995
45
118.114
46
118.233
47
118.352
48
118.471
49
118.59
50
118.709
51
118.829
52
118.948
53
119.067
54
119.186
55
119.305
56
119.424
57
119.543
58
119.662
59
119.781
60
119.901
61
120.02
62
120.139
63
120.258
64
120.377
65
120.496
66
120.615
67
120.734
68
120.853
69
120.973
70
121.092
71
121.211
72
121.33
73
121.449
74
121.568
75
121.687
76
121.806
77
121.925
78
122.045
79
122.164
80
122.283
81
122.402
82
122.521
83
122.64
84
122.759
85
122.878
86
122.997
87
123.117
88
123.236
89
123.355
90
123.474
91
123.593
92
123.712
93
123.831
94
123.95
95
124.069
96
124.189
97
124.308
98
124.427
99
124.546
100
124.665
101
124.784
102
124.903
103
125.022
104
125.141
105
125.26
106
125.38
107
125.499
108
125.618
109
125.737
110
125.856
111
125.975
112
126.094
113
126.213
114
126.332
115
126.452
116
126.571
117
126.69
118
126.809
119
126.928
120
127.047
121
127.166
122
127.285
123
127.404
124
127.524
125
127.643
126
127.762
127
127.881
128
128
129
128.119
130
128.238
131
128.357
132
128.476
133
128.596
134
128.715
135
128.834
136
128.953
137
129.072
138
129.191
139
129.31
140
129.429
141
129.548
142
129.668
143
129.787
144
129.906
145
130.025
146
130.144
147
130.263
148
130.382
149
130.501
150
130.62
151
130.74
152
130.859
153
130.978
154
131.097
155
131.216
156
131.335
157
131.454
158
131.573
159
131.692
160
131.811
161
131.931
162
132.05
163
132.169
164
132.288
165
132.407
166
132.526
167
132.645
168
132.764
169
132.883
170
133.003
171
133.122
172
133.241
173
133.36
174
133.479
175
133.598
176
133.717
177
133.836
178
133.955
179
134.075
180
134.194
181
134.313
182
134.432
183
134.551
184
134.67
185
134.789
186
134.908
187
135.027
188
135.147
189
135.266
190
135.385
191
135.504
192
135.623
193
135.742
194
135.861
195
135.98
196
136.099
197
136.219
198
136.338
199
136.457
200
136.576
201
136.695
202
136.814
203
136.933
204
137.052
205
137.171
206
137.291
207
137.41
208
137.529
209
137.648
210
137.767
211
137.886
212
138.005
213
138.124
214
138.243
215
138.362
216
138.482
217
138.601
218
138.72
219
138.839
220
138.958
221
139.077
222
139.196
223
139.315
224
139.434
225
139.554
226
139.673
227
139.792
228
139.911
229
140.03
230
140.149
231
140.268
232
140.387
233
140.506
234
140.626
235
140.745
236
140.864
237
140.983
238
141.102
239
141.221
240
141.34
241
141.459
242
141.578
243
141.698
244
141.817
245
141.936
246
142.055
247
142.174
248
142.293
249
142.412
250
142.531
251
142.65
252
142.77
253
142.889
254
143.008
255
143.127
256
143.246
3.85177
98
7.99004
99
12.1283
100
16.2666
101
20.4049
102
24.5431
103
28.6814
104
32.8197
105
36.958
106
41.0962
107
45.2345
108
49.3728
109
53.5111
110
57.6493
111
61.7876
112
65.9259
113
70.0642
114
74.2024
115
78.3407
116
82.479
117
86.6173
118
90.7555
119
94.8938
120
99.0321
121
103.17
122
107.309
123
111.447
124
115.585
125
119.723
126
123.862
127
128
128
132.138
129
136.277
130
140.415
131
144.553
132
148.691
133
152.83
134
156.968
135
161.106
136
165.244
137
169.383
138
173.521
139
177.659
140
181.798
141
185.936
142
190.074
143
194.212
144
198.351
145
202.489
146
206.627
147
210.765
148
214.904
149
219.042
150
223.18
151
227.319
152
231.457
153
235.595
154
239.733
155
243.872
156
248.01
157
252.148
158
0
97.0692
1
97.3109
2
97.5525
3
97.7942
4
98.0358
5
98.2775
6
98.5191
7
98.7608
8
99.0024
9
99.2441
10
99.4857
11
99.7273
12
99.969
13
100.211
14
100.452
15
100.694
16
100.936
17
101.177
18
101.419
19
101.661
20
101.902
21
102.144
22
102.385
23
102.627
24
102.869
25
103.11
26
103.352
27
103.594
28
103.835
29
104.077
30
104.319
31
104.56
32
104.802
33
105.044
34
105.285
35
105.527
36
105.769
37
106.01
38
106.252
39
106.493
40
106.735
41
106.977
42
107.218
43
107.46
44
107.702
45
107.943
46
108.185
47
108.427
48
108.668
49
108.91
50
109.152
51
109.393
52
109.635
53
109.877
54
110.118
55
110.36
56
110.601
57
110.843
58
111.085
59
111.326
60
111.568
61
111.81
62
112.051
63
112.293
64
112.535
65
112.776
66
113.018
67
113.26
68
113.501
69
113.743
70
113.984
71
114.226
72
114.468
73
114.709
74
114.951
75
115.193
76
115.434
77
115.676
78
115.918
79
116.159
80
116.401
81
116.643
82
116.884
83
117.126
84
117.368
85
117.609
86
117.851
87
118.092
88
118.334
89
118.576
90
118.817
91
119.059
92
119.301
93
119.542
94
119.784
95
120.026
96
120.267
97
120.509
98
120.751
99
120.992
100
121.234
101
121.476
102
121.717
103
121.959
104
122.2
105
122.442
106
122.684
107
122.925
108
123.167
109
123.409
110
123.65
111
123.892
112
124.134
113
124.375
114
124.617
115
124.859
116
125.1
117
125.342
118
125.584
119
125.825
120
126.067
121
126.308
122
126.55
123
126.792
124
127.033
125
127.275
126
127.517
127
127.758
128
128
129
128.242
130
128.483
131
128.725
132
128.967
133
129.208
134
129.45
135
129.692
136
129.933
137
130.175
138
130.416
139
130.658
140
130.9
141
131.141
142
131.383
143
131.625
144
131.866
145
132.108
146
132.35
147
132.591
148
132.833
149
133.075
150
133.316
151
133.558
152
133.8
153
134.041
154
134.283
155
134.524
156
134.766
157
135.008
158
135.249
159
135.491
160
135.733
161
135.974
162
136.216
163
136.458
164
136.699
165
136.941
166
137.183
167
137.424
168
137.666
169
137.908
170
138.149
171
138.391
172
138.632
173
138.874
174
139.116
175
139.357
176
139.599
177
139.841
178
140.082
179
140.324
180
140.566
181
140.807
182
141.049
183
141.291
184
141.532
185
141.774
186
142.016
187
142.257
188
142.499
189
142.74
190
142.982
191
143.224
192
143.465
193
143.707
194
143.949
195
144.19
196
144.432
197
144.674
198
144.915
199
145.157
200
145.399
201
145.64
202
145.882
203
146.123
204
146.365
205
146.607
206
146.848
207
147.09
208
147.332
209
147.573
210
147.815
211
148.057
212
148.298
213
148.54
214
148.782
215
149.023
216
149.265
217
149.507
218
149.748
219
149.99
220
150.231
221
150.473
222
150.715
223
150.956
224
151.198
225
151.44
226
151.681
227
151.923
228
152.165
229
152.406
230
152.648
231
152.89
232
153.131
233
153.373
234
153.615
235
153.856
236
154.098
237
154.339
238
154.581
239
154.823
240
155.064
241
155.306
242
155.548
243
155.789
244
156.031
245
156.273
246
156.514
247
156.756
248
156.998
249
157.239
250
157.481
251
157.723
252
157.964
253
158.206
254
158.447
255
158.689
256
158.931
1.46779
81
4.15996
82
6.85213
83
9.54431
84
12.2365
85
14.9287
86
17.6208
87
20.313
88
23.0052
89
25.6974
90
28.3895
91
31.0817
92
33.7739
93
36.4661
94
39.1582
95
41.8504
96
44.5426
97
47.2348
98
49.9269
99
52.6191
100
55.3113
101
58.0035
102
60.6956
103
63.3878
104
66.08
105
68.7722
106
71.4643
107
74.1565
108
76.8487
109
79.5409
110
82.233
111
84.9252
112
87.6174
113
90.3096
114
93.0017
115
95.6939
116
98.3861
117
101.078
118
103.77
119
106.463
120
109.155
121
111.847
122
114.539
123
117.231
124
119.923
125
122.616
126
125.308
127
128
128
130.692
129
133.384
130
136.077
131
138.769
132
141.461
133
144.153
134
146.845
135
149.537
136
152.23
137
154.922
138
157.614
139
160.306
140
162.998
141
165.69
142
168.383
143
171.075
144
173.767
145
176.459
146
179.151
147
181.843
148
184.536
149
187.228
150
189.92
151
192.612
152
195.304
153
197.997
154
200.689
155
203.381
156
206.073
157
208.765
158
211.457
159
214.15
160
216.842
161
219.534
162
222.226
163
224.918
164
227.61
165
230.303
166
232.995
167
235.687
168
238.379
169
241.071
170
243.764
171
246.456
172
249.148
173
251.84
174
254.532
175
1.42109e-14
80.4548
1
80.8262
2
81.1977
3
81.5691
4
81.9406
5
82.312
6
82.6835
7
83.0549
8
83.4264
9
83.7978
10
84.1693
11
84.5407
12
84.9122
13
85.2836
14
85.6551
15
86.0265
16
86.3979
17
86.7694
18
87.1408
19
87.5123
20
87.8837
21
88.2552
22
88.6266
23
88.9981
24
89.3695
25
89.741
26
90.1124
27
90.4839
28
90.8553
29
91.2268
30
91.5982
31
91.9696
32
92.3411
33
92.7125
34
93.084
35
93.4554
36
93.8269
37
94.1983
38
94.5698
39
94.9412
40
95.3127
41
95.6841
42
96.0556
43
96.427
44
96.7985
45
97.1699
46
97.5414
47
97.9128
48
98.2842
49
98.6557
50
99.0271
51
99.3986
52
99.77
53
100.141
54
100.513
55
100.884
56
101.256
57
101.627
58
101.999
59
102.37
60
102.742
61
103.113
62
103.485
63
103.856
64
104.227
65
104.599
66
104.97
67
105.342
68
105.713
69
106.085
70
106.456
71
106.828
72
107.199
73
107.57
74
107.942
75
108.313
76
108.685
77
109.056
78
109.428
79
109.799
80
110.171
81
110.542
82
110.913
83
111.285
84
111.656
85
112.028
86
112.399
87
112.771
88
113.142
89
113.514
90
113.885
91
114.256
92
114.628
93
114.999
94
115.371
95
115.742
96
116.114
97
116.485
98
116.857
99
117.228
100
117.599
101
117.971
102
118.342
103
118.714
104
119.085
105
119.457
106
119.828
107
120.2
108
120.571
109
120.943
110
121.314
111
121.685
112
122.057
113
122.428
114
122.8
115
123.171
116
123.543
117
123.914
118
124.286
119
124.657
120
125.028
121
125.4
122
125.771
123
126.143
124
126.514
125
126.886
126
127.257
127
127.629
128
128
129
128.371
130
128.743
131
129.114
132
129.486
133
129.857
134
130.229
135
130.6
136
130.972
137
131.343
138
131.714
139
132.086
140
132.457
141
132.829
142
133.2
143
133.572
144
133.943
145
134.315
146
134.686
147
135.057
148
135.429
149
135.8
150
136.172
151
136.543
152
136.915
153
137.286
154
137.658
155
138.029
156
138.401
157
138.772
158
139.143
159
139.515
160
139.886
161
140.258
162
140.629
163
141.001
164
141.372
165
141.744
166
142.115
167
142.486
168
142.858
169
143.229
170
143.601
171
143.972
172
144.344
173
144.715
174
145.087
175
145.458
176
145.829
177
146.201
178
146.572
179
146.944
180
147.315
181
147.687
182
148.058
183
148.43
184
148.801
185
149.172
186
149.544
187
149.915
188
150.287
189
150.658
190
151.03
191
151.401
192
151.773
193
152.144
194
152.515
195
152.887
196
153.258
197
153.63
198
154.001
199
154.373
200
154.744
201
155.116
202
155.487
203
155.859
204
156.23
205
156.601
206
156.973
207
157.344
208
157.716
209
158.087
210
158.459
211
158.83
212
159.202
213
159.573
214
159.944
215
160.316
216
160.687
217
161.059
218
161.43
219
161.802
220
162.173
221
162.545
222
162.916
223
163.287
224
163.659
225
164.03
226
164.402
227
164.773
228
165.145
229
165.516
230
165.888
231
166.259
232
166.63
233
167.002
234
167.373
235
167.745
236
168.116
237
168.488
238
168.859
239
169.231
240
169.602
241
169.974
242
170.345
243
170.716
244
171.088
245
171.459
246
171.831
247
172.202
248
172.574
249
172.945
250
173.317
251
173.688
252
174.059
253
174.431
254
174.802
255
175.174
256
175.545
1.3596
63
3.30791
64
5.25622
65
7.20454
66
9.15285
67
11.1012
68
13.0495
69
14.9978
70
16.9461
71
18.8944
72
20.8427
73
22.791
74
24.7394
75
26.6877
76
28.636
77
30.5843
78
32.5326
79
34.4809
80
36.4292
81
38.3776
82
40.3259
83
42.2742
84
44.2225
85
46.1708
86
48.1191
87
50.0674
88
52.0158
89
53.9641
90
55.9124
91
57.8607
92
59.809
93
61.7573
94
63.7056
95
65.654
96
67.6023
97
69.5506
98
71.4989
99
73.4472
100
75.3955
101
77.3438
102
79.2922
103
81.2405
104
83.1888
105
85.1371
106
87.0854
107
89.0337
108
90.982
109
92.9303
110
94.8787
111
96.827
112
98.7753
113
100.724
114
102.672
115
104.62
116
106.569
117
108.517
118
110.465
119
112.413
120
114.362
121
116.31
122
118.258
123
120.207
124
122.155
125
124.103
126
126.052
127
128
128
129.948
129
131.897
130
133.845
131
135.793
132
137.742
133
139.69
134
141.638
135
143.587
136
145.535
137
147.483
138
149.431
139
151.38
140
153.328
141
155.276
142
157.225
143
159.173
144
161.121
145
163.07
146
165.018
147
166.966
148
168.915
149
170.863
150
172.811
151
174.76
152
176.708
153
178.656
154
180.604
155
182.553
156
184.501
157
186.449
158
188.398
159
190.346
160
192.294
161
194.243
162
196.191
163
198.139
164
200.088
165
202.036
166
203.984
167
205.933
168
207.881
169
209.829
170
211.777
171
213.726
172
215.674
173
217.622
174
219.571
175
221.519
176
223.467
177
225.416
178
227.364
179
229.312
180
231.261
181
233.209
182
235.157
183
237.106
184
239.054
185
241.002
186
242.951
187
244.899
188
246.847
189
248.795
190
250.744
191
252.692
192
254.64
193
0
62.3022
1
62.8154
2
63.3287
3
63.842
4
64.3552
5
64.8685
6
65.3818
7
65.895
8
66.4083
9
66.9215
10
67.4348
11
67.9481
12
68.4613
13
68.9746
14
69.4879
15
70.0011
16
70.5144
17
71.0277
18
71.5409
19
72.0542
20
72.5675
21
73.0807
22
73.594
23
74.1072
24
74.6205
25
75.1338
26
75.647
27
76.1603
28
76.6736
29
77.1868
30
77.7001
31
78.2134
32
78.7266
33
79.2399
34
79.7532
35
80.2664
36
80.7797
37
81.2929
38
81.8062
39
82.3195
40
82.8327
41
83.346
42
83.8593
43
84.3725
44
84.8858
45
85.3991
46
85.9123
47
86.4256
48
86.9389
49
87.4521
50
87.9654
51
88.4786
52
88.9919
53
89.5052
54
90.0184
55
90.5317
56
91.045
57
91.5582
58
92.0715
59
92.5848
60
93.098
61
93.6113
62
94.1246
63
94.6378
64
95.1511
65
95.6643
66
96.1776
67
96.6909
68
97.2041
69
97.7174
70
98.2307
71
98.7439
72
99.2572
73
99.7705
74
100.284
75
100.797
76
101.31
77
101.824
78
102.337
79
102.85
80
103.363
81
103.877
82
104.39
83
104.903
84
105.416
85
105.93
86
106.443
87
106.956
88
107.469
89
107.983
90
108.496
91
109.009
92
109.522
93
110.036
94
110.549
95
111.062
96
111.576
97
112.089
98
112.602
99
113.115
100
113.629
101
114.142
102
114.655
103
115.168
104
115.682
105
116.195
106
116.708
107
117.221
108
117.735
109
118.248
110
118.761
111
119.275
112
119.788
113
120.301
114
120.814
115
121.328
116
121.841
117
122.354
118
122.867
119
123.381
120
123.894
121
124.407
122
124.92
123
125.434
124
125.947
125
126.46
126
126.973
127
127.487
128
128
129
128.513
130
129.027
131
129.54
132
130.053
133
130.566
134
131.08
135
131.593
136
132.106
137
132.619
138
133.133
139
133.646
140
134.159
141
134.672
142
135.186
143
135.699
144
136.212
145
136.725
146
137.239
147
137.752
148
138.265
149
138.779
150
139.292
151
139.805
152
140.318
153
140.832
154
141.345
155
141.858
156
142.371
157
142.885
158
143.398
159
143.911
160
144.424
161
144.938
162
145.451
163
145.964
164
146.478
165
146.991
166
147.504
167
148.017
168
148.531
169
149.044
170
149.557
171
150.07
172
150.584
173
151.097
174
151.61
175
152.123
176
152.637
177
153.15
178
153.663
179
154.176
180
154.69
181
155.203
182
155.716
183
156.23
184
156.743
185
157.256
186
157.769
187
158.283
188
158.796
189
159.309
190
159.822
191
160.336
192
160.849
193
161.362
194
161.875
195
162.389
196
162.902
197
163.415
198
163.929
199
164.442
200
164.955
201
165.468
202
165.982
203
166.495
204
167.008
205
167.521
206
168.035
207
168.548
208
169.061
209
169.574
210
170.088
211
170.601
212
171.114
213
171.627
214
172.141
215
172.654
216
173.167
217
173.681
218
174.194
219
174.707
220
175.22
221
175.734
222
176.247
223
176.76
224
177.273
225
177.787
226
178.3
227
178.813
228
179.326
229
179.84
230
180.353
231
180.866
232
181.379
233
181.893
234
182.406
235
182.919
236
183.433
237
183.946
238
184.459
239
184.972
240
185.486
241
185.999
242
186.512
243
187.025
244
187.539
245
188.052
246
188.565
247
189.078
248
189.592
249
190.105
250
190.618
251
191.132
252
191.645
253
192.158
254
192.671
255
193.185
256
193.698
0.318443
42
1.80311
43
3.28778
44
4.77245
45
6.25712
46
7.74179
47
9.22646
48
10.7111
49
12.1958
50
13.6805
51
15.1651
52
16.6498
53
18.1345
54
19.6191
55
21.1038
56
22.5885
57
24.0732
58
25.5578
59
27.0425
60
28.5272
61
30.0118
62
31.4965
63
32.9812
64
34.4658
65
35.9505
66
37.4352
67
38.9198
68
40.4045
69
41.8892
70
43.3739
71
44.8585
72
46.3432
73
47.8279
74
49.3125
75
50.7972
76
52.2819
77
53.7665
78
55.2512
79
56.7359
80
58.2205
81
59.7052
82
61.1899
83
62.6746
84
64.1592
85
65.6439
86
67.1286
87
68.6132
88
70.0979
89
71.5826
90
73.0672
91
74.5519
92
76.0366
93
77.5212
94
79.0059
95
80.4906
96
81.9753
97
83.4599
98
84.9446
99
86.4293
100
87.9139
101
89.3986
102
90.8833
103
92.3679
104
93.8526
105
95.3373
106
96.8219
107
98.3066
108
99.7913
109
101.276
110
102.761
111
104.245
112
105.73
113
107.215
114
108.699
115
110.184
116
111.669
117
113.153
118
114.638
119
116.123
120
117.607
121
119.092
122
120.577
123
122.061
124
123.546
125
125.031
126
126.515
127
128
128
129.485
129
130.969
130
132.454
131
133.939
132
135.423
133
136.908
134
138.393
135
139.877
136
141.362
137
142.847
138
144.331
139
145.816
140
147.301
141
148.785
142
150.27
143
151.755
144
153.239
145
154.724
146
156.209
147
157.693
148
159.178
149
160.663
150
162.147
151
163.632
152
165.117
153
166.601
154
168.086
155
169.571
156
171.055
157
172.54
158
174.025
159
175.509
160
176.994
161
178.479
162
179.963
163
181.448
164
182.933
165
184.417
166
185.902
167
187.387
168
188.871
169
190.356
170
191.841
171
193.325
172
194.81
173
196.295
174
197.779
175
199.264
176
200.749
177
202.233
178
203.718
179
205.203
180
206.687
181
208.172
182
209.657
183
211.141
184
212.626
185
214.111
186
215.595
187
217.08
188
218.565
189
220.049
190
221.534
191
223.019
192
224.504
193
225.988
194
227.473
195
228.958
196
230.442
197
231.927
198
233.412
199
234.896
200
236.381
201
237.866
202
239.35
203
240.835
204
242.32
205
243.804
206
245.289
207
246.774
208
248.258
209
249.743
210
251.228
211
252.712
212
254.197
213
255.682
214
0
41.7855
1
42.4591
2
43.1326
3
43.8062
4
44.4797
5
45.1533
6
45.8268
7
46.5004
8
47.1739
9
47.8475
10
48.521
11
49.1946
12
49.8681
13
50.5417
14
51.2152
15
51.8888
16
52.5623
17
53.2359
18
53.9094
19
54.583
20
55.2565
21
55.9301
22
56.6036
23
57.2772
24
57.9507
25
58.6243
26
59.2978
27
59.9714
28
60.6449
29
61.3185
30
61.992
31
62.6656
32
63.3391
33
64.0127
34
64.6862
35
65.3598
36
66.0333
37
66.7069
38
67.3804
39
68.054
40
68.7275
41
69.4011
42
70.0746
43
70.7482
44
71.4217
45
72.0953
46
72.7688
47
73.4424
48
74.1159
49
74.7895
50
75.463
51
76.1366
52
76.8101
53
77.4837
54
78.1572
55
78.8308
56
79.5044
57
80.1779
58
80.8515
59
81.525
60
82.1986
61
82.8721
62
83.5457
63
84.2192
64
84.8928
65
85.5663
66
86.2399
67
86.9134
68
87.587
69
88.2605
70
88.9341
71
89.6076
72
90.2812
73
90.9547
74
91.6283
75
92.3018
76
92.9754
77
93.6489
78
94.3225
79
94.996
80
95.6696
81
96.3431
82
97.0167
83
97.6902
84
98.3638
85
99.0373
86
99.7109
87
100.384
88
101.058
89
101.732
90
102.405
91
103.079
92
103.752
93
104.426
94
105.099
95
105.773
96
106.446
97
107.12
98
107.793
99
108.467
100
109.141
101
109.814
102
110.488
103
111.161
104
111.835
105
112.508
106
113.182
107
113.855
108
114.529
109
115.203
110
115.876
111
116.55
112
117.223
113
117.897
114
118.57
115
119.244
116
119.917
117
120.591
118
121.264
119
121.938
120
122.612
121
123.285
122
123.959
123
124.632
124
125.306
125
125.979
126
126.653
127
127.326
128
128
129
128.674
130
129.347
131
130.021
132
130.694
133
131.368
134
132.041
135
132.715
136
133.388
137
134.062
138
134.736
139
135.409
140
136.083
141
136.756
142
137.43
143
138.103
144
138.777
145
139.45
146
140.124
147
140.797
148
141.471
149
142.145
150
142.818
151
143.492
152
144.165
153
144.839
154
145.512
155
146.186
156
146.859
157
147.533
158
148.207
159
148.88
160
149.554
161
150.227
162
150.901
163
151.574
164
152.248
165
152.921
166
153.595
167
154.268
168
154.942
169
155.616
170
156.289
171
156.963
172
157.636
173
158.31
174
158.983
175
159.657
176
160.33
177
161.004
178
161.678
179
162.351
180
163.025
181
163.698
182
164.372
183
165.045
184
165.719
185
166.392
186
167.066
187
167.739
188
168.413
189
169.087
190
169.76
191
170.434
192
171.107
193
171.781
194
172.454
195
173.128
196
173.801
197
174.475
198
175.149
199
175.822
200
176.496
201
177.169
202
177.843
203
178.516
204
179.19
205
179.863
206
180.537
207
181.211
208
181.884
209
182.558
210
183.231
211
183.905
212
184.578
213
185.252
214
185.925
215
186.599
216
187.272
217
187.946
218
188.62
219
189.293
220
189.967
221
190.64
222
191.314
223
191.987
224
192.661
225
193.334
226
194.008
227
194.682
228
195.355
229
196.029
230
196.702
231
197.376
232
198.049
233
198.723
234
199.396
235
200.07
236
200.743
237
201.417
238
202.091
239
202.764
240
203.438
241
204.111
242
204.785
243
205.458
244
206.132
245
206.805
246
207.479
247
208.153
248
208.826
249
209.5
250
210.173
251
210.847
252
211.52
253
212.194
254
212.867
255
213.541
256
214.214
0.359967
18
1.52033
19
2.68069
20
3.84106
21
5.00142
22
6.16179
23
7.32215
24
8.48251
25
9.64288
26
10.8032
27
11.9636
28
13.124
29
14.2843
30
15.4447
31
16.6051
32
17.7654
33
18.9258
34
20.0862
35
21.2465
36
22.4069
37
23.5672
38
24.7276
39
25.888
40
27.0483
41
28.2087
42
29.3691
43
30.5294
44
31.6898
45
32.8502
46
34.0105
47
35.1709
48
36.3312
49
37.4916
50
38.652
51
39.8123
52
40.9727
53
42.1331
54
43.2934
55
44.4538
56
45.6142
57
46.7745
58
47.9349
59
49.0953
60
50.2556
61
51.416
62
52.5763
63
53.7367
64
54.8971
65
56.0574
66
57.2178
67
58.3782
68
59.5385
69
60.6989
70
61.8593
71
63.0196
72
64.18
73
65.3403
74
66.5007
75
67.6611
76
68.8214
77
69.9818
78
71.1422
79
72.3025
80
73.4629
81
74.6233
82
75.7836
83
76.944
84
78.1044
85
79.2647
86
80.4251
87
81.5854
88
82.7458
89
83.9062
90
85.0665
91
86.2269
92
87.3873
93
88.5476
94
89.708
95
90.8684
96
92.0287
97
93.1891
98
94.3494
99
95.5098
100
96.6702
101
97.8305
102
98.9909
103
100.151
104
101.312
105
102.472
106
103.632
107
104.793
108
105.953
109
107.113
110
108.274
111
109.434
112
110.595
113
111.755
114
112.915
115
114.076
116
115.236
117
116.396
118
117.557
119
118.717
120
119.877
121
121.038
122
122.198
123
123.359
124
124.519
125
125.679
126
126.84
127
128
128
129.16
129
130.321
130
131.481
131
132.641
132
133.802
133
134.962
134
136.123
135
137.283
136
138.443
137
139.604
138
140.764
139
141.924
140
143.085
141
144.245
142
145.405
143
146.566
144
147.726
145
148.887
146
150.047
147
151.207
148
152.368
149
153.528
150
154.688
151
155.849
152
157.009
153
158.169
154
159.33
155
160.49
156
161.651
157
162.811
158
163.971
159
165.132
160
166.292
161
167.452
162
168.613
163
169.773
164
170.933
165
172.094
166
173.254
167
174.415
168
175.575
169
176.735
170
177.896
171
179.056
172
180.216
173
181.377
174
182.537
175
183.697
176
184.858
177
186.018
178
187.179
179
188.339
180
189.499
181
190.66
182
191.82
183
192.98
184
194.141
185
195.301
186
196.461
187
197.622
188
198.782
189
199.943
190
201.103
191
202.263
192
203.424
193
204.584
194
205.744
195
206.905
196
208.065
197
209.225
198
210.386
199
211.546
200
212.707
201
213.867
202
215.027
203
216.188
204
217.348
205
218.508
206
219.669
207
220.829
208
221.989
209
223.15
210
224.31
211
225.471
212
226.631
213
227.791
214
228.952
215
230.112
216
231.272
217
232.433
218
233.593
219
234.753
220
235.914
221
237.074
222
238.235
223
239.395
224
240.555
225
241.716
226
242.876
227
244.036
228
245.197
229
246.357
230
247.517
231
248.678
232
249.838
233
250.999
234
252.159
235
253.319
236
254.48
237
255.64
238
0
17.6898
1
18.5516
2
19.4134
3
20.2752
4
21.137
5
21.9988
6
22.8606
7
23.7224
8
24.5842
9
25.446
10
26.3078
11
27.1696
12
28.0314
13
28.8932
14
29.755
15
30.6168
16
31.4786
17
32.3404
18
33.2022
19
34.064
20
34.9258
21
35.7876
22
36.6493
23
37.5111
24
38.3729
25
39.2347
26
40.0965
27
40.9583
28
41.8201
29
42.6819
30
43.5437
31
44.4055
32
45.2673
33
46.1291
34
46.9909
35
47.8527
36
48.7145
37
49.5763
38
50.4381
39
51.2999
40
52.1617
41
53.0235
42
53.8853
43
54.7471
44
55.6089
45
56.4707
46
57.3325
47
58.1943
48
59.0561
49
59.9179
50
60.7797
51
61.6415
52
62.5033
53
63.3651
54
64.2269
55
65.0887
56
65.9505
57
66.8123
58
67.6741
59
68.5359
60
69.3977
61
70.2595
62
71.1213
63
71.9831
64
72.8449
65
73.7067
66
74.5685
67
75.4303
68
76.2921
69
77.1539
70
78.0157
71
78.8775
72
79.7393
73
80.6011
74
81.4629
75
82.3247
76
83.1865
77
84.0483
78
84.9101
79
85.7719
80
86.6337
81
87.4955
82
88.3573
83
89.2191
84
90.0809
85
90.9427
86
91.8045
87
92.6663
88
93.5281
89
94.3899
90
95.2517
91
96.1135
92
96.9753
93
97.837
94
98.6988
95
99.5606
96
100.422
97
101.284
98
102.146
99
103.008
100
103.87
101
104.731
102
105.593
103
106.455
104
107.317
105
108.179
106
109.04
107
109.902
108
110.764
109
111.626
110
112.488
111
113.349
112
114.211
113
115.073
114
115.935
115
116.797
116
117.658
117
118.52
118
119.382
119
120.244
120
121.106
121
121.967
122
122.829
123
123.691
124
124.553
125
125.415
126
126.276
127
127.138
128
128
129
128.862
130
129.724
131
130.585
132
131.447
133
132.309
134
133.171
135
134.033
136
134.894
137
135.756
138
136.618
139
137.48
140
138.342
141
139.203
142
140.065
143
140.927
144
141.789
145
142.651
146
143.512
147
144.374
148
145.236
149
146.098
150
146.96
151
147.821
152
148.683
153
149.545
154
150.407
155
151.269
156
152.13
157
152.992
158
153.854
159
154.716
160
155.578
161
156.439
162
157.301
163
158.163
164
159.025
165
159.887
166
160.748
167
161.61
168
162.472
169
163.334
170
164.196
171
165.057
172
165.919
173
166.781
174
167.643
175
168.505
176
169.366
177
170.228
178
171.09
179
171.952
180
172.814
181
173.675
182
174.537
183
175.399
184
176.261
185
177.123
186
177.984
187
178.846
188
179.708
189
180.57
190
181.432
191
182.293
192
183.155
193
184.017
194
184.879
195
185.741
196
186.602
197
187.464
198
188.326
199
189.188
200
190.049
201
190.911
202
191.773
203
192.635
204
193.497
205
194.358
206
195.22
207
196.082
208
196.944
209
197.806
210
198.667
211
199.529
212
200.391
213
201.253
214
202.115
215
202.976
216
203.838
217
204.7
218
205.562
219
206.424
220
207.285
221
208.147
222
209.009
223
209.871
224
210.733
225
211.594
226
212.456
227
213.318
228
214.18
229
215.042
230
215.903
231
216.765
232
217.627
233
218.489
234
219.351
235
220.212
236
221.074
237
221.936
238
222.798
239
223.66
240
224.521
241
225.383
242
226.245
243
227.107
244
227.969
245
228.83
246
229.692
247
230.554
248
231.416
249
232.278
250
233.139
251
234.001
252
234.863
253
235.725
254
236.587
255
237.448
256
238.31
10.9033
0
11.8181
1
12.733
2
13.6478
3
14.5626
4
15.4774
5
16.3922
6
17.307
7
18.2219
8
19.1367
9
20.0515
10
20.9663
11
21.8811
12
22.796
13
23.7108
14
24.6256
15
25.5404
16
26.4552
17
27.37
18
28.2849
19
29.1997
20
30.1145
21
31.0293
22
31.9441
23
32.859
24
33.7738
25
34.6886
26
35.6034
27
36.5182
28
37.433
29
38.3479
30
39.2627
31
40.1775
32
41.0923
33
42.0071
34
42.9219
35
43.8368
36
44.7516
37
45.6664
38
46.5812
39
47.496
40
48.4109
41
49.3257
42
50.2405
43
51.1553
44
52.0701
45
52.9849
46
53.8998
47
54.8146
48
55.7294
49
56.6442
50
57.559
51
58.4738
52
59.3887
53
60.3035
54
61.2183
55
62.1331
56
63.0479
57
63.9628
58
64.8776
59
65.7924
60
66.7072
61
67.622
62
68.5368
63
69.4517
64
70.3665
65
71.2813
66
72.1961
67
73.1109
68
74.0258
69
74.9406
70
75.8554
71
76.7702
72
77.685
73
78.5998
74
79.5147
75
80.4295
76
81.3443
77
82.2591
78
83.1739
79
84.0887
80
85.0036
81
85.9184
82
86.8332
83
87.748
84
88.6628
85
89.5777
86
90.4925
87
91.4073
88
92.3221
89
93.2369
90
94.1517
91
95.0666
92
95.9814
93
96.8962
94
97.811
95
98.7258
96
99.6406
97
100.555
98
101.47
99
102.385
100
103.3
101
104.215
102
105.13
103
106.044
104
106.959
105
107.874
106
108.789
107
109.704
108
110.618
109
111.533
110
112.448
111
113.363
112
114.278
113
115.193
114
116.107
115
117.022
116
117.937
117
118.852
118
119.767
119
120.681
120
121.596
121
122.511
122
123.426
123
124.341
124
125.256
125
126.17
126
127.085
127
128
128
128.915
129
129.83
130
130.744
131
131.659
132
132.574
133
133.489
134
134.404
135
135.319
136
136.233
137
137.148
138
138.063
139
138.978
140
139.893
141
140.807
142
141.722
143
142.637
144
143.552
145
144.467
146
145.382
147
146.296
148
147.211
149
148.126
150
149.041
151
149.956
152
150.87
153
151.785
154
152.7
155
153.615
156
154.53
157
155.445
158
156.359
159
157.274
160
158.189
161
159.104
162
160.019
163
160.933
164
161.848
165
162.763
166
163.678
167
164.593
168
165.508
169
166.422
170
167.337
171
168.252
172
169.167
173
170.082
174
170.996
175
171.911
176
172.826
177
173.741
178
174.656
179
175.571
180
176.485
181
177.4
182
178.315
183
179.23
184
180.145
185
181.059
186
181.974
187
182.889
188
183.804
189
184.719
190
185.634
191
186.548
192
187.463
193
188.378
194
189.293
195
190.208
196
191.122
197
192.037
198
192.952
199
193.867
200
194.782
201
195.697
202
196.611
203
197.526
204
198.441
205
199.356
206
200.271
207
201.185
208
202.1
209
203.015
210
203.93
211
204.845
212
205.76
213
206.674
214
207.589
215
208.504
216
209.419
217
210.334
218
211.248
219
212.163
220
213.078
221
213.993
222
214.908
223
215.823
224
216.737
225
217.652
226
218.567
227
219.482
228
220.397
229
221.311
230
222.226
231
223.141
232
224.056
233
224.971
234
225.886
235
226.8
236
227.715
237
228.63
238
229.545
239
230.46
240
231.374
241
232.289
242
233.204
243
234.119
244
235.034
245
235.948
246
236.863
247
237.778
248
238.693
249
239.608
250
240.523
251
241.437
252
242.352
253
243.267
254
244.182
255
245.097
256
11
0.105678
12
1.19879
13
2.29191
14
3.38502
15
4.47813
16
5.57125
17
6.66436
18
7.75747
19
8.85059
20
9.9437
21
11.0368
22
12.1299
23
13.223
24
14.3162
25
15.4093
26
16.5024
27
17.5955
28
18.6886
29
19.7817
30
20.8748
31
21.968
32
23.0611
33
24.1542
34
25.2473
35
26.3404
36
27.4335
37
28.5266
38
29.6198
39
30.7129
40
31.806
41
32.8991
42
33.9922
43
35.0853
44
36.1784
45
37.2715
46
38.3647
47
39.4578
48
40.5509
49
41.644
50
42.7371
51
43.8302
52
44.9233
53
46.0165
54
47.1096
55
48.2027
56
49.2958
57
50.3889
58
51.482
59
52.5751
60
53.6683
61
54.7614
62
55.8545
63
56.9476
64
58.0407
65
59.1338
66
60.2269
67
61.3201
68
62.4132
69
63.5063
70
64.5994
71
65.6925
72
66.7856
73
67.8787
74
68.9719
75
70.065
76
71.1581
77
72.2512
78
73.3443
79
74.4374
80
75.5305
81
76.6236
82
77.7168
83
78.8099
84
79.903
85
80.9961
86
82.0892
87
83.1823
88
84.2754
89
85.3686
90
86.4617
91
87.5548
92
88.6479
93
89.741
94
90.8341
95
91.9272
96
93.0204
97
94.1135
98
95.2066
99
96.2997
100
97.3928
101
98.4859
102
99.579
103
100.672
104
101.765
105
102.858
106
103.951
107
105.045
108
106.138
109
107.231
110
108.324
111
109.417
112
110.51
113
111.603
114
112.696
115
113.79
116
114.883
117
115.976
118
117.069
119
118.162
120
119.255
121
120.348
122
121.441
123
122.534
124
123.628
125
124.721
126
125.814
127
126.907
128
128
129
129.093
130
130.186
131
131.279
132
132.372
133
133.466
134
134.559
135
135.652
136
136.745
137
137.838
138
138.931
139
140.024
140
141.117
141
142.21
142
143.304
143
144.397
144
145.49
145
146.583
146
147.676
147
148.769
148
149.862
149
150.955
150
152.049
151
153.142
152
154.235
153
155.328
154
156.421
155
157.514
156
158.607
157
159.7
158
160.793
159
161.887
160
162.98
161
164.073
162
165.166
163
166.259
164
167.352
165
168.445
166
169.538
167
170.631
168
171.725
169
172.818
170
173.911
171
175.004
172
176.097
173
177.19
174
178.283
175
179.376
176
180.469
177
181.563
178
182.656
179
183.749
180
184.842
181
185.935
182
187.028
183
188.121
184
189.214
185
190.307
186
191.401
187
192.494
188
193.587
189
194.68
190
195.773
191
196.866
192
197.959
193
199.052
194
200.146
195
201.239
196
202.332
197
203.425
198
204.518
199
205.611
200
206.704
201
207.797
202
208.89
203
209.984
204
211.077
205
212.17
206
213.263
207
214.356
208
215.449
209
216.542
210
217.635
211
218.728
212
219.822
213
220.915
214
222.008
215
223.101
216
224.194
217
225.287
218
226.38
219
227.473
220
228.566
221
229.66
222
230.753
223
231.846
224
232.939
225
234.032
226
235.125
227
236.218
228
237.311
229
238.405
230
239.498
231
240.591
232
241.684
233
242.777
234
243.87
235
244.963
236
246.056
237
247.149
238
248.243
239
249.336
240
250.429
241
251.522
242
252.615
243
253.708
244
254.801
245
255.894
36.1568
1.42109e-14
36.8744
1
37.5919
2
38.3094
3
39.0269
4
39.7445
5
40.462
6
41.1795
7
41.897
8
42.6145
9
43.3321
10
44.0496
11
44.7671
12
45.4846
13
46.2022
14
46.9197
15
47.6372
16
48.3547
17
49.0723
18
49.7898
19
50.5073
20
51.2248
21
51.9424
22
52.6599
23
53.3774
24
54.0949
25
54.8125
26
55.53
27
56.2475
28
56.965
29
57.6826
30
58.4001
31
59.1176
32
59.8351
33
60.5527
34
61.2702
35
61.9877
36
62.7052
37
63.4228
38
64.1403
39
64.8578
40
65.5753
41
66.2929
42
67.0104
43
67.7279
44
68.4454
45
69.163
46
69.8805
47
70.598
48
71.3155
49
72.0331
50
72.7506
51
73.4681
52
74.1856
53
74.9032
54
75.6207
55
76.3382
56
77.0557
57
77.7733
58
78.4908
59
79.2083
60
79.9258
61
80.6434
62
81.3609
63
82.0784
64
82.7959
65
83.5135
66
84.231
67
84.9485
68
85.666
69
86.3836
70
87.1011
71
87.8186
72
88.5361
73
89.2537
74
89.9712
75
90.6887
76
91.4062
77
92.1238
78
92.8413
79
93.5588
80
94.2763
81
94.9939
82
95.7114
83
96.4289
84
97.1464
85
97.864
86
98.5815
87
99.299
88
100.017
89
100.734
90
101.452
91
102.169
92
102.887
93
103.604
94
104.322
95
105.039
96
105.757
97
106.474
98
107.192
99
107.909
100
108.627
101
109.344
102
110.062
103
110.779
104
111.497
105
112.214
106
112.932
107
113.65
108
114.367
109
115.085
110
115.802
111
116.52
112
117.237
113
117.955
114
118.672
115
119.39
116
120.107
117
120.825
118
121.542
119
122.26
120
122.977
121
123.695
122
124.412
123
125.13
124
125.847
125
126.565
126
127.282
127
128
128
128.718
129
129.435
130
130.153
131
130.87
132
131.588
133
132.305
134
133.023
135
133.74
136
134.458
137
135.175
138
135.893
139
136.61
140
137.328
141
138.045
142
138.763
143
139.48
144
140.198
145
140.915
146
141.633
147
142.35
148
143.068
149
143.786
150
144.503
151
145.221
152
145.938
153
146.656
154
147.373
155
148.091
156
148.808
157
149.526
158
150.243
159
150.961
160
151.678
161
152.396
162
153.113
163
153.831
164
154.548
165
155.266
166
155.983
167
156.701
168
157.419
169
158.136
170
158.854
171
159.571
172
160.289
173
161.006
174
161.724
175
162.441
176
163.159
177
163.876
178
164.594
179
165.311
180
166.029
181
166.746
182
167.464
183
168.181
184
168.899
185
169.616
186
170.334
187
171.051
188
171.769
189
172.487
190
173.204
191
173.922
192
174.639
193
175.357
194
176.074
195
176.792
196
177.509
197
178.227
198
178.944
199
179.662
200
180.379
201
181.097
202
181.814
203
182.532
204
183.249
205
183.967
206
184.684
207
185.402
208
186.12
209
186.837
210
187.555
211
188.272
212
188.99
213
189.707
214
190.425
215
191.142
216
191.86
217
192.577
218
193.295
219
194.012
220
194.73
221
195.447
222
196.165
223
196.882
224
197.6
225
198.317
226
199.035
227
199.752
228
200.47
229
201.188
230
201.905
231
202.623
232
203.34
233
204.058
234
204.775
235
205.493
236
206.21
237
206.928
238
207.645
239
208.363
240
209.08
241
209.798
242
210.515
243
211.233
244
211.95
245
212.668
246
213.385
247
214.103
248
214.82
249
215.538
250
216.256
251
216.973
252
217.691
253
218.408
254
219.126
255
219.843
256
37
1.17511
38
2.56879
39
3.96247
40
5.35615
41
6.74983
42
8.14351
43
9.53719
44
10.9309
45
12.3246
46
13.7182
47
15.1119
48
16.5056
49
17.8993
50
19.293
51
20.6866
52
22.0803
53
23.474
54
24.8677
55
26.2614
56
27.655
57
29.0487
58
30.4424
59
31.8361
60
33.2298
61
34.6234
62
36.0171
63
37.4108
64
38.8045
65
40.1982
66
41.5918
67
42.9855
68
44.3792
69
45.7729
70
47.1666
71
48.5602
72
49.9539
73
51.3476
74
52.7413
75
54.135
76
55.5286
77
56.9223
78
58.316
79
59.7097
80
61.1034
81
62.497
82
63.8907
83
65.2844
84
66.6781
85
68.0718
86
69.4654
87
70.8591
88
72.2528
89
73.6465
90
75.0402
91
76.4338
92
77.8275
93
79.2212
94
80.6149
95
82.0086
96
83.4022
97
84.7959
98
86.1896
99
87.5833
100
88.977
101
90.3706
102
91.7643
103
93.158
104
94.5517
105
95.9454
106
97.339
107
98.7327
108
100.126
109
101.52
110
102.914
111
104.307
112
105.701
113
107.095
114
108.488
115
109.882
116
111.276
117
112.67
118
114.063
119
115.457
120
116.851
121
118.244
122
119.638
123
121.032
124
122.425
125
123.819
126
125.213
127
126.606
128
128
129
129.394
130
130.787
131
132.181
132
133.575
133
134.968
134
136.362
135
137.756
136
139.149
137
140.543
138
141.937
139
143.33
140
144.724
141
146.118
142
147.512
143
148.905
144
150.299
145
151.693
146
153.086
147
154.48
148
155.874
149
157.267
150
158.661
151
160.055
152
161.448
153
162.842
154
164.236
155
165.629
156
167.023
157
168.417
158
169.81
159
171.204
160
172.598
161
173.991
162
175.385
163
176.779
164
178.172
165
179.566
166
180.96
167
182.354
168
183.747
169
185.141
170
186.535
171
187.928
172
189.322
173
190.716
174
192.109
175
193.503
176
194.897
177
196.29
178
197.684
179
199.078
180
200.471
181
201.865
182
203.259
183
204.652
184
206.046
185
207.44
186
208.833
187
210.227
188
211.621
189
213.014
190
214.408
191
215.802
192
217.196
193
218.589
194
219.983
195
221.377
196
222.77
197
224.164
198
225.558
199
226.951
200
228.345
201
229.739
202
231.132
203
232.526
204
233.92
205
235.313
206
236.707
207
238.101
208
239.494
209
240.888
210
242.282
211
243.675
212
245.069
213
246.463
214
247.856
215
249.25
216
250.644
217
252.038
218
253.431
219
254.825
57.4337
0
57.985
1
58.5363
2
59.0876
3
59.6389
4
60.1902
5
60.7415
6
61.2928
7
61.8441
8
62.3954
9
62.9467
10
63.498
11
64.0493
12
64.6006
13
65.1519
14
65.7032
15
66.2545
16
66.8058
17
67.3571
18
67.9084
19
68.4597
20
69.011
21
69.5623
22
70.1136
23
70.6649
24
71.2162
25
71.7675
26
72.3188
27
72.8701
28
73.4214
29
73.9727
30
74.524
31
75.0753
32
75.6266
33
76.1779
34
76.7292
35
77.2804
36
77.8317
37
78.383
38
78.9343
39
79.4856
40
80.0369
41
80.5882
42
81.1395
43
81.6908
44
82.2421
45
82.7934
46
83.3447
47
83.896
48
84.4473
49
84.9986
50
85.5499
51
86.1012
52
86.6525
53
87.2038
54
87.7551
55
88.3064
56
88.8577
57
89.409
58
89.9603
59
90.5116
60
91.0629
61
91.6142
62
92.1655
63
92.7168
64
93.2681
65
93.8194
66
94.3707
67
94.922
68
95.4733
69
96.0246
70
96.5759
71
97.1272
72
97.6785
73
98.2298
74
98.7811
75
99.3324
76
99.8837
77
100.435
78
100.986
79
101.538
80
102.089
81
102.64
82
103.192
83
103.743
84
104.294
85
104.845
86
105.397
87
105.948
88
106.499
89
107.051
90
107.602
91
108.153
92
108.705
93
109.256
94
109.807
95
110.358
96
110.91
97
111.461
98
112.012
99
112.564
100
113.115
101
113.666
102
114.218
103
114.769
104
115.32
105
115.871
106
116.423
107
116.974
108
117.525
109
118.077
110
118.628
111
119.179
112
119.731
113
120.282
114
120.833
115
121.384
116
121.936
117
122.487
118
123.038
119
123.59
120
124.141
121
124.692
122
125.244
123
125.795
124
126.346
125
126.897
126
127.449
127
128
128
128.551
129
129.103
130
129.654
131
130.205
132
130.756
133
131.308
134
131.859
135
132.41
136
132.962
137
133.513
138
134.064
139
134.616
140
135.167
141
135.718
142
136.269
143
136.821
144
137.372
145
137.923
146
138.475
147
139.026
148
139.577
149
140.129
150
140.68
151
141.231
152
141.782
153
142.334
154
142.885
155
143.436
156
143.988
157
144.539
158
145.09
159
145.642
160
146.193
161
146.744
162
147.295
163
147.847
164
148.398
165
148.949
166
149.501
167
150.052
168
150.603
169
151.155
170
151.706
171
152.257
172
152.808
173
153.36
174
153.911
175
154.462
176
155.014
177
155.565
178
156.116
179
156.668
180
157.219
181
157.77
182
158.321
183
158.873
184
159.424
185
159.975
186
160.527
187
161.078
188
161.629
189
162.181
190
162.732
191
163.283
192
163.834
193
164.386
194
164.937
195
165.488
196
166.04
197
166.591
198
167.142
199
167.694
200
168.245
201
168.796
202
169.347
203
169.899
204
170.45
205
171.001
206
171.553
207
172.104
208
172.655
209
173.207
210
173.758
211
174.309
212
174.86
213
175.412
214
175.963
215
176.514
216
177.066
217
177.617
218
178.168
219
178.72
220
179.271
221
179.822
222
180.373
223
180.925
224
181.476
225
182.027
226
182.579
227
183.13
228
183.681
229
184.233
230
184.784
231
185.335
232
185.886
233
186.438
234
186.989
235
187.54
236
188.092
237
188.643
238
189.194
239
189.746
240
190.297
241
190.848
242
191.399
243
191.951
244
192.502
245
193.053
246
193.605
247
194.156
248
194.707
249
195.259
250
195.81
251
196.361
252
196.912
253
197.464
254
198.015
255
198.566
256
58
1.02727
59
2.84116
60
4.65506
61
6.46895
62
8.28285
63
10.0967
64
11.9106
65
13.7245
66
15.5384
67
17.3523
68
19.1662
69
20.9801
70
22.794
71
24.6079
72
26.4218
73
28.2357
74
30.0496
75
31.8635
76
33.6774
77
35.4913
78
37.3052
79
39.1191
80
40.933
81
42.7469
82
44.5608
83
46.3747
84
48.1886
85
50.0025
86
51.8164
87
53.6303
88
55.4442
89
57.258
90
59.0719
91
60.8858
92
62.6997
93
64.5136
94
66.3275
95
68.1414
96
69.9553
97
71.7692
98
73.5831
99
75.397
100
77.2109
101
79.0248
102
80.8387
103
82.6526
104
84.4665
105
86.2804
106
88.0943
107
89.9082
108
91.7221
109
93.536
110
95.3499
111
97.1638
112
98.9777
113
100.792
114
102.605
115
104.419
116
106.233
117
108.047
118
109.861
119
111.675
120
113.489
121
115.303
122
117.117
123
118.931
124
120.744
125
122.558
126
124.372
127
126.186
128
128
129
129.814
130
131.628
131
133.442
132
135.256
133
137.069
134
138.883
135
140.697
136
142.511
137
144.325
138
146.139
139
147.953
140
149.767
141
151.581
142
153.395
143
155.208
144
157.022
145
158.836
146
160.65
147
162.464
148
164.278
149
166.092
150
167.906
151
169.72
152
171.534
153
173.347
154
175.161
155
176.975
156
178.789
157
180.603
158
182.417
159
184.231
160
186.045
161
187.859
162
189.672
163
191.486
164
193.3
165
195.114
166
196.928
167
198.742
168
200.556
169
202.37
170
204.184
171
205.998
172
207.811
173
209.625
174
211.439
175
213.253
176
215.067
177
216.881
178
218.695
179
220.509
180
222.323
181
224.136
182
225.95
183
227.764
184
229.578
185
231.392
186
233.206
187
235.02
188
236.834
189
238.648
190
240.462
191
242.275
192
244.089
193
245.903
194
247.717
195
249.531
196
251.345
197
253.159
198
254.973
76.0884
0
76.494
1
76.8995
2
77.3051
3
77.7106
4
78.1162
5
78.5218
6
78.9273
7
79.3329
8
79.7384
9
80.144
10
80.5496
11
80.9551
12
81.3607
13
81.7662
14
82.1718
15
82.5774
16
82.9829
17
83.3885
18
83.794
19
84.1996
20
84.6052
21
85.0107
22
85.4163
23
85.8218
24
86.2274
25
86.633
26
87.0385
27
87.4441
28
87.8496
29
88.2552
30
88.6607
31
89.0663
32
89.4719
33
89.8774
34
90.283
35
90.6885
36
91.0941
37
91.4997
38
91.9052
39
92.3108
40
92.7163
41
93.1219
42
93.5275
43
93.933
44
94.3386
45
94.7441
46
95.1497
47
95.5553
48
95.9608
49
96.3664
50
96.7719
51
97.1775
52
97.5831
53
97.9886
54
98.3942
55
98.7997
56
99.2053
57
99.6108
58
100.016
59
100.422
60
100.828
61
101.233
62
101.639
63
102.044
64
102.45
65
102.855
66
103.261
67
103.666
68
104.072
69
104.478
70
104.883
71
105.289
72
105.694
73
106.1
74
106.505
75
106.911
76
107.316
77
107.722
78
108.128
79
108.533
80
108.939
81
109.344
82
109.75
83
110.155
84
110.561
85
110.967
86
111.372
87
111.778
88
112.183
89
112.589
90
112.994
91
113.4
92
113.805
93
114.211
94
114.617
95
115.022
96
115.428
97
115.833
98
116.239
99
116.644
100
117.05
101
117.455
102
117.861
103
118.267
104
118.672
105
119.078
106
119.483
107
119.889
108
120.294
109
120.7
110
121.105
111
121.511
112
121.917
113
122.322
114
122.728
115
123.133
116
123.539
117
123.944
118
124.35
119
124.756
120
125.161
121
125.567
122
125.972
123
126.378
124
126.783
125
127.189
126
127.594
127
128
128
128.406
129
128.811
130
129.217
131
129.622
132
130.028
133
130.433
134
130.839
135
131.244
136
131.65
137
132.056
138
132.461
139
132.867
140
133.272
141
133.678
142
134.083
143
134.489
144
134.895
145
135.3
146
135.706
147
136.111
148
136.517
149
136.922
150
137.328
151
137.733
152
138.139
153
138.545
154
138.95
155
139.356
156
139.761
157
140.167
158
140.572
159
140.978
160
141.383
161
141.789
162
142.195
163
142.6
164
143.006
165
143.411
166
143.817
167
144.222
168
144.628
169
145.033
170
145.439
171
145.845
172
146.25
173
146.656
174
147.061
175
147.467
176
147.872
177
148.278
178
148.684
179
149.089
180
149.495
181
149.9
182
150.306
183
150.711
184
151.117
185
151.522
186
151.928
187
152.334
188
152.739
189
153.145
190
153.55
191
153.956
192
154.361
193
154.767
194
155.172
195
155.578
196
155.984
197
156.389
198
156.795
199
157.2
200
157.606
201
158.011
202
158.417
203
158.823
204
159.228
205
159.634
206
160.039
207
160.445
208
160.85
209
161.256
210
161.661
211
162.067
212
162.473
213
162.878
214
163.284
215
163.689
216
164.095
217
164.5
218
164.906
219
165.311
220
165.717
221
166.123
222
166.528
223
166.934
224
167.339
225
167.745
226
168.15
227
168.556
228
168.961
229
169.367
230
169.773
231
170.178
232
170.584
233
170.989
234
171.395
235
171.8
236
172.206
237
172.612
238
173.017
239
173.423
240
173.828
241
174.234
242
174.639
243
175.045
244
175.45
245
175.856
246
176.262
247
176.667
248
177.073
249
177.478
250
177.884
251
178.289
252
178.695
253
179.1
254
179.506
255
179.912
256
77
2.24773
78
4.71346
79
7.1792
80
9.64493
81
12.1107
82
14.5764
83
17.0421
84
19.5078
85
21.9736
86
24.4393
87
26.905
88
29.3708
89
31.8365
90
34.3022
91
36.768
92
39.2337
93
41.6994
94
44.1652
95
46.6309
96
49.0966
97
51.5623
98
54.0281
99
56.4938
100
58.9595
101
61.4253
102
63.891
103
66.3567
104
68.8225
105
71.2882
106
73.7539
107
76.2197
108
78.6854
109
81.1511
110
83.6168
111
86.0826
112
88.5483
113
91.014
114
93.4798
115
95.9455
116
98.4112
117
100.877
118
103.343
119
105.808
120
108.274
121
110.74
122
113.206
123
115.671
124
118.137
125
120.603
126
123.069
127
125.534
128
128
129
130.466
130
132.931
131
135.397
132
137.863
133
140.329
134
142.794
135
145.26
136
147.726
137
150.192
138
152.657
139
155.123
140
157.589
141
160.054
142
162.52
143
164.986
144
167.452
145
169.917
146
172.383
147
174.849
148
177.315
149
179.78
150
182.246
151
184.712
152
187.178
153
189.643
154
192.109
155
194.575
156
197.04
157
199.506
158
201.972
159
204.438
160
206.903
161
209.369
162
211.835
163
214.301
164
216.766
165
219.232
166
221.698
167
224.163
168
226.629
169
229.095
170
231.561
171
234.026
172
236.492
173
238.958
174
241.424
175
243.889
176
246.355
177
248.821
178
251.287
179
253.752
93.0239
1.42109e-14
93.2972
1
93.5704
2
93.8437
3
94.1169
4
94.3902
5
94.6634
6
94.9367
7
95.2099
8
95.4832
9
95.7564
10
96.0297
11
96.3029
12
96.5762
13
96.8494
14
97.1227
15
97.3959
16
97.6692
17
97.9424
18
98.2157
19
98.4889
20
98.7622
21
99.0354
22
99.3087
23
99.5819
24
99.8552
25
100.128
26
100.402
27
100.675
28
100.948
29
101.221
30
101.495
31
101.768
32
102.041
33
102.314
34
102.588
35
102.861
36
103.134
37
103.407
38
103.681
39
103.954
40
104.227
41
104.5
42
104.774
43
105.047
44
105.32
45
105.593
46
105.867
47
106.14
48
106.413
49
106.686
50
106.96
51
107.233
52
107.506
53
107.779
54
108.053
55
108.326
56
108.599
57
108.872
58
109.146
59
109.419
60
109.692
61
109.965
62
110.239
63
110.512
64
110.785
65
111.058
66
111.332
67
111.605
68
111.878
69
112.151
70
112.425
71
112.698
72
112.971
73
113.244
74
113.518
75
113.791
76
114.064
77
114.337
78
114.611
79
114.884
80
115.157
81
115.43
82
115.704
83
115.977
84
116.25
85
116.523
86
116.797
87
117.07
88
117.343
89
117.616
90
117.89
91
118.163
92
118.436
93
118.709
94
118.983
95
119.256
96
119.529
97
119.802
98
120.076
99
120.349
100
120.622
101
120.895
102
121.169
103
121.442
104
121.715
105
121.988
106
122.262
107
122.535
108
122.808
109
123.081
110
123.355
111
123.628
112
123.901
113
124.174
114
124.448
115
124.721
116
124.994
117
125.267
118
125.541
119
125.814
120
126.087
121
126.36
122
126.634
123
126.907
124
127.18
125
127.453
126
127.727
127
128
128
128.273
129
128.547
130
128.82
131
129.093
132
129.366
133
129.64
134
129.913
135
130.186
136
130.459
137
130.733
138
131.006
139
131.279
140
131.552
141
131.826
142
132.099
143
132.372
144
132.645
145
132.919
146
133.192
147
133.465
148
133.738
149
134.012
150
134.285
151
134.558
152
134.831
153
135.105
154
135.378
155
135.651
156
135.924
157
136.198
158
136.471
159
136.744
160
137.017
161
137.291
162
137.564
163
137.837
164
138.11
165
138.384
166
138.657
167
138.93
168
139.203
169
139.477
170
139.75
171
140.023
172
140.296
173
140.57
174
140.843
175
141.116
176
141.389
177
141.663
178
141.936
179
142.209
180
142.482
181
142.756
182
143.029
183
143.302
184
143.575
185
143.849
186
144.122
187
144.395
188
144.668
189
144.942
190
145.215
191
145.488
192
145.761
193
146.035
194
146.308
195
146.581
196
146.854
197
147.128
198
147.401
199
147.674
200
147.947
201
148.221
202
148.494
203
148.767
204
149.04
205
149.314
206
149.587
207
149.86
208
150.133
209
150.407
210
150.68
211
150.953
212
151.226
213
151.5
214
151.773
215
152.046
216
152.319
217
152.593
218
152.866
219
153.139
220
153.412
221
153.686
222
153.959
223
154.232
224
154.505
225
154.779
226
155.052
227
155.325
228
155.598
229
155.872
230
156.145
231
156.418
232
156.691
233
156.965
234
157.238
235
157.511
236
157.784
237
158.058
238
158.331
239
158.604
240
158.877
241
159.151
242
159.424
243
159.697
244
159.97
245
160.244
246
160.517
247
160.79
248
161.063
249
161.337
250
161.61
251
161.883
252
162.156
253
162.43
254
162.703
255
162.976
256
94
3.57205
95
7.2317
96
10.8913
97
14.551
98
18.2106
99
21.8703
100
25.5299
101
29.1896
102
32.8492
103
36.5089
104
40.1685
105
43.8282
106
47.4878
107
51.1474
108
54.8071
109
58.4667
110
62.1264
111
65.786
112
69.4457
113
73.1053
114
76.765
115
80.4246
116
84.0843
117
87.7439
118
91.4035
119
95.0632
120
98.7228
121
102.382
122
106.042
123
109.702
124
113.361
125
117.021
126
120.681
127
124.34
128
128
129
131.66
130
135.319
131
138.979
132
142.639
133
146.298
134
149.958
135
153.618
136
157.277
137
160.937
138
164.596
139
168.256
140
171.916
141
175.575
142
179.235
143
182.895
144
186.554
145
190.214
146
193.874
147
197.533
148
201.193
149
204.853
150
208.512
151
212.172
152
215.831
153
219.491
154
223.151
155
226.81
156
230.47
157
234.13
158
237.789
159
241.449
160
245.109
161
248.768
162
252.428
108.892
1.42109e-14
109.041
1
109.19
2
109.34
3
109.489
4
109.638
5
109.788
6
109.937
7
110.086
8
110.235
9
110.385
10
110.534
11
110.683
12
110.832
13
110.982
14
111.131
15
111.28
16
111.43
17
111.579
18
111.728
19
111.877
20
112.027
21
112.176
22
112.325
23
112.475
24
112.624
25
112.773
26
112.922
27
113.072
28
113.221
29
113.37
30
113.52
31
113.669
32
113.818
33
113.967
34
114.117
35
114.266
36
114.415
37
114.565
38
114.714
39
114.863
40
115.012
41
115.162
42
115.311
43
115.46
44
115.61
45
115.759
46
115.908
47
116.057
48
116.207
49
116.356
50
116.505
51
116.655
52
116.804
53
116.953
54
117.102
55
117.252
56
117.401
57
117.55
58
117.699
59
117.849
60
117.998
61
118.147
62
118.297
63
118.446
64
118.595
65
118.744
66
118.894
67
119.043
68
119.192
69
119.342
70
119.491
71
119.64
72
119.789
73
119.939
74
120.088
75
120.237
76
120.387
77
120.536
78
120.685
79
120.834
80
120.984
81
121.133
82
121.282
83
121.432
84
121.581
85
121.73
86
121.879
87
122.029
88
122.178
89
122.327
90
122.477
91
122.626
92
122.775
93
122.924
94
123.074
95
123.223
96
123.372
97
123.522
98
123.671
99
123.82
100
123.969
101
124.119
102
124.268
103
124.417
104
124.566
105
124.716
106
124.865
107
125.014
108
125.164
109
125.313
110
125.462
111
125.611
112
125.761
113
125.91
114
126.059
115
126.209
116
126.358
117
126.507
118
126.656
119
126.806
120
126.955
121
127.104
122
127.254
123
127.403
124
127.552
125
127.701
126
127.851
127
128
128
128.149
129
128.299
130
128.448
131
128.597
132
128.746
133
128.896
134
129.045
135
129.194
136
129.344
137
129.493
138
129.642
139
129.791
140
129.941
141
130.09
142
130.239
143
130.389
144
130.538
145
130.687
146
130.836
147
130.986
148
131.135
149
131.284
150
131.434
151
131.583
152
131.732
153
131.881
154
132.031
155
132.18
156
132.329
157
132.478
158
132.628
159
132.777
160
132.926
161
133.076
162
133.225
163
133.374
164
133.523
165
133.673
166
133.822
167
133.971
168
134.121
169
134.27
170
134.419
171
134.568
172
134.718
173
134.867
174
135.016
175
135.166
176
135.315
177
135.464
178
135.613
179
135.763
180
135.912
181
136.061
182
136.211
183
136.36
184
136.509
185
136.658
186
136.808
187
136.957
188
137.106
189
137.256
190
137.405
191
137.554
192
137.703
193
137.853
194
138.002
195
138.151
196
138.301
197
138.45
198
138.599
199
138.748
200
138.898
201
139.047
202
139.196
203
139.345
204
139.495
205
139.644
206
139.793
207
139.943
208
140.092
209
140.241
210
140.39
211
140.54
212
140.689
213
140.838
214
140.988
215
141.137
216
141.286
217
141.435
218
141.585
219
141.734
220
141.883
221
142.033
222
142.182
223
142.331
224
142.48
225
142.63
226
142.779
227
142.928
228
143.078
229
143.227
230
143.376
231
143.525
232
143.675
233
143.824
234
143.973
235
144.123
236
144.272
237
144.421
238
144.57
239
144.72
240
144.869
241
145.018
242
145.168
243
145.317
244
145.466
245
145.615
246
145.765
247
145.914
248
146.063
249
146.212
250
146.362
251
146.511
252
146.66
253
146.81
254
146.959
255
147.108
256
109
0.724681
110
7.42338
111
14.1221
112
20.8208
113
27.5195
114
34.2182
115
40.9169
116
47.6156
117
54.3143
118
61.013
119
67.7117
120
74.4104
121
81.1091
122
87.8078
123
94.5065
124
101.205
125
107.904
126
114.603
127
121.301
128
128
129
134.699
130
141.397
131
148.096
132
154.795
133
161.494
134
168.192
135
174.891
136
181.59
137
188.288
138
194.987
139
201.686
140
208.384
141
215.083
142
221.782
143
228.481
144
235.179
145
241.878
146
248.577
147
255.275
124.205
1.42109e-14
124.235
1
124.265
2
124.294
3
124.324
4
124.353
5
124.383
6
124.413
7
124.442
8
124.472
9
124.502
10
124.531
11
124.561
12
124.591
13
124.62
14
124.65
15
124.68
16
124.709
17
124.739
18
124.769
19
124.798
20
124.828
21
124.857
22
124.887
23
124.917
24
124.946
25
124.976
26
125.006
27
125.035
28
125.065
29
125.095
30
125.124
31
125.154
32
125.184
33
125.213
34
125.243
35
125.273
36
125.302
37
125.332
38
125.361
39
125.391
40
125.421
41
125.45
42
125.48
43
125.51
44
125.539
45
125.569
46
125.599
47
125.628
48
125.658
49
125.688
50
125.717
51
125.747
52
125.777
53
125.806
54
125.836
55
125.865
56
125.895
57
125.925
58
125.954
59
125.984
60
126.014
61
126.043
62
126.073
63
126.103
64
126.132
65
126.162
66
126.192
67
126.221
68
126.251
69
126.281
70
126.31
71
126.34
72
126.369
73
126.399
74
126.429
75
126.458
76
126.488
77
126.518
78
126.547
79
126.577
80
126.607
81
126.636
82
126.666
83
126.696
84
126.725
85
126.755
86
126.784
87
126.814
88
126.844
89
126.873
90
126.903
91
126.933
92
126.962
93
126.992
94
127.022
95
127.051
96
127.081
97
127.111
98
127.14
99
127.17
100
127.2
101
127.229
102
127.259
103
127.288
104
127.318
105
127.348
106
127.377
107
127.407
108
127.437
109
127.466
110
127.496
111
127.526
112
127.555
113
127.585
114
127.615
115
127.644
116
127.674
117
127.704
118
127.733
119
127.763
120
127.792
121
127.822
122
127.852
123
127.881
124
127.911
125
127.941
126
127.97
127
128
128
128.03
129
128.059
130
128.089
131
128.119
132
128.148
133
128.178
134
128.208
135
128.237
136
128.267
137
128.296
138
128.326
139
128.356
140
128.385
141
128.415
142
128.445
143
128.474
144
128.504
145
128.534
146
128.563
147
128.593
148
128.623
149
128.652
150
128.682
151
128.712
152
128.741
153
128.771
154
128.8
155
128.83
156
128.86
157
128.889
158
128.919
159
128.949
160
128.978
161
129.008
162
129.038
163
129.067
164
129.097
165
129.127
166
129.156
167
129.186
168
129.216
169
129.245
170
129.275
171
129.304
172
129.334
173
129.364
174
129.393
175
129.423
176
129.453
177
129.482
178
129.512
179
129.542
180
129.571
181
129.601
182
129.631
183
129.66
184
129.69
185
129.719
186
129.749
187
129.779
188
129.808
189
129.838
190
129.868
191
129.897
192
129.927
193
129.957
194
129.986
195
130.016
196
130.046
197
130.075
198
130.105
199
130.135
200
130.164
201
130.194
202
130.223
203
130.253
204
130.283
205
130.312
206
130.342
207
130.372
208
130.401
209
130.431
210
130.461
211
130.49
212
130.52
213
130.55
214
130.579
215
130.609
216
130.639
217
130.668
218
130.698
219
130.727
220
130.757
221
130.787
222
130.816
223
130.846
224
130.876
225
130.905
226
130.935
227
130.965
228
130.994
229
131.024
230
131.054
231
131.083
232
131.113
233
131.143
234
131.172
235
131.202
236
131.231
237
131.261
238
131.291
239
131.32
240
131.35
241
131.38
242
131.409
243
131.439
244
131.469
245
131.498
246
131.528
247
131.558
248
131.587
249
131.617
250
131.647
251
131.676
252
131.706
253
131.735
254
131.765
255
131.795
256
125
26.8071
126
60.5381
127
94.269
128
128
129
161.731
130
195.462
131
229.193
139.411
1.42109e-14
139.322
1
139.233
2
139.144
3
139.054
4
138.965
5
138.876
6
138.787
7
138.698
8
138.609
9
138.519
10
138.43
11
138.341
12
138.252
13
138.163
14
138.074
15
137.985
16
137.895
17
137.806
18
137.717
19
137.628
20
137.539
21
137.45
22
137.361
23
137.271
24
137.182
25
137.093
26
137.004
27
136.915
28
136.826
29
136.737
30
136.647
31
136.558
32
136.469
33
136.38
34
136.291
35
136.202
36
136.112
37
136.023
38
135.934
39
135.845
40
135.756
41
135.667
42
135.578
43
135.488
44
135.399
45
135.31
46
135.221
47
135.132
48
135.043
49
134.954
50
134.864
51
134.775
52
134.686
53
134.597
54
134.508
55
134.419
56
134.33
57
134.24
58
134.151
59
134.062
60
133.973
61
133.884
62
133.795
63
133.705
64
133.616
65
133.527
66
133.438
67
133.349
68
133.26
69
133.171
70
133.081
71
132.992
72
132.903
73
132.814
74
132.725
75
132.636
76
132.547
77
132.457
78
132.368
79
132.279
80
132.19
81
132.101
82
132.012
83
131.923
84
131.833
85
131.744
86
131.655
87
131.566
88
131.477
89
131.388
90
131.298
91
131.209
92
131.12
93
131.031
94
130.942
95
130.853
96
130.764
97
130.674
98
130.585
99
130.496
100
130.407
101
130.318
102
130.229
103
130.14
104
130.05
105
129.961
106
129.872
107
129.783
108
129.694
109
129.605
110
129.516
111
129.426
112
129.337
113
129.248
114
129.159
115
129.07
116
128.981
117
128.891
118
128.802
119
128.713
120
128.624
121
128.535
122
128.446
123
128.357
124
128.267
125
128.178
126
128.089
127
128
128
127.911
129
127.822
130
127.733
131
127.643
132
127.554
133
127.465
134
127.376
135
127.287
136
127.198
137
127.109
138
127.019
139
126.93
140
126.841
141
126.752
142
126.663
143
126.574
144
126.484
145
126.395
146
126.306
147
126.217
148
126.128
149
126.039
150
125.95
151
125.86
152
125.771
153
125.682
154
125.593
155
125.504
156
125.415
157
125.326
158
125.236
159
125.147
160
125.058
161
124.969
162
124.88
163
124.791
164
124.702
165
124.612
166
124.523
167
124.434
168
124.345
169
124.256
170
124.167
171
124.077
172
123.988
173
123.899
174
123.81
175
123.721
176
123.632
177
123.543
178
123.453
179
123.364
180
123.275
181
123.186
182
123.097
183
123.008
184
122.919
185
122.829
186
122.74
187
122.651
188
122.562
189
122.473
190
122.384
191
122.295
192
122.205
193
122.116
194
122.027
195
121.938
196
121.849
197
121.76
198
121.67
199
121.581
200
121.492
201
121.403
202
121.314
203
121.225
204
121.136
205
121.046
206
120.957
207
120.868
208
120.779
209
120.69
210
120.601
211
120.512
212
120.422
213
120.333
214
120.244
215
120.155
216
120.066
217
119.977
218
119.888
219
119.798
220
119.709
221
119.62
222
119.531
223
119.442
224
119.353
225
119.263
226
119.174
227
119.085
228
118.996
229
118.907
230
118.818
231
118.729
232
118.639
233
118.55
234
118.461
235
118.372
236
118.283
237
118.194
238
118.105
239
118.015
240
117.926
241
117.837
242
117.748
243
117.659
244
117.57
245
117.481
246
117.391
247
117.302
248
117.213
249
117.124
250
117.035
251
116.946
252
116.856
253
116.767
254
116.678
255
116.589
256
117
251.39
118
240.173
119
228.956
120
217.738
121
206.521
122
195.304
123
184.086
124
172.869
125
161.652
126
150.435
127
139.217
128
128
129
116.783
130
105.565
131
94.3481
132
83.1308
133
71.9135
134
60.6962
135
49.4789
136
38.2616
137
27.0443
138
15.827
139
4.60974
154.943
0
154.733
1
154.522
2
154.312
3
154.101
4
153.891
5
153.68
6
153.47
7
153.259
8
153.049
9
152.838
10
152.628
11
152.417
12
152.207
13
151.996
14
151.786
15
151.575
16
151.365
17
151.154
18
150.944
19
150.733
20
150.523
21
150.312
22
150.102
23
149.891
24
149.681
25
149.47
26
149.26
27
149.049
28
148.839
29
148.628
30
148.418
31
148.207
32
147.997
33
147.786
34
147.576
35
147.365
36
147.155
37
146.944
38
146.734
39
146.523
40
146.313
41
146.102
42
145.892
43
145.681
44
145.471
45
145.26
46
145.05
47
144.839
48
144.629
49
144.418
50
144.208
51
143.997
52
143.787
53
143.576
54
143.366
55
143.155
56
142.945
57
142.734
58
142.524
59
142.313
60
142.103
61
141.892
62
141.682
63
141.472
64
141.261
65
141.051
66
140.84
67
140.63
68
140.419
69
140.209
70
139.998
71
139.788
72
139.577
73
139.367
74
139.156
75
138.946
76
138.735
77
138.525
78
138.314
79
138.104
80
137.893
81
137.683
82
137.472
83
137.262
84
137.051
85
136.841
86
136.63
87
136.42
88
136.209
89
135.999
90
135.788
91
135.578
92
135.367
93
135.157
94
134.946
95
134.736
96
134.525
97
134.315
98
134.104
99
133.894
100
133.683
101
133.473
102
133.262
103
133.052
104
132.841
105
132.631
106
132.42
107
132.21
108
131.999
109
131.789
110
131.578
111
131.368
112
131.157
113
130.947
114
130.736
115
130.526
116
130.315
117
130.105
118
129.894
119
129.684
120
129.473
121
129.263
122
129.052
123
128.842
124
128.631
125
128.421
126
128.21
127
128
128
127.79
129
127.579
130
127.369
131
127.158
132
126.948
133
126.737
134
126.527
135
126.316
136
126.106
137
125.895
138
125.685
139
125.474
140
125.264
141
125.053
142
124.843
143
124.632
144
124.422
145
124.211
146
124.001
147
123.79
148
123.58
149
123.369
150
123.159
151
122.948
152
122.738
153
122.527
154
122.317
155
122.106
156
121.896
157
121.685
158
121.475
159
121.264
160
121.054
161
120.843
162
120.633
163
120.422
164
120.212
165
120.001
166
119.791
167
119.58
168
119.37
169
119.159
170
118.949
171
118.738
172
118.528
173
118.317
174
118.107
175
117.896
176
117.686
177
117.475
178
117.265
179
117.054
180
116.844
181
116.633
182
116.423
183
116.212
184
116.002
185
115.791
186
115.581
187
115.37
188
115.16
189
114.949
190
114.739
191
114.528
192
114.318
193
114.108
194
113.897
195
113.687
196
113.476
197
113.266
198
113.055
199
112.845
200
112.634
201
112.424
202
112.213
203
112.003
204
111.792
205
111.582
206
111.371
207
111.161
208
110.95
209
110.74
210
110.529
211
110.319
212
110.108
213
109.898
214
109.687
215
109.477
216
109.266
217
109.056
218
108.845
219
108.635
220
108.424
221
108.214
222
108.003
223
107.793
224
107.582
225
107.372
226
107.161
227
106.951
228
106.74
229
106.53
230
106.319
231
106.109
232
105.898
233
105.688
234
105.477
235
105.267
236
105.056
237
104.846
238
104.635
239
104.425
240
104.214
241
104.004
242
103.793
243
103.583
244
103.372
245
103.162
246
102.951
247
102.741
248
102.53
249
102.32
250
102.109
251
101.899
252
101.688
253
101.478
254
101.267
255
101.057
256
102
251.52
103
246.769
104
242.018
105
237.268
106
232.517
107
227.766
108
223.015
109
218.265
110
213.514
111
208.763
112
204.012
113
199.262
114
194.511
115
189.76
116
185.009
117
180.258
118
175.508
119
170.757
120
166.006
121
161.255
122
156.505
123
151.754
124
147.003
125
142.252
126
137.502
127
132.751
128
128
129
123.249
130
118.498
131
113.748
132
108.997
133
104.246
134
99.4954
135
94.7446
136
89.9939
137
85.2431
138
80.4923
139
75.7416
140
70.9908
141
66.24
142
61.4893
143
56.7385
144
51.9877
145
47.237
146
42.4862
147
37.7354
148
32.9847
149
28.2339
150
23.4831
151
18.7324
152
13.9816
153
9.23082
154
4.48005
171.274
1.42109e-14
170.936
1
170.598
2
170.26
3
169.922
4
169.584
5
169.245
6
168.907
7
168.569
8
168.231
9
167.893
10
167.555
11
167.217
12
166.879
13
166.541
14
166.203
15
165.865
16
165.527
17
165.189
18
164.85
19
164.512
20
164.174
21
163.836
22
163.498
23
163.16
24
162.822
25
162.484
26
162.146
27
161.808
28
161.47
29
161.132
30
160.794
31
160.455
32
160.117
33
159.779
34
159.441
35
159.103
36
158.765
37
158.427
38
158.089
39
157.751
40
157.413
41
157.075
42
156.737
43
156.399
44
156.06
45
155.722
46
155.384
47
155.046
48
154.708
49
154.37
50
154.032
51
153.694
52
153.356
53
153.018
54
152.68
55
152.342
56
152.004
57
151.665
58
151.327
59
150.989
60
150.651
61
150.313
62
149.975
63
149.637
64
149.299
65
148.961
66
148.623
67
148.285
68
147.947
69
147.609
70
147.27
71
146.932
72
146.594
73
146.256
74
145.918
75
145.58
76
145.242
77
144.904
78
144.566
79
144.228
80
143.89
81
143.552
82
143.213
83
142.875
84
142.537
85
142.199
86
141.861
87
141.523
88
141.185
89
140.847
90
140.509
91
140.171
92
139.833
93
139.495
94
139.157
95
138.818
96
138.48
97
138.142
98
137.804
99
137.466
100
137.128
101
136.79
102
136.452
103
136.114
104
135.776
105
135.438
106
135.1
107
134.762
108
134.423
109
134.085
110
133.747
111
133.409
112
133.071
113
132.733
114
132.395
115
132.057
116
131.719
117
131.381
118
131.043
119
130.705
120
130.367
121
130.028
122
129.69
123
129.352
124
129.014
125
128.676
126
128.338
127
128
128
127.662
129
127.324
130
126.986
131
126.648
132
126.31
133
125.972
134
125.633
135
125.295
136
124.957
137
124.619
138
124.281
139
123.943
140
123.605
141
123.267
142
122.929
143
122.591
144
122.253
145
121.915
146
121.577
147
121.238
148
120.9
149
120.562
150
120.224
151
119.886
152
119.548
153
119.21
154
118.872
155
118.534
156
118.196
157
117.858
158
117.52
159
117.182
160
116.843
161
116.505
162
116.167
163
115.829
164
115.491
165
115.153
166
114.815
167
114.477
168
114.139
169
113.801
170
113.463
171
113.125
172
112.787
173
112.448
174
112.11
175
111.772
176
111.434
177
111.096
178
110.758
179
110.42
180
110.082
181
109.744
182
109.406
183
109.068
184
108.73
185
108.391
186
108.053
187
107.715
188
107.377
189
107.039
190
106.701
191
106.363
192
106.025
193
105.687
194
105.349
195
105.011
196
104.673
197
104.335
198
103.996
199
103.658
200
103.32
201
102.982
202
102.644
203
102.306
204
101.968
205
101.63
206
101.292
207
100.954
208
100.616
209
100.278
210
99.9396
211
99.6015
212
99.2634
213
98.9253
214
98.5872
215
98.2492
216
97.9111
217
97.573
218
97.2349
219
96.8969
220
96.5588
221
96.2207
222
95.8826
223
95.5445
224
95.2065
225
94.8684
226
94.5303
227
94.1922
228
93.8542
229
93.5161
230
93.178
231
92.8399
232
92.5018
233
92.1638
234
91.8257
235
91.4876
236
91.1495
237
90.8115
238
90.4734
239
90.1353
240
89.7972
241
89.4591
242
89.1211
243
88.783
244
88.4449
245
88.1068
246
87.7688
247
87.4307
248
87.0926
249
86.7545
250
86.4165
251
86.0784
252
85.7403
253
85.4022
254
85.0641
255
84.7261
256
85
255.19
86
252.232
87
249.274
88
246.316
89
243.358
90
240.4
91
237.442
92
234.484
93
231.527
94
228.569
95
225.611
96
222.653
97
219.695
98
216.737
99
213.779
100
210.821
101
207.863
102
204.905
103
201.948
104
198.99
105
196.032
106
193.074
107
190.116
108
187.158
109
184.2
110
181.242
111
178.284
112
175.326
113
172.369
114
169.411
115
166.453
116
163.495
117
160.537
118
157.579
119
154.621
120
151.663
121
148.705
122
145.747
123
142.79
124
139.832
125
136.874
126
133.916
127
130.958
128
128
129
125.042
130
122.084
131
119.126
132
116.168
133
113.21
134
110.253
135
107.295
136
104.337
137
101.379
138
98.421
139
95.4631
140
92.5052
141
89.5473
142
86.5894
143
83.6315
144
80.6736
145
77.7157
146
74.7578
147
71.7999
148
68.842
149
65.8841
150
62.9262
151
59.9683
152
57.0104
153
54.0525
154
51.0946
155
48.1367
156
45.1788
157
42.2209
158
39.263
159
36.3051
160
33.3472
161
30.3893
162
27.4314
163
24.4735
164
21.5156
165
18.5577
166
15.5998
167
12.6419
168
9.68398
169
6.72608
170
3.76818
171
0.810279
188.975
0
188.499
1
188.023
2
187.546
3
187.07
4
186.593
5
186.117
6
185.641
7
185.164
8
184.688
9
184.212
10
183.735
11
183.259
12
182.782
13
182.306
14
181.83
15
181.353
16
180.877
17
180.401
18
179.924
19
179.448
20
178.972
21
178.495
22
178.019
23
177.542
24
177.066
25
176.59
26
176.113
27
175.637
28
175.161
29
174.684
30
174.208
31
173.731
32
173.255
33
172.779
34
172.302
35
171.826
36
171.35
37
170.873
38
170.397
39
169.921
40
169.444
41
168.968
42
168.491
43
168.015
44
167.539
45
167.062
46
166.586
47
166.11
48
165.633
49
165.157
50
164.68
51
164.204
52
163.728
53
163.251
54
162.775
55
162.299
56
161.822
57
161.346
58
160.869
59
160.393
60
159.917
61
159.44
62
158.964
63
158.488
64
158.011
65
157.535
66
157.059
67
156.582
68
156.106
69
155.629
70
155.153
71
154.677
72
154.2
73
153.724
74
153.248
75
152.771
76
152.295
77
151.818
78
151.342
79
150.866
80
150.389
81
149.913
82
149.437
83
148.96
84
148.484
85
148.008
86
147.531
87
147.055
88
146.578
89
146.102
90
145.626
91
145.149
92
144.673
93
144.197
94
143.72
95
143.244
96
142.767
97
142.291
98
141.815
99
141.338
100
140.862
101
140.386
102
139.909
103
139.433
104
138.956
105
138.48
106
138.004
107
137.527
108
137.051
109
136.575
110
136.098
111
135.622
112
135.146
113
134.669
114
134.193
115
133.716
116
133.24
117
132.764
118
132.287
119
131.811
120
131.335
121
130.858
122
130.382
123
129.905
124
129.429
125
128.953
126
128.476
127
128
128
127.524
129
127.047
130
126.571
131
126.095
132
125.618
133
125.142
134
124.665
135
124.189
136
123.713
137
123.236
138
122.76
139
122.284
140
121.807
141
121.331
142
120.854
143
120.378
144
119.902
145
119.425
146
118.949
147
118.473
148
117.996
149
117.52
150
117.044
151
116.567
152
116.091
153
115.614
154
115.138
155
114.662
156
114.185
157
113.709
158
113.233
159
112.756
160
112.28
161
111.803
162
111.327
163
110.851
164
110.374
165
109.898
166
109.422
167
108.945
168
108.469
169
107.992
170
107.516
171
107.04
172
106.563
173
106.087
174
105.611
175
105.134
176
104.658
177
104.182
178
103.705
179
103.229
180
102.752
181
102.276
182
101.8
183
101.323
184
100.847
185
100.371
186
99.8942
187
99.4178
188
98.9415
189
98.4651
190
97.9887
191
97.5124
192
97.036
193
96.5596
194
96.0833
195
95.6069
196
95.1305
197
94.6541
198
94.1778
199
93.7014
200
93.225
201
92.7487
202
92.2723
203
91.7959
204
91.3196
205
90.8432
206
90.3668
207
89.8905
208
89.4141
209
88.9377
210
88.4613
211
87.985
212
87.5086
213
87.0322
214
86.5559
215
86.0795
216
85.6031
217
85.1268
218
84.6504
219
84.174
220
83.6977
221
83.2213
222
82.7449
223
82.2685
224
81.7922
225
81.3158
226
80.8394
227
80.3631
228
79.8867
229
79.4103
230
78.934
231
78.4576
232
77.9812
233
77.5049
234
77.0285
235
76.5521
236
76.0757
237
75.5994
238
75.123
239
74.6466
240
74.1703
241
73.6939
242
73.2175
243
72.7412
244
72.2648
245
71.7884
246
71.312
247
70.8357
248
70.3593
249
69.8829
250
69.4066
251
68.9302
252
68.4538
253
67.9775
254
67.5011
255
67.0247
256
68
253.953
69
251.853
70
249.754
71
247.655
72
245.556
73
243.457
74
241.357
75
239.258
76
237.159
77
235.06
78
232.961
79
230.861
80
228.762
81
226.663
82
224.564
83
222.465
84
220.365
85
218.266
86
216.167
87
214.068
88
211.968
89
209.869
90
207.77
91
205.671
92
203.572
93
201.472
94
199.373
95
197.274
96
195.175
97
193.076
98
190.976
99
188.877
100
186.778
101
184.679
102
182.579
103
180.48
104
178.381
105
176.282
106
174.183
107
172.083
108
169.984
109
167.885
110
165.786
111
163.687
112
161.587
113
159.488
114
157.389
115
155.29
116
153.191
117
151.091
118
148.992
119
146.893
120
144.794
121
142.694
122
140.595
123
138.496
124
136.397
125
134.298
126
132.198
127
130.099
128
128
129
125.901
130
123.802
131
121.702
132
119.603
133
117.504
134
115.405
135
113.306
136
111.206
137
109.107
138
107.008
139
104.909
140
102.809
141
100.71
142
98.611
143
96.5118
144
94.4126
145
92.3134
146
90.2142
147
88.115
148
86.0158
149
83.9166
150
81.8173
151
79.7181
152
77.6189
153
75.5197
154
73.4205
155
71.3213
156
69.2221
157
67.1229
158
65.0237
159
62.9244
160
60.8252
161
58.726
162
56.6268
163
54.5276
164
52.4284
165
50.3292
166
48.23
167
46.1308
168
44.0315
169
41.9323
170
39.8331
171
37.7339
172
35.6347
173
33.5355
174
31.4363
175
29.3371
176
27.2378
177
25.1386
178
23.0394
179
20.9402
180
18.841
181
16.7418
182
14.6426
183
12.5434
184
10.4442
185
8.34494
186
6.24573
187
4.14652
188
2.04731
208.806
1.42109e-14
208.175
1
207.544
2
206.912
3
206.281
4
205.65
5
205.018
6
204.387
7
203.756
8
203.125
9
202.493
10
201.862
11
201.231
12
200.599
13
199.968
14
199.337
15
198.705
16
198.074
17
197.443
18
196.812
19
196.18
20
195.549
21
194.918
22
194.286
23
193.655
24
193.024
25
192.392
26
191.761
27
191.13
28
190.499
29
189.867
30
189.236
31
188.605
32
187.973
33
187.342
34
186.711
35
186.079
36
185.448
37
184.817
38
184.186
39
183.554
40
182.923
41
182.292
42
181.66
43
181.029
44
180.398
45
179.766
46
179.135
47
178.504
48
177.873
49
177.241
50
176.61
51
175.979
52
175.347
53
174.716
54
174.085
55
173.453
56
172.822
57
172.191
58
171.56
59
170.928
60
170.297
61
169.666
62
169.034
63
168.403
64
167.772
65
167.14
66
166.509
67
165.878
68
165.247
69
164.615
70
163.984
71
163.353
72
162.721
73
162.09
74
161.459
75
160.828
76
160.196
77
159.565
78
158.934
79
158.302
80
157.671
81
157.04
82
156.408
83
155.777
84
155.146
85
154.515
86
153.883
87
153.252
88
152.621
89
151.989
90
151.358
91
150.727
92
150.095
93
149.464
94
148.833
95
148.202
96
147.57
97
146.939
98
146.308
99
145.676
100
145.045
101
144.414
102
143.782
103
143.151
104
142.52
105
141.889
106
141.257
107
140.626
108
139.995
109
139.363
110
138.732
111
138.101
112
137.469
113
136.838
114
136.207
115
135.576
116
134.944
117
134.313
118
133.682
119
133.05
120
132.419
121
131.788
122
131.156
123
130.525
124
129.894
125
129.263
126
128.631
127
128
128
127.369
129
126.737
130
126.106
131
125.475
132
124.844
133
124.212
134
123.581
135
122.95
136
122.318
137
121.687
138
121.056
139
120.424
140
119.793
141
119.162
142
118.531
143
117.899
144
117.268
145
116.637
146
116.005
147
115.374
148
114.743
149
114.111
150
113.48
151
112.849
152
112.218
153
111.586
154
110.955
155
110.324
156
109.692
157
109.061
158
108.43
159
107.798
160
107.167
161
106.536
162
105.905
163
105.273
164
104.642
165
104.011
166
103.379
167
102.748
168
102.117
169
101.485
170
100.854
171
100.223
172
99.5916
173
98.9603
174
98.329
175
97.6977
176
97.0664
177
96.4351
178
95.8038
179
95.1725
180
94.5412
181
93.9099
182
93.2786
183
92.6473
184
92.016
185
91.3847
186
90.7534
187
90.1221
188
89.4908
189
88.8595
190
88.2282
191
87.5969
192
86.9656
193
86.3343
194
85.703
195
85.0717
196
84.4404
197
83.8091
198
83.1778
199
82.5465
200
81.9152
201
81.2839
202
80.6526
203
80.0213
204
79.39
205
78.7587
206
78.1274
207
77.4961
208
76.8648
209
76.2335
210
75.6022
211
74.9709
212
74.3396
213
73.7083
214
73.077
215
72.4457
216
71.8144
217
71.1831
218
70.5518
219
69.9206
220
69.2893
221
68.658
222
68.0267
223
67.3954
224
66.7641
225
66.1328
226
65.5015
227
64.8702
228
64.2389
229
63.6076
230
62.9763
231
62.345
232
61.7137
233
61.0824
234
60.4511
235
59.8198
236
59.1885
237
58.5572
238
57.9259
239
57.2946
240
56.6633
241
56.032
242
55.4007
243
54.7694
244
54.1381
245
53.5068
246
52.8755
247
52.2442
248
51.6129
249
50.9816
250
50.3503
251
49.719
252
49.0877
253
48.4564
254
47.8251
255
47.1938
256
48
254.723
49
253.139
50
251.555
51
249.971
52
248.387
53
246.803
54
245.219
55
243.635
56
242.051
57
240.467
58
238.883
59
237.299
60
235.715
61
234.13
62
232.546
63
230.962
64
229.378
65
227.794
66
226.21
67
224.626
68
223.042
69
221.458
70
219.874
71
218.29
72
216.706
73
215.122
74
213.538
75
211.954
76
210.37
77
208.786
78
207.202
79
205.618
80
204.034
81
202.45
82
200.866
83
199.282
84
197.698
85
196.114
86
194.53
87
192.946
88
191.361
89
189.777
90
188.193
91
186.609
92
185.025
93
183.441
94
181.857
95
180.273
96
178.689
97
177.105
98
175.521
99
173.937
100
172.353
101
170.769
102
169.185
103
167.601
104
166.017
105
164.433
106
162.849
107
161.265
108
159.681
109
158.097
110
156.513
111
154.929
112
153.345
113
151.761
114
150.177
115
148.592
116
147.008
117
145.424
118
143.84
119
142.256
120
140.672
121
139.088
122
137.504
123
135.92
124
134.336
125
132.752
126
131.168
127
129.584
128
128
129
126.416
130
124.832
131
123.248
132
121.664
133
120.08
134
118.496
135
116.912
136
115.328
137
113.744
138
112.16
139
110.576
140
108.992
141
107.408
142
105.823
143
104.239
144
102.655
145
101.071
146
99.4873
147
97.9033
148
96.3193
149
94.7352
150
93.1512
151
91.5671
152
89.9831
153
88.3991
154
86.815
155
85.231
156
83.647
157
82.0629
158
80.4789
159
78.8949
160
77.3108
161
75.7268
162
74.1427
163
72.5587
164
70.9747
165
69.3906
166
67.8066
167
66.2226
168
64.6385
169
63.0545
170
61.4704
171
59.8864
172
58.3024
173
56.7183
174
55.1343
175
53.5503
176
51.9662
177
50.3822
178
48.7981
179
47.2141
180
45.6301
181
44.046
182
42.462
183
40.878
184
39.2939
185
37.7099
186
36.1259
187
34.5418
188
32.9578
189
31.3737
190
29.7897
191
28.2057
192
26.6216
193
25.0376
194
23.4536
195
21.8695
196
20.2855
197
18.7014
198
17.1174
199
15.5334
200
13.9493
201
12.3653
202
10.7813
203
9.19722
204
7.61318
205
6.02915
206
4.44511
207
2.86107
208
1.27704
231.862
0
231.05
1
230.239
2
229.428
3
228.616
4
227.805
5
226.993
6
226.182
7
225.371
8
224.559
9
223.748
10
222.936
11
222.125
12
221.313
13
220.502
14
219.691
15
218.879
16
218.068
17
217.256
18
216.445
19
215.633
20
214.822
21
214.011
22
213.199
23
212.388
24
211.576
25
210.765
26
209.954
27
209.142
28
208.331
29
207.519
30
206.708
31
205.896
32
205.085
33
204.274
34
203.462
35
202.651
36
201.839
37
201.028
38
200.216
39
199.405
40
198.594
41
197.782
42
196.971
43
196.159
44
195.348
45
194.537
46
193.725
47
192.914
48
192.102
49
191.291
50
190.479
51
189.668
52
188.857
53
188.045
54
187.234
55
186.422
56
185.611
57
184.799
58
183.988
59
183.177
60
182.365
61
181.554
62
180.742
63
179.931
64
179.12
65
178.308
66
177.497
67
176.685
68
175.874
69
175.062
70
174.251
71
173.44
72
172.628
73
171.817
74
171.005
75
170.194
76
169.382
77
168.571
78
167.76
79
166.948
80
166.137
81
165.325
82
164.514
83
163.703
84
162.891
85
162.08
86
161.268
87
160.457
88
159.645
89
158.834
90
158.023
91
157.211
92
156.4
93
155.588
94
154.777
95
153.965
96
153.154
97
152.343
98
151.531
99
150.72
100
149.908
101
149.097
102
148.286
103
147.474
104
146.663
105
145.851
106
145.04
107
144.228
108
143.417
109
142.606
110
141.794
111
140.983
112
140.171
113
139.36
114
138.548
115
137.737
116
136.926
117
136.114
118
135.303
119
134.491
120
133.68
121
132.869
122
132.057
123
131.246
124
130.434
125
129.623
126
128.811
127
128
128
127.189
129
126.377
130
125.566
131
124.754
132
123.943
133
123.131
134
122.32
135
121.509
136
120.697
137
119.886
138
119.074
139
118.263
140
117.452
141
116.64
142
115.829
143
115.017
144
114.206
145
113.394
146
112.583
147
111.772
148
110.96
149
110.149
150
109.337
151
108.526
152
107.714
153
106.903
154
106.092
155
105.28
156
104.469
157
103.657
158
102.846
159
102.035
160
101.223
161
100.412
162
99.6003
163
98.7888
164
97.9774
165
97.166
166
96.3546
167
95.5432
168
94.7317
169
93.9203
170
93.1089
171
92.2975
172
91.4861
173
90.6746
174
89.8632
175
89.0518
176
88.2404
177
87.4289
178
86.6175
179
85.8061
180
84.9947
181
84.1833
182
83.3718
183
82.5604
184
81.749
185
80.9376
186
80.1262
187
79.3147
188
78.5033
189
77.6919
190
76.8805
191
76.069
192
75.2576
193
74.4462
194
73.6348
195
72.8234
196
72.0119
197
71.2005
198
70.3891
199
69.5777
200
68.7663
201
67.9548
202
67.1434
203
66.332
204
65.5206
205
64.7092
206
63.8977
207
63.0863
208
62.2749
209
61.4635
210
60.652
211
59.8406
212
59.0292
213
58.2178
214
57.4064
215
56.5949
216
55.7835
217
54.9721
218
54.1607
219
53.3493
220
52.5378
221
51.7264
222
50.915
223
50.1036
224
49.2922
225
48.4807
226
47.6693
227
46.8579
228
46.0465
229
45.235
230
44.4236
231
43.6122
232
42.8008
233
41.9894
234
41.1779
235
40.3665
236
39.5551
237
38.7437
238
37.9323
239
37.1208
240
36.3094
241
35.498
242
34.6866
243
33.8752
244
33.0637
245
32.2523
246
31.4409
247
30.6295
248
29.818
249
29.0066
250
28.1952
251
27.3838
252
26.5724
253
25.7609
254
24.9495
255
24.1381
256
25
254.938
26
253.705
27
252.473
28
251.241
29
250.008
30
248.776
31
247.543
32
246.311
33
245.079
34
243.846
35
242.614
36
241.381
37
240.149
38
238.917
39
237.684
40
236.452
41
235.219
42
233.987
43
232.754
44
231.522
45
230.29
46
229.057
47
227.825
48
226.592
49
225.36
50
224.128
51
222.895
52
221.663
53
220.43
54
219.198
55
217.966
56
216.733
57
215.501
58
214.268
59
213.036
60
211.804
61
210.571
62
209.339
63
208.106
64
206.874
65
205.642
66
204.409
67
203.177
68
201.944
69
200.712
70
199.48
71
198.247
72
197.015
73
195.782
74
194.55
75
193.318
76
192.085
77
190.853
78
189.62
79
188.388
80
187.155
81
185.923
82
184.691
83
183.458
84
182.226
85
180.993
86
179.761
87
178.529
88
177.296
89
176.064
90
174.831
91
173.599
92
172.367
93
171.134
94
169.902
95
168.669
96
167.437
97
166.205
98
164.972
99
163.74
100
162.507
101
161.275
102
160.043
103
158.81
104
157.578
105
156.345
106
155.113
107
153.881
108
152.648
109
151.416
110
150.183
111
148.951
112
147.718
113
146.486
114
145.254
115
144.021
116
142.789
117
141.556
118
140.324
119
139.092
120
137.859
121
136.627
122
135.394
123
134.162
124
132.93
125
131.697
126
130.465
127
129.232
128
128
129
126.768
130
125.535
131
124.303
132
123.07
133
121.838
134
120.606
135
119.373
136
118.141
137
116.908
138
115.676
139
114.444
140
113.211
141
111.979
142
110.746
143
109.514
144
108.282
145
107.049
146
105.817
147
104.584
148
103.352
149
102.119
150
100.887
151
99.6547
152
98.4223
153
97.1899
154
95.9575
155
94.725
156
93.4926
157
92.2602
158
91.0278
159
89.7954
160
88.563
161
87.3306
162
86.0982
163
84.8658
164
83.6334
165
82.401
166
81.1686
167
79.9362
168
78.7038
169
77.4714
170
76.239
171
75.0066
172
73.7741
173
72.5417
174
71.3093
175
70.0769
176
68.8445
177
67.6121
178
66.3797
179
65.1473
180
63.9149
181
62.6825
182
61.4501
183
60.2177
184
58.9853
185
57.7529
186
56.5205
187
55.2881
188
54.0557
189
52.8233
190
51.5908
191
50.3584
192
49.126
193
47.8936
194
46.6612
195
45.4288
196
44.1964
197
42.964
198
41.7316
199
40.4992
200
39.2668
201
38.0344
202
36.802
203
35.5696
204
34.3372
205
33.1048
206
31.8724
207
30.6399
208
29.4075
209
28.1751
210
26.9427
211
25.7103
212
24.4779
213
23.2455
214
22.0131
215
20.7807
216
19.5483
217
18.3159
218
17.0835
219
15.8511
220
14.6187
221
13.3863
222
12.1539
223
10.9215
224
9.68905
225
8.45665
226
7.22424
227
5.99183
228
4.75943
229
3.52702
230
2.29462
231
1.06221
255.731
4
254.701
5
253.67
6
252.64
7
251.61
8
250.58
9
249.55
10
248.52
11
247.49
12
246.46
13
245.43
14
244.4
15
243.37
16
242.34
17
241.309
18
240.279
19
239.249
20
238.219
21
237.189
22
236.159
23
235.129
24
234.099
25
233.069
26
232.039
27
231.009
28
229.978
29
228.948
30
227.918
31
226.888
32
225.858
33
224.828
34
223.798
35
222.768
36
221.738
37
220.708
38
219.678
39
218.648
40
217.617
41
216.587
42
215.557
43
214.527
44
213.497
45
212.467
46
211.437
47
210.407
48
209.377
49
208.347
50
207.317
51
206.287
52
205.256
53
204.226
54
203.196
55
202.166
56
201.136
57
200.106
58
199.076
59
198.046
60
197.016
61
195.986
62
194.956
63
193.925
64
192.895
65
191.865
66
190.835
67
189.805
68
188.775
69
187.745
70
186.715
71
185.685
72
184.655
73
183.625
74
182.595
75
181.564
76
180.534
77
179.504
78
178.474
79
177.444
80
176.414
81
175.384
82
174.354
83
173.324
84
172.294
85
171.264
86
170.234
87
169.203
88
168.173
89
167.143
90
166.113
91
165.083
92
164.053
93
163.023
94
161.993
95
160.963
96
159.933
97
158.903
98
157.872
99
156.842
100
155.812
101
154.782
102
153.752
103
152.722
104
151.692
105
150.662
106
149.632
107
148.602
108
147.572
109
146.542
110
145.511
111
144.481
112
143.451
113
142.421
114
141.391
115
140.361
116
139.331
117
138.301
118
137.271
119
136.241
120
135.211
121
134.181
122
133.15
123
132.12
124
131.09
125
130.06
126
129.03
127
128
128
126.97
129
125.94
130
124.91
131
123.88
132
122.85
133
121.819
134
120.789
135
119.759
136
118.729
137
117.699
138
116.669
139
115.639
140
114.609
141
113.579
142
112.549
143
111.519
144
110.489
145
109.458
146
108.428
147
107.398
148
106.368
149
105.338
150
104.308
151
103.278
152
102.248
153
101.218
154
100.188
155
99.1576
156
98.1275
157
97.0974
158
96.0673
159
95.0373
160
94.0072
161
92.9771
162
91.947
163
90.9169
164
89.8868
165
88.8567
166
87.8267
167
86.7966
168
85.7665
169
84.7364
170
83.7063
171
82.6762
172
81.6461
173
80.6161
174
79.586
175
78.5559
176
77.5258
177
76.4957
178
75.4656
179
74.4355
180
73.4055
181
72.3754
182
71.3453
183
70.3152
184
69.2851
185
68.255
186
67.2249
187
66.1949
188
65.1648
189
64.1347
190
63.1046
191
62.0745
192
61.0444
193
60.0143
194
58.9843
195
57.9542
196
56.9241
197
55.894
198
54.8639
199
53.8338
200
52.8037
201
51.7737
202
50.7436
203
49.7135
204
48.6834
205
47.6533
206
46.6232
207
45.5931
208
44.5631
209
43.533
210
42.5029
211
41.4728
212
40.4427
213
39.4126
214
38.3825
215
37.3525
216
36.3224
217
35.2923
218
34.2622
219
33.2321
220
32.202
221
31.1719
222
30.1419
223
29.1118
224
28.0817
225
27.0516
226
26.0215
227
24.9914
228
23.9613
229
22.9313
230
21.9012
231
20.8711
232
19.841
233
18.8109
234
17.7808
235
16.7507
236
15.7207
237
14.6906
238
13.6605
239
12.6304
240
11.6003
241
10.5702
242
9.54014
243
8.51006
244
7.47997
245
6.44989
246
5.4198
247
4.38972
248
3.35963
249
2.32954
250
1.29946
251
0.269373
252
1.42109e-14
252.262
1
251.291
2
250.32
3
249.349
4
248.378
5
247.408
6
246.437
7
245.466
8
244.495
9
243.524
10
242.554
11
241.583
12
240.612
13
239.641
14
238.67
15
237.7
16
236.729
17
235.758
18
234.787
19
233.816
20
232.846
21
231.875
22
230.904
23
229.933
24
228.962
25
227.992
26
227.021
27
226.05
28
225.079
29
224.109
30
223.138
31
222.167
32
221.196
33
220.225
34
219.255
35
218.284
36
217.313
37
216.342
38
215.371
39
214.401
40
213.43
41
212.459
42
211.488
43
210.517
44
209.547
45
208.576
46
207.605
47
206.634
48
205.663
49
204.693
50
203.722
51
202.751
52
201.78
53
200.809
54
199.839
55
198.868
56
197.897
57
196.926
58
195.956
59
194.985
60
194.014
61
193.043
62
192.072
63
191.102
64
190.131
65
189.16
66
188.189
67
187.218
68
186.248
69
185.277
70
184.306
71
183.335
72
182.364
73
181.394
74
180.423
75
179.452
76
178.481
77
177.51
78
176.54
79
175.569
80
174.598
81
173.627
82
172.656
83
171.686
84
170.715
85
169.744
86
168.773
87
167.803
88
166.832
89
165.861
90
164.89
91
163.919
92
162.949
93
161.978
94
161.007
95
160.036
96
159.065
97
158.095
98
157.124
99
156.153
100
155.182
101
154.211
102
153.241
103
152.27
104
151.299
105
150.328
106
149.357
107
148.387
108
147.416
109
146.445
110
145.474
111
144.503
112
143.533
113
142.562
114
141.591
115
140.62
116
139.65
117
138.679
118
137.708
119
136.737
120
135.766
121
134.796
122
133.825
123
132.854
124
131.883
125
130.912
126
129.942
127
128.971
128
128
129
127.029
130
126.058
131
125.088
132
124.117
133
123.146
134
122.175
135
121.204
136
120.234
137
119.263
138
118.292
139
117.321
140
116.35
141
115.38
142
114.409
143
113.438
144
112.467
145
111.497
146
110.526
147
109.555
148
108.584
149
107.613
150
106.643
151
105.672
152
104.701
153
103.73
154
102.759
155
101.789
156
100.818
157
99.847
158
98.8762
159
97.9054
160
96.9346
161
95.9638
162
94.993
163
94.0222
164
93.0515
165
92.0807
166
91.1099
167
90.1391
168
89.1683
169
88.1975
170
87.2267
171
86.2559
172
85.2851
173
84.3143
174
83.3435
175
82.3727
176
81.4019
177
80.4311
178
79.4603
179
78.4896
180
77.5188
181
76.548
182
75.5772
183
74.6064
184
73.6356
185
72.6648
186
71.694
187
70.7232
188
69.7524
189
68.7816
190
67.8108
191
66.84
192
65.8692
193
64.8985
194
63.9277
195
62.9569
196
61.9861
197
61.0153
198
60.0445
199
59.0737
200
58.1029
201
57.1321
202
56.1613
203
55.1905
204
54.2197
205
53.2489
206
52.2781
207
51.3074
208
50.3366
209
49.3658
210
48.395
211
47.4242
212
46.4534
213
45.4826
214
44.5118
215
43.541
216
42.5702
217
41.5994
218
40.6286
219
39.6578
220
38.687
221
37.7163
222
36.7455
223
35.7747
224
34.8039
225
33.8331
226
32.8623
227
31.8915
228
30.9207
229
29.9499
230
28.9791
231
28.0083
232
27.0375
233
26.0667
234
25.0959
235
24.1251
236
23.1544
237
22.1836
238
21.2128
239
20.242
240
19.2712
241
18.3004
242
17.3296
243
16.3588
244
15.388
245
14.4172
246
13.4464
247
12.4756
248
11.5048
249
10.534
250
9.56325
251
8.59246
252
7.62167
253
6.65087
254
5.68008
255
4.70929
256
3.73849
255.061
31
253.751
32
252.442
33
251.132
34
249.822
35
248.512
36
247.202
37
245.892
38
244.582
39
243.272
40
241.962
41
240.652
42
239.342
43
238.033
44
236.723
45
235.413
46
234.103
47
232.793
48
231.483
49
230.173
50
228.863
51
227.553
52
226.243
53
224.933
54
223.624
55
222.314
56
221.004
57
219.694
58
218.384
59
217.074
60
215.764
61
214.454
62
213.144
63
211.834
64
210.524
65
209.215
66
207.905
67
206.595
68
205.285
69
203.975
70
202.665
71
201.355
72
200.045
73
198.735
74
197.425
75
196.115
76
194.805
77
193.496
78
192.186
79
190.876
80
189.566
81
188.256
82
186.946
83
185.636
84
184.326
85
183.016
86
181.706
87
180.396
88
179.087
89
177.777
90
176.467
91
175.157
92
173.847
93
172.537
94
171.227
95
169.917
96
168.607
97
167.297
98
165.987
99
164.678
100
163.368
101
162.058
102
160.748
103
159.438
104
158.128
105
156.818
106
155.508
107
154.198
108
152.888
109
151.578
110
150.268
111
148.959
112
147.649
113
146.339
114
145.029
115
143.719
116
142.409
117
141.099
118
139.789
119
138.479
120
137.169
121
135.859
122
134.55
123
133.24
124
131.93
125
130.62
126
129.31
127
128
128
126.69
129
125.38
130
124.07
131
122.76
132
121.45
133
120.141
134
118.831
135
117.521
136
116.211
137
114.901
138
113.591
139
112.281
140
110.971
141
109.661
142
108.351
143
107.041
144
105.732
145
104.422
146
103.112
147
101.802
148
100.492
149
99.1819
150
97.872
151
96.5621
152
95.2522
153
93.9423
154
92.6324
155
91.3225
156
90.0126
157
88.7027
158
87.3927
159
86.0828
160
84.7729
161
83.463
162
82.1531
163
80.8432
164
79.5333
165
78.2234
166
76.9135
167
75.6035
168
74.2936
169
72.9837
170
71.6738
171
70.3639
172
69.054
173
67.7441
174
66.4342
175
65.1243
176
63.8143
177
62.5044
178
61.1945
179
59.8846
180
58.5747
181
57.2648
182
55.9549
183
54.645
184
53.335
185
52.0251
186
50.7152
187
49.4053
188
48.0954
189
46.7855
190
45.4756
191
44.1657
192
42.8558
193
41.5458
194
40.2359
195
38.926
196
37.6161
197
36.3062
198
34.9963
199
33.6864
200
32.3765
201
31.0666
202
29.7566
203
28.4467
204
27.1368
205
25.8269
206
24.517
207
23.2071
208
21.8972
209
20.5873
210
19.2774
211
17.9674
212
16.6575
213
15.3476
214
14.0377
215
12.7278
216
11.4179
217
10.108
218
8.79806
219
7.48815
220
6.17824
221
4.86833
222
3.55841
223
2.2485
224
0.938592
225
1.42109e-14
225.717
1
224.953
2
224.19
3
223.426
4
222.663
5
221.899
6
221.136
7
220.373
8
219.609
9
218.846
10
218.082
11
217.319
12
216.556
13
215.792
14
215.029
15
214.265
16
213.502
17
212.739
18
211.975
19
211.212
20
210.448
21
209.685
22
208.922
23
208.158
24
207.395
25
206.631
26
205.868
27
205.104
28
204.341
29
203.578
30
202.814
31
202.051
32
201.287
33
200.524
34
199.761
35
198.997
36
198.234
37
197.47
38
196.707
39
195.944
40
195.18
41
194.417
42
193.653
43
192.89
44
192.126
45
191.363
46
190.6
47
189.836
48
189.073
49
188.309
50
187.546
51
186.783
52
186.019
53
185.256
54
184.492
55
183.729
56
182.966
57
182.202
58
181.439
59
180.675
60
179.912
61
179.148
62
178.385
63
177.622
64
176.858
65
176.095
66
175.331
67
174.568
68
173.805
69
173.041
70
172.278
71
171.514
72
170.751
73
169.988
74
169.224
75
168.461
76
167.697
77
166.934
78
166.171
79
165.407
80
164.644
81
163.88
82
163.117
83
162.353
84
161.59
85
160.827
86
160.063
87
159.3
88
158.536
89
157.773
90
157.01
91
156.246
92
155.483
93
154.719
94
153.956
95
153.193
96
152.429
97
151.666
98
150.902
99
150.139
100
149.375
101
148.612
102
147.849
103
147.085
104
146.322
105
145.558
106
144.795
107
144.032
108
143.268
109
142.505
110
141.741
111
140.978
112
140.215
113
139.451
114
138.688
115
137.924
116
137.161
117
136.398
118
135.634
119
134.871
120
134.107
121
133.344
122
132.58
123
131.817
124
131.054
125
130.29
126
129.527
127
128.763
128
128
129
127.237
130
126.473
131
125.71
132
124.946
133
124.183
134
123.42
135
122.656
136
121.893
137
121.129
138
120.366
139
119.602
140
118.839
141
118.076
142
117.312
143
116.549
144
115.785
145
115.022
146
114.259
147
113.495
148
112.732
149
111.968
150
111.205
151
110.442
152
109.678
153
108.915
154
108.151
155
107.388
156
106.625
157
105.861
158
105.098
159
104.334
160
103.571
161
102.807
162
102.044
163
101.281
164
100.517
165
99.7538
166
98.9904
167
98.227
168
97.4636
169
96.7002
170
95.9368
171
95.1734
172
94.4099
173
93.6465
174
92.8831
175
92.1197
176
91.3563
177
90.5929
178
89.8295
179
89.0661
180
88.3027
181
87.5392
182
86.7758
183
86.0124
184
85.249
185
84.4856
186
83.7222
187
82.9588
188
82.1954
189
81.432
190
80.6686
191
79.9051
192
79.1417
193
78.3783
194
77.6149
195
76.8515
196
76.0881
197
75.3247
198
74.5613
199
73.7979
200
73.0345
201
72.271
202
71.5076
203
70.7442
204
69.9808
205
69.2174
206
68.454
207
67.6906
208
66.9272
209
66.1638
210
65.4003
211
64.6369
212
63.8735
213
63.1101
214
62.3467
215
61.5833
216
60.8199
217
60.0565
218
59.2931
219
58.5297
220
57.7662
221
57.0028
222
56.2394
223
55.476
224
54.7126
225
53.9492
226
53.1858
227
52.4224
228
51.659
229
50.8955
230
50.1321
231
49.3687
232
48.6053
233
47.8419
234
47.0785
235
46.3151
236
45.5517
237
44.7883
238
44.0249
239
43.2614
240
42.498
241
41.7346
242
40.9712
243
40.2078
244
39.4444
245
38.681
246
37.9176
247
37.1542
248
36.3908
249
35.6273
250
34.8639
251
34.1005
252
33.3371
253
32.5737
254
31.8103
255
31.0469
256
30.2835
254.99
53
253.297
54
251.603
55
249.91
56
248.217
57
246.524
58
244.831
59
243.137
60
241.444
61
239.751
62
238.058
63
236.365
64
234.671
65
232.978
66
231.285
67
229.592
68
227.899
69
226.205
70
224.512
71
222.819
72
221.126
73
219.433
74
217.739
75
216.046
76
214.353
77
212.66
78
210.967
79
209.273
80
207.58
81
205.887
82
204.194
83
202.501
84
200.807
85
199.114
86
197.421
87
195.728
88
194.035
89
192.342
90
190.648
91
188.955
92
187.262
93
185.569
94
183.876
95
182.182
96
180.489
97
178.796
98
177.103
99
175.41
100
173.716
101
172.023
102
170.33
103
168.637
104
166.944
105
165.25
106
163.557
107
161.864
108
160.171
109
158.478
110
156.784
111
155.091
112
153.398
113
151.705
114
150.012
115
148.318
116
146.625
117
144.932
118
143.239
119
141.546
120
139.852
121
138.159
122
136.466
123
134.773
124
133.08
125
131.386
126
129.693
127
128
128
126.307
129
124.614
130
122.92
131
121.227
132
119.534
133
117.841
134
116.148
135
114.454
136
112.761
137
111.068
138
109.375
139
107.682
140
105.988
141
104.295
142
102.602
143
100.909
144
99.2156
145
97.5224
146
95.8292
147
94.1361
148
92.4429
149
90.7497
150
89.0565
151
87.3633
152
85.6701
153
83.9769
154
82.2837
155
80.5905
156
78.8973
157
77.2041
158
75.5109
159
73.8177
160
72.1245
161
70.4313
162
68.7381
163
67.0449
164
65.3517
165
63.6585
166
61.9653
167
60.2721
168
58.5789
169
56.8857
170
55.1925
171
53.4993
172
51.8061
173
50.1129
174
48.4197
175
46.7265
176
45.0333
177
43.3401
178
41.6469
179
39.9537
180
38.2605
181
36.5673
182
34.8741
183
33.1809
184
31.4877
185
29.7945
186
28.1013
187
26.4082
188
24.715
189
23.0218
190
21.3286
191
19.6354
192
17.9422
193
16.249
194
14.5558
195
12.8626
196
11.1694
197
9.47618
198
7.78298
199
6.08978
200
4.39658
201
2.70339
202
1.01019
203
1.42109e-14
203.597
1
203.006
2
202.415
3
201.825
4
201.234
5
200.644
6
200.053
7
199.462
8
198.872
9
198.281
10
197.691
11
197.1
12
196.509
13
195.919
14
195.328
15
194.738
16
194.147
17
193.556
18
192.966
19
192.375
20
191.785
21
191.194
22
190.603
23
190.013
24
189.422
25
188.832
26
188.241
27
187.65
28
187.06
29
186.469
30
185.879
31
185.288
32
184.697
33
184.107
34
183.516
35
182.926
36
182.335
37
181.744
38
181.154
39
180.563
40
179.973
41
179.382
42
178.791
43
178.201
44
177.61
45
177.02
46
176.429
47
175.838
48
175.248
49
174.657
50
174.067
51
173.476
52
172.885
53
172.295
54
171.704
55
171.114
56
170.523
57
169.932
58
169.342
59
168.751
60
168.161
61
167.57
62
166.98
63
166.389
64
165.798
65
165.208
66
164.617
67
164.027
68
163.436
69
162.845
70
162.255
71
161.664
72
161.074
73
160.483
74
159.892
75
159.302
76
158.711
77
158.121
78
157.53
79
156.939
80
156.349
81
155.758
82
155.168
83
154.577
84
153.986
85
153.396
86
152.805
87
152.215
88
151.624
89
151.033
90
150.443
91
149.852
92
149.262
93
148.671
94
148.08
95
147.49
96
146.899
97
146.309
98
145.718
99
145.127
100
144.537
101
143.946
102
143.356
103
142.765
104
142.174
105
141.584
106
140.993
107
140.403
108
139.812
109
139.221
110
138.631
111
138.04
112
137.45
113
136.859
114
136.268
115
135.678
116
135.087
117
134.497
118
133.906
119
133.315
120
132.725
121
132.134
122
131.544
123
130.953
124
130.362
125
129.772
126
129.181
127
128.591
128
128
129
127.409
130
126.819
131
126.228
132
125.638
133
125.047
134
124.456
135
123.866
136
123.275
137
122.685
138
122.094
139
121.503
140
120.913
141
120.322
142
119.732
143
119.141
144
118.55
145
117.96
146
117.369
147
116.779
148
116.188
149
115.597
150
115.007
151
114.416
152
113.826
153
113.235
154
112.644
155
112.054
156
111.463
157
110.873
158
110.282
159
109.691
160
109.101
161
108.51
162
107.92
163
107.329
164
106.738
165
106.148
166
105.557
167
104.967
168
104.376
169
103.785
170
103.195
171
102.604
172
102.014
173
101.423
174
100.832
175
100.242
176
99.6513
177
99.0607
178
98.4701
179
97.8795
180
97.2889
181
96.6983
182
96.1077
183
95.5171
184
94.9265
185
94.3359
186
93.7453
187
93.1547
188
92.5641
189
91.9735
190
91.3829
191
90.7923
192
90.2017
193
89.6111
194
89.0205
195
88.4299
196
87.8393
197
87.2487
198
86.6581
199
86.0675
200
85.4769
201
84.8863
202
84.2957
203
83.7051
204
83.1145
205
82.5239
206
81.9333
207
81.3427
208
80.7521
209
80.1615
210
79.5709
211
78.9803
212
78.3897
213
77.7991
214
77.2085
215
76.6179
216
76.0273
217
75.4367
218
74.8461
219
74.2555
220
73.6649
221
73.0743
222
72.4837
223
71.8931
224
71.3025
225
70.7119
226
70.1213
227
69.5307
228
68.9401
229
68.3495
230
67.7589
231
67.1683
232
66.5777
233
65.9872
234
65.3966
235
64.806
236
64.2154
237
63.6248
238
63.0342
239
62.4436
240
61.853
241
61.2624
242
60.6718
243
60.0812
244
59.4906
245
58.9
246
58.3094
247
57.7188
248
57.1282
249
56.5376
250
55.947
251
55.3564
252
54.7658
253
54.1752
254
53.5846
255
52.994
256
52.4034
255.128
72
252.858
73
250.587
74
248.317
75
246.047
76
243.777
77
241.507
78
239.237
79
236.967
80
234.696
81
232.426
82
230.156
83
227.886
84
225.616
85
223.346
86
221.076
87
218.806
88
216.535
89
214.265
90
211.995
91
209.725
92
207.455
93
205.185
94
202.915
95
200.644
96
198.374
97
196.104
98
193.834
99
191.564
100
189.294
101
187.024
102
184.753
103
182.483
104
180.213
105
177.943
106
175.673
107
173.403
108
171.133
109
168.862
110
166.592
111
164.322
112
162.052
113
159.782
114
157.512
115
155.242
116
152.972
117
150.701
118
148.431
119
146.161
120
143.891
121
141.621
122
139.351
123
137.081
124
134.81
125
132.54
126
130.27
127
128
128
125.73
129
123.46
130
121.19
131
118.919
132
116.649
133
114.379
134
112.109
135
109.839
136
107.569
137
105.299
138
103.028
139
100.758
140
98.4882
141
96.2181
142
93.9479
143
91.6778
144
89.4077
145
87.1375
146
84.8674
147
82.5972
148
80.3271
149
78.057
150
75.7868
151
73.5167
152
71.2466
153
68.9764
154
66.7063
155
64.4361
156
62.166
157
59.8959
158
57.6257
159
55.3556
160
53.0855
161
50.8153
162
48.5452
163
46.275
164
44.0049
165
41.7348
166
39.4646
167
37.1945
168
34.9244
169
32.6542
170
30.3841
171
28.1139
172
25.8438
173
23.5737
174
21.3035
175
19.0334
176
16.7633
177
14.4931
178
12.223
179
9.95285
180
7.68271
181
5.41257
182
3.14244
183
0.8723
184
0
184.384
1
183.944
2
183.503
3
183.063
4
182.622
5
182.182
6
181.741
7
181.301
8
180.86
9
180.42
10
179.979
11
179.539
12
179.098
13
178.658
14
178.217
15
177.777
16
177.336
17
176.896
18
176.455
19
176.015
20
175.574
21
175.134
22
174.693
23
174.253
24
173.812
25
173.372
26
172.931
27
172.491
28
172.05
29
171.61
30
171.169
31
170.729
32
170.288
33
169.848
34
169.407
35
168.967
36
168.526
37
168.086
38
167.645
39
167.205
40
166.764
41
166.324
42
165.883
43
165.443
44
165.002
45
164.562
46
164.121
47
163.681
48
163.24
49
162.8
50
162.359
51
161.919
52
161.478
53
161.038
54
160.597
55
160.157
56
159.716
57
159.276
58
158.835
59
158.395
60
157.954
61
157.514
62
157.073
63
156.633
64
156.192
65
155.752
66
155.311
67
154.871
68
154.43
69
153.99
70
153.549
71
153.109
72
152.668
73
152.228
74
151.787
75
151.347
76
150.906
77
150.466
78
150.025
79
149.585
80
149.144
81
148.704
82
148.263
83
147.823
84
147.382
85
146.942
86
146.501
87
146.061
88
145.62
89
145.18
90
144.739
91
144.299
92
143.858
93
143.418
94
142.977
95
142.537
96
142.096
97
141.656
98
141.215
99
140.775
100
140.334
101
139.894
102
139.453
103
139.013
104
138.572
105
138.132
106
137.691
107
137.251
108
136.81
109
136.37
110
135.929
111
135.489
112
135.048
113
134.608
114
134.167
115
133.727
116
133.286
117
132.846
118
132.405
119
131.965
120
131.524
121
131.084
122
130.643
123
130.203
124
129.762
125
129.322
126
128.881
127
128.441
128
128
129
127.559
130
127.119
131
126.678
132
126.238
133
125.797
134
125.357
135
124.916
136
124.476
137
124.035
138
123.595
139
123.154
140
122.714
141
122.273
142
121.833
143
121.392
144
120.952
145
120.511
146
120.071
147
119.63
148
119.19
149
118.749
150
118.309
151
117.868
152
117.428
153
116.987
154
116.547
155
116.106
156
115.666
157
115.225
158
114.785
159
114.344
160
113.904
161
113.463
162
113.023
163
112.582
164
112.142
165
111.701
166
111.261
167
110.82
168
110.38
169
109.939
170
109.499
171
109.058
172
108.618
173
108.177
174
107.737
175
107.296
176
106.856
177
106.415
178
105.975
179
105.534
180
105.094
181
104.653
182
104.213
183
103.772
184
103.332
185
102.891
186
102.451
187
102.01
188
101.57
189
101.129
190
100.689
191
100.248
192
99.8079
193
99.3674
194
98.9269
195
98.4864
196
98.0459
197
97.6054
198
97.1649
199
96.7244
200
96.2839
201
95.8434
202
95.4029
203
94.9624
204
94.5219
205
94.0813
206
93.6408
207
93.2003
208
92.7598
209
92.3193
210
91.8788
211
91.4383
212
90.9978
213
90.5573
214
90.1168
215
89.6763
216
89.2358
217
88.7953
218
88.3548
219
87.9143
220
87.4738
221
87.0333
222
86.5928
223
86.1523
224
85.7118
225
85.2713
226
84.8308
227
84.3903
228
83.9498
229
83.5093
230
83.0688
231
82.6283
232
82.1878
233
81.7473
234
81.3068
235
80.8663
236
80.4258
237
79.9853
238
79.5448
239
79.1043
240
78.6638
241
78.2233
242
77.7828
243
77.3423
244
76.9018
245
76.4613
246
76.0208
247
75.5803
248
75.1398
249
74.6993
250
74.2588
251
73.8183
252
73.3778
253
72.9373
254
72.4968
255
72.0563
256
71.6158
255.714
89
252.439
90
249.164
91
245.89
92
242.615
93
239.34
94
236.065
95
232.791
96
229.516
97
226.241
98
222.967
99
219.692
100
216.417
101
213.142
102
209.868
103
206.593
104
203.318
105
200.044
106
196.769
107
193.494
108
190.219
109
186.945
110
183.67
111
180.395
112
177.121
113
173.846
114
170.571
115
167.297
116
164.022
117
160.747
118
157.472
119
154.198
120
150.923
121
147.648
122
144.374
123
141.099
124
137.824
125
134.549
126
131.275
127
128
128
124.725
129
121.451
130
118.176
131
114.901
132
111.626
133
108.352
134
105.077
135
101.802
136
98.5276
137
95.2529
138
91.9782
139
88.7035
140
85.4288
141
82.1541
142
78.8794
143
75.6047
144
72.3299
145
69.0552
146
65.7805
147
62.5058
148
59.2311
149
55.9564
150
52.6817
151
49.407
152
46.1323
153
42.8576
154
39.5829
155
36.3081
156
33.0334
157
29.7587
158
26.484
159
23.2093
160
19.9346
161
16.6599
162
13.3852
163
10.1105
164
6.83576
165
3.56105
166
0.286342
167
0
167.087
1
166.782
2
166.477
3
166.171
4
165.866
5
165.561
6
165.255
7
164.95
8
164.644
9
164.339
10
164.034
11
163.728
12
163.423
13
163.118
14
162.812
15
162.507
16
162.202
17
161.896
18
161.591
19
161.285
20
160.98
21
160.675
22
160.369
23
160.064
24
159.759
25
159.453
26
159.148
27
158.842
28
158.537
29
158.232
30
157.926
31
157.621
32
157.316
33
157.01
34
156.705
35
156.399
36
156.094
37
155.789
38
155.483
39
155.178
40
154.873
41
154.567
42
154.262
43
153.957
44
153.651
45
153.346
46
153.04
47
152.735
48
152.43
49
152.124
50
151.819
51
151.514
52
151.208
53
150.903
54
150.597
55
150.292
56
149.987
57
149.681
58
149.376
59
149.071
60
148.765
61
148.46
62
148.154
63
147.849
64
147.544
65
147.238
66
146.933
67
146.628
68
146.322
69
146.017
70
145.711
71
145.406
72
145.101
73
144.795
74
144.49
75
144.185
76
143.879
77
143.574
78
143.269
79
142.963
80
142.658
81
142.352
82
142.047
83
141.742
84
141.436
85
141.131
86
140.826
87
140.52
88
140.215
89
139.909
90
139.604
91
139.299
92
138.993
93
138.688
94
138.383
95
138.077
96
137.772
97
137.466
98
137.161
99
136.856
100
136.55
101
136.245
102
135.94
103
135.634
104
135.329
105
135.024
106
134.718
107
134.413
108
134.107
109
133.802
110
133.497
111
133.191
112
132.886
113
132.581
114
132.275
115
131.97
116
131.664
117
131.359
118
131.054
119
130.748
120
130.443
121
130.138
122
129.832
123
129.527
124
129.221
125
128.916
126
128.611
127
128.305
128
128
129
127.695
130
127.389
131
127.084
132
126.779
133
126.473
134
126.168
135
125.862
136
125.557
137
125.252
138
124.946
139
124.641
140
124.336
141
124.03
142
123.725
143
123.419
144
123.114
145
122.809
146
122.503
147
122.198
148
121.893
149
121.587
150
121.282
151
120.976
152
120.671
153
120.366
154
120.06
155
119.755
156
119.45
157
119.144
158
118.839
159
118.534
160
118.228
161
117.923
162
117.617
163
117.312
164
117.007
165
116.701
166
116.396
167
116.091
168
115.785
169
115.48
170
115.174
171
114.869
172
114.564
173
114.258
174
113.953
175
113.648
176
113.342
177
113.037
178
112.731
179
112.426
180
112.121
181
111.815
182
111.51
183
111.205
184
110.899
185
110.594
186
110.289
187
109.983
188
109.678
189
109.372
190
109.067
191
108.762
192
108.456
193
108.151
194
107.846
195
107.54
196
107.235
197
106.929
198
106.624
199
106.319
200
106.013
201
105.708
202
105.403
203
105.097
204
104.792
205
104.486
206
104.181
207
103.876
208
103.57
209
103.265
210
102.96
211
102.654
212
102.349
213
102.043
214
101.738
215
101.433
216
101.127
217
100.822
218
100.517
219
100.211
220
99.9059
221
99.6005
222
99.2952
223
98.9898
224
98.6844
225
98.379
226
98.0737
227
97.7683
228
97.4629
229
97.1576
230
96.8522
231
96.5468
232
96.2415
233
95.9361
234
95.6307
235
95.3253
236
95.02
237
94.7146
238
94.4092
239
94.1039
240
93.7985
241
93.4931
242
93.1877
243
92.8824
244
92.577
245
92.2716
246
91.9663
247
91.6609
248
91.3555
249
91.0502
250
90.7448
251
90.4394
252
90.134
253
89.8287
254
89.5233
255
89.2179
256
88.9126
255.974
105
250.41
106
244.846
107
239.281
108
233.717
109
228.153
110
222.589
111
217.025
112
211.461
113
205.897
114
200.333
115
194.769
116
189.205
117
183.641
118
178.077
119
172.513
120
166.949
121
161.384
122
155.82
123
150.256
124
144.692
125
139.128
126
133.564
127
128
128
122.436
129
116.872
130
111.308
131
105.744
132
100.18
133
94.6156
134
89.0515
135
83.4874
136
77.9233
137
72.3593
138
66.7952
139
61.2311
140
55.667
141
50.103
142
44.5389
143
38.9748
144
33.4107
145
27.8467
146
22.2826
147
16.7185
148
11.1544
149
5.59037
150
0.0262984
151
0
151.005
1
150.825
2
150.645
3
150.466
4
150.286
5
150.106
6
149.926
7
149.747
8
149.567
9
149.387
10
149.207
11
149.028
12
148.848
13
148.668
14
148.489
15
148.309
16
148.129
17
147.949
18
147.77
19
147.59
20
147.41
21
147.231
22
147.051
23
146.871
24
146.691
25
146.512
26
146.332
27
146.152
28
145.972
29
145.793
30
145.613
31
145.433
32
145.254
33
145.074
34
144.894
35
144.714
36
144.535
37
144.355
38
144.175
39
143.995
40
143.816
41
143.636
42
143.456
43
143.277
44
143.097
45
142.917
46
142.737
47
142.558
48
142.378
49
142.198
50
142.019
51
141.839
52
141.659
53
141.479
54
141.3
55
141.12
56
140.94
57
140.76
58
140.581
59
140.401
60
140.221
61
140.042
62
139.862
63
139.682
64
139.502
65
139.323
66
139.143
67
138.963
68
138.783
69
138.604
70
138.424
71
138.244
72
138.065
73
137.885
74
137.705
75
137.525
76
137.346
77
137.166
78
136.986
79
136.806
80
136.627
81
136.447
82
136.267
83
136.088
84
135.908
85
135.728
86
135.548
87
135.369
88
135.189
89
135.009
90
134.83
91
134.65
92
134.47
93
134.29
94
134.111
95
133.931
96
133.751
97
133.571
98
133.392
99
133.212
100
133.032
101
132.853
102
132.673
103
132.493
104
132.313
105
132.134
106
131.954
107
131.774
108
131.594
109
131.415
110
131.235
111
131.055
112
130.876
113
130.696
114
130.516
115
130.336
116
130.157
117
129.977
118
129.797
119
129.618
120
129.438
121
129.258
122
129.078
123
128.899
124
128.719
125
128.539
126
128.359
127
128.18
128
128
129
127.82
130
127.641
131
127.461
132
127.281
133
127.101
134
126.922
135
126.742
136
126.562
137
126.382
138
126.203
139
126.023
140
125.843
141
125.664
142
125.484
143
125.304
144
125.124
145
124.945
146
124.765
147
124.585
148
124.406
149
124.226
150
124.046
151
123.866
152
123.687
153
123.507
154
123.327
155
123.147
156
122.968
157
122.788
158
122.608
159
122.429
160
122.249
161
122.069
162
121.889
163
121.71
164
121.53
165
121.35
166
121.17
167
120.991
168
120.811
169
120.631
170
120.452
171
120.272
172
120.092
173
119.912
174
119.733
175
119.553
176
119.373
177
119.194
178
119.014
179
118.834
180
118.654
181
118.475
182
118.295
183
118.115
184
117.935
185
117.756
186
117.576
187
117.396
188
117.217
189
117.037
190
116.857
191
116.677
192
116.498
193
116.318
194
116.138
195
115.958
196
115.779
197
115.599
198
115.419
199
115.24
200
115.06
201
114.88
202
114.7
203
114.521
204
114.341
205
114.161
206
113.981
207
113.802
208
113.622
209
113.442
210
113.263
211
113.083
212
112.903
213
112.723
214
112.544
215
112.364
216
112.184
217
112.005
218
111.825
219
111.645
220
111.465
221
111.286
222
111.106
223
110.926
224
110.746
225
110.567
226
110.387
227
110.207
228
110.028
229
109.848
230
109.668
231
109.488
232
109.309
233
109.129
234
108.949
235
108.769
236
108.59
237
108.41
238
108.23
239
108.051
240
107.871
241
107.691
242
107.511
243
107.332
244
107.152
245
106.972
246
106.793
247
106.613
248
106.433
249
106.253
250
106.074
251
105.894
252
105.714
253
105.534
254
105.355
255
105.175
256
104.995
245.955
121
229.104
122
212.253
123
195.403
124
178.552
125
161.701
126
144.851
127
128
128
111.149
129
94.2987
130
77.448
131
60.5974
132
43.7467
133
26.896
134
10.0454
135
1.42109e-14
135.596
1
135.537
2
135.477
3
135.418
4
135.359
5
135.299
6
135.24
7
135.181
8
135.121
9
135.062
10
135.003
11
134.943
12
134.884
13
134.825
14
134.765
15
134.706
16
134.647
17
134.587
18
134.528
19
134.469
20
134.409
21
134.35
22
134.291
23
134.231
24
134.172
25
134.113
26
134.053
27
133.994
28
133.934
29
133.875
30
133.816
31
133.756
32
133.697
33
133.638
34
133.578
35
133.519
36
133.46
37
133.4
38
133.341
39
133.282
40
133.222
41
133.163
42
133.104
43
133.044
44
132.985
45
132.926
46
132.866
47
132.807
48
132.748
49
132.688
50
132.629
51
132.57
52
132.51
53
132.451
54
132.392
55
132.332
56
132.273
57
132.213
58
132.154
59
132.095
60
132.035
61
131.976
62
131.917
63
131.857
64
131.798
65
131.739
66
131.679
67
131.62
68
131.561
69
131.501
70
131.442
71
131.383
72
131.323
73
131.264
74
131.205
75
131.145
76
131.086
77
131.027
78
130.967
79
130.908
80
130.849
81
130.789
82
130.73
83
130.671
84
130.611
85
130.552
86
130.492
87
130.433
88
130.374
89
130.314
90
130.255
91
130.196
92
130.136
93
130.077
94
130.018
95
129.958
96
129.899
97
129.84
98
129.78
99
129.721
100
129.662
101
129.602
102
129.543
103
129.484
104
129.424
105
129.365
106
129.306
107
129.246
108
129.187
109
129.128
110
129.068
111
129.009
112
128.95
113
128.89
114
128.831
115
128.771
116
128.712
117
128.653
118
128.593
119
128.534
120
128.475
121
128.415
122
128.356
123
128.297
124
128.237
125
128.178
126
128.119
127
128.059
128
128
129
127.941
130
127.881
131
127.822
132
127.763
133
127.703
134
127.644
135
127.585
136
127.525
137
127.466
138
127.407
139
127.347
140
127.288
141
127.229
142
127.169
143
127.11
144
127.05
145
126.991
146
126.932
147
126.872
148
126.813
149
126.754
150
126.694
151
126.635
152
126.576
153
126.516
154
126.457
155
126.398
156
126.338
157
126.279
158
126.22
159
126.16
160
126.101
161
126.042
162
125.982
163
125.923
164
125.864
165
125.804
166
125.745
167
125.686
168
125.626
169
125.567
170
125.508
171
125.448
172
125.389
173
125.329
174
125.27
175
125.211
176
125.151
177
125.092
178
125.033
179
124.973
180
124.914
181
124.855
182
124.795
183
124.736
184
124.677
185
124.617
186
124.558
187
124.499
188
124.439
189
124.38
190
124.321
191
124.261
192
124.202
193
124.143
194
124.083
195
124.024
196
123.965
197
123.905
198
123.846
199
123.787
200
123.727
201
123.668
202
123.608
203
123.549
204
123.49
205
123.43
206
123.371
207
123.312
208
123.252
209
123.193
210
123.134
211
123.074
212
123.015
213
122.956
214
122.896
215
122.837
216
122.778
217
122.718
218
122.659
219
122.6
220
122.54
221
122.481
222
122.422
223
122.362
224
122.303
225
122.244
226
122.184
227
122.125
228
122.066
229
122.006
230
121.947
231
121.887
232
121.828
233
121.769
234
121.709
235
121.65
236
121.591
237
121.531
238
121.472
239
121.413
240
121.353
241
121.294
242
121.235
243
121.175
244
121.116
245
121.057
246
120.997
247
120.938
248
120.879
249
120.819
250
120.76
251
120.701
252
120.641
253
120.582
254
120.523
255
120.463
256
120.404
10.0454
121
26.896
122
43.7467
123
60.5974
124
77.448
125
94.2987
126
111.149
127
128
128
144.851
129
161.701
130
178.552
131
195.403
132
212.253
133
229.104
134
245.955
135
1.42109e-14
120.404
1
120.463
2
120.523
3
120.582
4
120.641
5
120.701
6
120.76
7
120.819
8
120.879
9
120.938
10
120.997
11
121.057
12
121.116
13
121.175
14
121.235
15
121.294
16
121.353
17
121.413
18
121.472
19
121.531
20
121.591
21
121.65
22
121.709
23
121.769
24
121.828
25
121.887
26
121.947
27
122.006
28
122.066
29
122.125
30
122.184
31
122.244
32
122.303
33
122.362
34
122.422
35
122.481
36
122.54
37
122.6
38
122.659
39
122.718
40
122.778
41
122.837
42
122.896
43
122.956
44
123.015
45
123.074
46
123.134
47
123.193
48
123.252
49
123.312
50
123.371
51
123.43
52
123.49
53
123.549
54
123.608
55
123.668
56
123.727
57
123.787
58
123.846
59
123.905
60
123.965
61
124.024
62
124.083
63
124.143
64
124.202
65
124.261
66
124.321
67
124.38
68
124.439
69
124.499
70
124.558
71
124.617
72
124.677
73
124.736
74
124.795
75
124.855
76
124.914
77
124.973
78
125.033
79
125.092
80
125.151
81
125.211
82
125.27
83
125.329
84
125.389
85
125.448
86
125.508
87
125.567
88
125.626
89
125.686
90
125.745
91
125.804
92
125.864
93
125.923
94
125.982
95
126.042
96
126.101
97
126.16
98
126.22
99
126.279
100
126.338
101
126.398
102
126.457
103
126.516
104
126.576
105
126.635
106
126.694
107
126.754
108
126.813
109
126.872
110
126.932
111
126.991
112
127.05
113
127.11
114
127.169
115
127.229
116
127.288
117
127.347
118
127.407
119
127.466
120
127.525
121
127.585
122
127.644
123
127.703
124
127.763
125
127.822
126
127.881
127
127.941
128
128
129
128.059
130
128.119
131
128.178
132
128.237
133
128.297
134
128.356
135
128.415
136
128.475
137
128.534
138
128.593
139
128.653
140
128.712
141
128.771
142
128.831
143
128.89
144
128.95
145
129.009
146
129.068
147
129.128
148
129.187
149
129.246
150
129.306
151
129.365
152
129.424
153
129.484
154
129.543
155
129.602
156
129.662
157
129.721
158
129.78
159
129.84
160
129.899
161
129.958
162
130.018
163
130.077
164
130.136
165
130.196
166
130.255
167
130.314
168
130.374
169
130.433
170
130.492
171
130.552
172
130.611
173
130.671
174
130.73
175
130.789
176
130.849
177
130.908
178
130.967
179
131.027
180
131.086
181
131.145
182
131.205
183
131.264
184
131.323
185
131.383
186
131.442
187
131.501
188
131.561
189
131.62
190
131.679
191
131.739
192
131.798
193
131.857
194
131.917
195
131.976
196
132.035
197
132.095
198
132.154
199
132.213
200
132.273
201
132.332
202
132.392
203
132.451
204
132.51
205
132.57
206
132.629
207
132.688
208
132.748
209
132.807
210
132.866
211
132.926
212
132.985
213
133.044
214
133.104
215
133.163
216
133.222
217
133.282
218
133.341
219
133.4
220
133.46
221
133.519
222
133.578
223
133.638
224
133.697
225
133.756
226
133.816
227
133.875
228
133.934
229
133.994
230
134.053
231
134.113
232
134.172
233
134.231
234
134.291
235
134.35
236
134.409
237
134.469
238
134.528
239
134.587
240
134.647
241
134.706
242
134.765
243
134.825
244
134.884
245
134.943
246
135.003
247
135.062
248
135.121
249
135.181
250
135.24
251
135.299
252
135.359
253
135.418
254
135.477
255
135.537
256
135.596
0.0262984
105
5.59037
106
11.1544
107
16.7185
108
22.2826
109
27.8467
110
33.4107
111
38.9748
112
44.5389
113
50.103
114
55.667
115
61.2311
116
66.7952
117
72.3593
118
77.9233
119
83.4874
120
89.0515
121
94.6156
122
100.18
123
105.744
124
111.308
125
116.872
126
122.436
127
128
128
133.564
129
139.128
130
144.692
131
150.256
132
155.82
133
161.384
134
166.949
135
172.513
136
178.077
137
183.641
138
189.205
139
194.769
140
200.333
141
205.897
142
211.461
143
217.025
144
222.589
145
228.153
146
233.717
147
239.281
148
244.846
149
250.41
150
255.974
151
0
104.995
1
105.175
2
105.355
3
105.534
4
105.714
5
105.894
6
106.074
7
106.253
8
106.433
9
106.613
10
106.793
11
106.972
12
107.152
13
107.332
14
107.511
15
107.691
16
107.871
17
108.051
18
108.23
19
108.41
20
108.59
21
108.769
22
108.949
23
109.129
24
109.309
25
109.488
26
109.668
27
109.848
28
110.028
29
110.207
30
110.387
31
110.567
32
110.746
33
110.926
34
111.106
35
111.286
36
111.465
37
111.645
38
111.825
39
112.005
40
112.184
41
112.364
42
112.544
43
112.723
44
112.903
45
113.083
46
113.263
47
113.442
48
113.622
49
113.802
50
113.981
51
114.161
52
114.341
53
114.521
54
114.7
55
114.88
56
115.06
57
115.24
58
115.419
59
115.599
60
115.779
61
115.958
62
116.138
63
116.318
64
116.498
65
116.677
66
116.857
67
117.037
68
117.217
69
117.396
70
117.576
71
117.756
72
117.935
73
118.115
74
118.295
75
118.475
76
118.654
77
118.834
78
119.014
79
119.194
80
119.373
81
119.553
82
119.733
83
119.912
84
120.092
85
120.272
86
120.452
87
120.631
88
120.811
89
120.991
90
121.17
91
121.35
92
121.53
93
121.71
94
121.889
95
122.069
96
122.249
97
122.429
98
122.608
99
122.788
100
122.968
101
123.147
102
123.327
103
123.507
104
123.687
105
123.866
106
124.046
107
124.226
108
124.406
109
124.585
110
124.765
111
124.945
112
125.124
113
125.304
114
125.484
115
125.664
116
125.843
117
126.023
118
126.203
119
126.382
120
126.562
121
126.742
122
126.922
123
127.101
124
127.281
125
127.461
126
127.641
127
127.82
128
128
129
128.18
130
128.359
131
128.539
132
128.719
133
128.899
134
129.078
135
129.258
136
129.438
137
129.618
138
129.797
139
129.977
140
130.157
141
130.336
142
130.516
143
130.696
144
130.876
145
131.055
146
131.235
147
131.415
148
131.594
149
131.774
150
131.954
151
132.134
152
132.313
153
132.493
154
132.673
155
132.853
156
133.032
157
133.212
158
133.392
159
133.571
160
133.751
161
133.931
162
134.111
163
134.29
164
134.47
165
134.65
166
134.83
167
135.009
168
135.189
169
135.369
170
135.548
171
135.728
172
135.908
173
136.088
174
136.267
175
136.447
176
136.627
177
136.806
178
136.986
179
137.166
180
137.346
181
137.525
182
137.705
183
137.885
184
138.065
185
138.244
186
138.424
187
138.604
188
138.783
189
138.963
190
139.143
191
139.323
192
139.502
193
139.682
194
139.862
195
140.042
196
140.221
197
140.401
198
140.581
199
140.76
200
140.94
201
141.12
202
141.3
203
141.479
204
141.659
205
141.839
206
142.019
207
142.198
208
142.378
209
142.558
210
142.737
211
142.917
212
143.097
213
143.277
214
143.456
215
143.636
216
143.816
217
143.995
218
144.175
219
144.355
220
144.535
221
144.714
222
144.894
223
145.074
224
145.254
225
145.433
226
145.613
227
145.793
228
145.972
229
146.152
230
146.332
231
146.512
232
146.691
233
146.871
234
147.051
235
147.231
236
147.41
237
147.59
238
147.77
239
147.949
240
148.129
241
148.309
242
148.489
243
148.668
244
148.848
245
149.028
246
149.207
247
149.387
248
149.567
249
149.747
250
149.926
251
150.106
252
150.286
253
150.466
254
150.645
255
150.825
256
151.005
0.286342
89
3.56105
90
6.83576
91
10.1105
92
13.3852
93
16.6599
94
19.9346
95
23.2093
96
26.484
97
29.7587
98
33.0334
99
36.3081
100
39.5829
101
42.8576
102
46.1323
103
49.407
104
52.6817
105
55.9564
106
59.2311
107
62.5058
108
65.7805
109
69.0552
110
72.3299
111
75.6047
112
78.8794
113
82.1541
114
85.4288
115
88.7035
116
91.9782
117
95.2529
118
98.5276
119
101.802
120
105.077
121
108.352
122
111.626
123
114.901
124
118.176
125
121.451
126
124.725
127
128
128
131.275
129
134.549
130
137.824
131
141.099
132
144.374
133
147.648
134
150.923
135
154.198
136
157.472
137
160.747
138
164.022
139
167.297
140
170.571
141
173.846
142
177.121
143
180.395
144
183.67
145
186.945
146
190.219
147
193.494
148
196.769
149
200.044
150
203.318
151
206.593
152
209.868
153
213.142
154
216.417
155
219.692
156
222.967
157
226.241
158
229.516
159
232.791
160
236.065
161
239.34
162
242.615
163
245.89
164
249.164
165
252.439
166
255.714
167
0
88.9126
1
89.2179
2
89.5233
3
89.8287
4
90.134
5
90.4394
6
90.7448
7
91.0502
8
91.3555
9
91.6609
10
91.9663
11
92.2716
12
92.577
13
92.8824
14
93.1877
15
93.4931
16
93.7985
17
94.1039
18
94.4092
19
94.7146
20
95.02
21
95.3253
22
95.6307
23
95.9361
24
96.2415
25
96.5468
26
96.8522
27
97.1576
28
97.4629
29
97.7683
30
98.0737
31
98.379
32
98.6844
33
98.9898
34
99.2952
35
99.6005
36
99.9059
37
100.211
38
100.517
39
100.822
40
101.127
41
101.433
42
101.738
43
102.043
44
102.349
45
102.654
46
102.96
47
103.265
48
103.57
49
103.876
50
104.181
51
104.486
52
104.792
53
105.097
54
105.403
55
105.708
56
106.013
57
106.319
58
106.624
59
106.929
60
107.235
61
107.54
62
107.846
63
108.151
64
108.456
65
108.762
66
109.067
67
109.372
68
109.678
69
109.983
70
110.289
71
110.594
72
110.899
73
111.205
74
111.51
75
111.815
76
112.121
77
112.426
78
112.731
79
113.037
80
113.342
81
113.648
82
113.953
83
114.258
84
114.564
85
114.869
86
115.174
87
115.48
88
115.785
89
116.091
90
116.396
91
116.701
92
117.007
93
117.312
94
117.617
95
117.923
96
118.228
97
118.534
98
118.839
99
119.144
100
119.45
101
119.755
102
120.06
103
120.366
104
120.671
105
120.976
106
121.282
107
121.587
108
121.893
109
122.198
110
122.503
111
122.809
112
123.114
113
123.419
114
123.725
115
124.03
116
124.336
117
124.641
118
124.946
119
125.252
120
125.557
121
125.862
122
126.168
123
126.473
124
126.779
125
127.084
126
127.389
127
127.695
128
128
129
128.305
130
128.611
131
128.916
132
129.221
133
129.527
134
129.832
135
130.138
136
130.443
137
130.748
138
131.054
139
131.359
140
131.664
141
131.97
142
132.275
143
132.581
144
132.886
145
133.191
146
133.497
147
133.802
148
134.107
149
134.413
150
134.718
151
135.024
152
135.329
153
135.634
154
135.94
155
136.245
156
136.55
157
136.856
158
137.161
159
137.466
160
137.772
161
138.077
162
138.383
163
138.688
164
138.993
165
139.299
166
139.604
167
139.909
168
140.215
169
140.52
170
140.826
171
141.131
172
141.436
173
141.742
174
142.047
175
142.352
176
142.658
177
142.963
178
143.269
179
143.574
180
143.879
181
144.185
182
144.49
183
144.795
184
145.101
185
145.406
186
145.711
187
146.017
188
146.322
189
146.628
190
146.933
191
147.238
192
147.544
193
147.849
194
148.154
195
148.46
196
148.765
197
149.071
198
149.376
199
149.681
200
149.987
201
150.292
202
150.597
203
150.903
204
151.208
205
151.514
206
151.819
207
152.124
208
152.43
209
152.735
210
153.04
211
153.346
212
153.651
213
153.957
214
154.262
215
154.567
216
154.873
217
155.178
218
155.483
219
155.789
220
156.094
221
156.399
222
156.705
223
157.01
224
157.316
225
157.621
226
157.926
227
158.232
228
158.537
229
158.842
230
159.148
231
159.453
232
159.759
233
160.064
234
160.369
235
160.675
236
160.98
237
161.285
238
161.591
239
161.896
240
162.202
241
162.507
242
162.812
243
163.118
244
163.423
245
163.728
246
164.034
247
164.339
248
164.644
249
164.95
250
165.255
251
165.561
252
165.866
253
166.171
254
166.477
255
166.782
256
167.087
0.8723
72
3.14244
73
5.41257
74
7.68271
75
9.95285
76
12.223
77
14.4931
78
16.7633
79
19.0334
80
21.3035
81
23.5737
82
25.8438
83
28.1139
84
30.3841
85
32.6542
86
34.9244
87
37.1945
88
39.4646
89
41.7348
90
44.0049
91
46.275
92
48.5452
93
50.8153
94
53.0855
95
55.3556
96
57.6257
97
59.8959
98
62.166
99
64.4361
100
66.7063
101
68.9764
102
71.2466
103
73.5167
104
75.7868
105
78.057
106
80.3271
107
82.5972
108
84.8674
109
87.1375
110
89.4077
111
91.6778
112
93.9479
113
96.2181
114
98.4882
115
100.758
116
103.028
117
105.299
118
107.569
119
109.839
120
112.109
121
114.379
122
116.649
123
118.919
124
121.19
125
123.46
126
125.73
127
128
128
130.27
129
132.54
130
134.81
131
137.081
132
139.351
133
141.621
134
143.891
135
146.161
136
148.431
137
150.701
138
152.972
139
155.242
140
157.512
141
159.782
142
162.052
143
164.322
144
166.592
145
168.862
146
171.133
147
173.403
148
175.673
149
177.943
150
180.213
151
182.483
152
184.753
153
187.024
154
189.294
155
191.564
156
193.834
157
196.104
158
198.374
159
200.644
160
202.915
161
205.185
162
207.455
163
209.725
164
211.995
165
214.265
166
216.535
167
218.806
168
221.076
169
223.346
170
225.616
171
227.886
172
230.156
173
232.426
174
234.696
175
236.967
176
239.237
177
241.507
178
243.777
179
246.047
180
248.317
181
250.587
182
252.858
183
255.128
184
1.42109e-14
71.6158
1
72.0563
2
72.4968
3
72.9373
4
73.3778
5
73.8183
6
74.2588
7
74.6993
8
75.1398
9
75.5803
10
76.0208
11
76.4613
12
76.9018
13
77.3423
14
77.7828
15
78.2233
16
78.6638
17
79.1043
18
79.5448
19
79.9853
20
80.4258
21
80.8663
22
81.3068
23
81.7473
24
82.1878
25
82.6283
26
83.0688
27
83.5093
28
83.9498
29
84.3903
30
84.8308
31
85.2713
32
85.7118
33
86.1523
34
86.5928
35
87.0333
36
87.4738
37
87.9143
38
88.3548
39
88.7953
40
89.2358
41
89.6763
42
90.1168
43
90.5573
44
90.9978
45
91.4383
46
91.8788
47
92.3193
48
92.7598
49
93.2003
50
93.6408
51
94.0813
52
94.5219
53
94.9624
54
95.4029
55
95.8434
56
96.2839
57
96.7244
58
97.1649
59
97.6054
60
98.0459
61
98.4864
62
98.9269
63
99.3674
64
99.8079
65
100.248
66
100.689
67
101.129
68
101.57
69
102.01
70
102.451
71
102.891
72
103.332
73
103.772
74
104.213
75
104.653
76
105.094
77
105.534
78
105.975
79
106.415
80
106.856
81
107.296
82
107.737
83
108.177
84
108.618
85
109.058
86
109.499
87
109.939
88
110.38
89
110.82
90
111.261
91
111.701
92
112.142
93
112.582
94
113.023
95
113.463
96
113.904
97
114.344
98
114.785
99
115.225
100
115.666
101
116.106
102
116.547
103
116.987
104
117.428
105
117.868
106
118.309
107
118.749
108
119.19
109
119.63
110
120.071
111
120.511
112
120.952
113
121.392
114
121.833
115
122.273
116
122.714
117
123.154
118
123.595
119
124.035
120
124.476
121
124.916
122
125.357
123
125.797
124
126.238
125
126.678
126
127.119
127
127.559
128
128
129
128.441
130
128.881
131
129.322
132
129.762
133
130.203
134
130.643
135
131.084
136
131.524
137
131.965
138
132.405
139
132.846
140
133.286
141
133.727
142
134.167
143
134.608
144
135.048
145
135.489
146
135.929
147
136.37
148
136.81
149
137.251
150
137.691
151
138.132
152
138.572
153
139.013
154
139.453
155
139.894
156
140.334
157
140.775
158
141.215
159
141.656
160
142.096
161
142.537
162
142.977
163
143.418
164
143.858
165
144.299
166
144.739
167
145.18
168
145.62
169
146.061
170
146.501
171
146.942
172
147.382
173
147.823
174
148.263
175
148.704
176
149.144
177
149.585
178
150.025
179
150.466
180
150.906
181
151.347
182
151.787
183
152.228
184
152.668
185
153.109
186
153.549
187
153.99
188
154.43
189
154.871
190
155.311
191
155.752
192
156.192
193
156.633
194
157.073
195
157.514
196
157.954
197
158.395
198
158.835
199
159.276
200
159.716
201
160.157
202
160.597
203
161.038
204
161.478
205
161.919
206
162.359
207
162.8
208
163.24
209
163.681
210
164.121
211
164.562
212
165.002
213
165.443
214
165.883
215
166.324
216
166.764
217
167.205
218
167.645
219
168.086
220
168.526
221
168.967
222
169.407
223
169.848
224
170.288
225
170.729
226
171.169
227
171.61
228
172.05
229
172.491
230
172.931
231
173.372
232
173.812
233
174.253
234
174.693
235
175.134
236
175.574
237
176.015
238
176.455
239
176.896
240
177.336
241
177.777
242
178.217
243
178.658
244
179.098
245
179.539
246
179.979
247
180.42
248
180.86
249
181.301
250
181.741
251
182.182
252
182.622
253
183.063
254
183.503
255
183.944
256
184.384
1.01019
53
2.70339
54
4.39658
55
6.08978
56
7.78298
57
9.47618
58
11.1694
59
12.8626
60
14.5558
61
16.249
62
17.9422
63
19.6354
64
21.3286
65
23.0218
66
24.715
67
26.4082
68
28.1013
69
29.7945
70
31.4877
71
33.1809
72
34.8741
73
36.5673
74
38.2605
75
39.9537
76
41.6469
77
43.3401
78
45.0333
79
46.7265
80
48.4197
81
50.1129
82
51.8061
83
53.4993
84
55.1925
85
56.8857
86
58.5789
87
60.2721
88
61.9653
89
63.6585
90
65.3517
91
67.0449
92
68.7381
93
70.4313
94
72.1245
95
73.8177
96
75.5109
97
77.2041
98
78.8973
99
80.5905
100
82.2837
101
83.9769
102
85.6701
103
87.3633
104
89.0565
105
90.7497
106
92.4429
107
94.1361
108
95.8292
109
97.5224
110
99.2156
111
100.909
112
102.602
113
104.295
114
105.988
115
107.682
116
109.375
117
111.068
118
112.761
119
114.454
120
116.148
121
117.841
122
119.534
123
121.227
124
122.92
125
124.614
126
126.307
127
128
128
129.693
129
131.386
130
133.08
131
134.773
132
136.466
133
138.159
134
139.852
135
141.546
136
143.239
137
144.932
138
146.625
139
148.318
140
150.012
141
151.705
142
153.398
143
155.091
144
156.784
145
158.478
146
160.171
147
161.864
148
163.557
149
165.25
150
166.944
151
168.637
152
170.33
153
172.023
154
173.716
155
175.41
156
177.103
157
178.796
158
180.489
159
182.182
160
183.876
161
185.569
162
187.262
163
188.955
164
190.648
165
192.342
166
194.035
167
195.728
168
197.421
169
199.114
170
200.807
171
202.501
172
204.194
173
205.887
174
207.58
175
209.273
176
210.967
177
212.66
178
214.353
179
216.046
180
217.739
181
219.433
182
221.126
183
222.819
184
224.512
185
226.205
186
227.899
187
229.592
188
231.285
189
232.978
190
234.671
191
236.365
192
238.058
193
239.751
194
241.444
195
243.137
196
244.831
197
246.524
198
248.217
199
249.91
200
251.603
201
253.297
202
254.99
203
1.42109e-14
52.4034
1
52.994
2
53.5846
3
54.1752
4
54.7658
5
55.3564
6
55.947
7
56.5376
8
57.1282
9
57.7188
10
58.3094
11
58.9
12
59.4906
13
60.0812
14
60.6718
15
61.2624
16
61.853
17
62.4436
18
63.0342
19
63.6248
20
64.2154
21
64.806
22
65.3966
23
65.9872
24
66.5777
25
67.1683
26
67.7589
27
68.3495
28
68.9401
29
69.5307
30
70.1213
31
70.7119
32
71.3025
33
71.8931
34
72.4837
35
73.0743
36
73.6649
37
74.2555
38
74.8461
39
75.4367
40
76.0273
41
76.6179
42
77.2085
43
77.7991
44
78.3897
45
78.9803
46
79.5709
47
80.1615
48
80.7521
49
81.3427
50
81.9333
51
82.5239
52
83.1145
53
83.7051
54
84.2957
55
84.8863
56
85.4769
57
86.0675
58
86.6581
59
87.2487
60
87.8393
61
88.4299
62
89.0205
63
89.6111
64
90.2017
65
90.7923
66
91.3829
67
91.9735
68
92.5641
69
93.1547
70
93.7453
71
94.3359
72
94.9265
73
95.5171
74
96.1077
75
96.6983
76
97.2889
77
97.8795
78
98.4701
79
99.0607
80
99.6513
81
100.242
82
100.832
83
101.423
84
102.014
85
102.604
86
103.195
87
103.785
88
104.376
89
104.967
90
105.557
91
106.148
92
106.738
93
107.329
94
107.92
95
108.51
96
109.101
97
109.691
98
110.282
99
110.873
100
111.463
101
112.054
102
112.644
103
113.235
104
113.826
105
114.416
106
115.007
107
115.597
108
116.188
109
116.779
110
117.369
111
117.96
112
118.55
113
119.141
114
119.732
115
120.322
116
120.913
117
121.503
118
122.094
119
122.685
120
123.275
121
123.866
122
124.456
123
125.047
124
125.638
125
126.228
126
126.819
127
127.409
128
128
129
128.591
130
129.181
131
129.772
132
130.362
133
130.953
134
131.544
135
132.134
136
132.725
137
133.315
138
133.906
139
134.497
140
135.087
141
135.678
142
136.268
143
136.859
144
137.45
145
138.04
146
138.631
147
139.221
148
139.812
149
140.403
150
140.993
151
141.584
152
142.174
153
142.765
154
143.356
155
143.946
156
144.537
157
145.127
158
145.718
159
146.309
160
146.899
161
147.49
162
148.08
163
148.671
164
149.262
165
149.852
166
150.443
167
151.033
168
151.624
169
152.215
170
152.805
171
153.396
172
153.986
173
154.577
174
155.168
175
155.758
176
156.349
177
156.939
178
157.53
179
158.121
180
158.711
181
159.302
182
159.892
183
160.483
184
161.074
185
161.664
186
162.255
187
162.845
188
163.436
189
164.027
190
164.617
191
165.208
192
165.798
193
166.389
194
166.98
195
167.57
196
168.161
197
168.751
198
169.342
199
169.932
200
170.523
201
171.114
202
171.704
203
172.295
204
172.885
205
173.476
206
174.067
207
174.657
208
175.248
209
175.838
210
176.429
211
177.02
212
177.61
213
178.201
214
178.791
215
179.382
216
179.973
217
180.563
218
181.154
219
181.744
220
182.335
221
182.926
222
183.516
223
184.107
224
184.697
225
185.288
226
185.879
227
186.469
228
187.06
229
187.65
230
188.241
231
188.832
232
189.422
233
190.013
234
190.603
235
191.194
236
191.785
237
192.375
238
192.966
239
193.556
240
194.147
241
194.738
242
195.328
243
195.919
244
196.509
245
197.1
246
197.691
247
198.281
248
198.872
249
199.462
250
200.053
251
200.644
252
201.234
253
201.825
254
202.415
255
203.006
256
203.597
0.938592
31
2.2485
32
3.55841
33
4.86833
34
6.17824
35
7.48815
36
8.79806
37
10.108
38
11.4179
39
12.7278
40
14.0377
41
15.3476
42
16.6575
43
17.9674
44
19.2774
45
20.5873
46
21.8972
47
23.2071
48
24.517
49
25.8269
50
27.1368
51
28.4467
52
29.7566
53
31.0666
54
32.3765
55
33.6864
56
34.9963
57
36.3062
58
37.6161
59
38.926
60
40.2359
61
41.5458
62
42.8558
63
44.1657
64
45.4756
65
46.7855
66
48.0954
67
49.4053
68
50.7152
69
52.0251
70
53.335
71
54.645
72
55.9549
73
57.2648
74
58.5747
75
59.8846
76
61.1945
77
62.5044
78
63.8143
79
65.1243
80
66.4342
81
67.7441
82
69.054
83
70.3639
84
71.6738
85
72.9837
86
74.2936
87
75.6035
88
76.9135
89
78.2234
90
79.5333
91
80.8432
92
82.1531
93
83.463
94
84.7729
95
86.0828
96
87.3927
97
88.7027
98
90.0126
99
91.3225
100
92.6324
101
93.9423
102
95.2522
103
96.5621
104
97.872
105
99.1819
106
100.492
107
101.802
108
103.112
109
104.422
110
105.732
111
107.041
112
108.351
113
109.661
114
110.971
115
112.281
116
113.591
117
114.901
118
116.211
119
117.521
120
118.831
121
120.141
122
121.45
123
122.76
124
124.07
125
125.38
126
126.69
127
128
128
129.31
129
130.62
130
131.93
131
133.24
132
134.55
133
135.859
134
137.169
135
138.479
136
139.789
137
141.099
138
142.409
139
143.719
140
145.029
141
146.339
142
147.649
143
148.959
144
150.268
145
151.578
146
152.888
147
154.198
148
155.508
149
156.818
150
158.128
151
159.438
152
160.748
153
162.058
154
163.368
155
164.678
156
165.987
157
167.297
158
168.607
159
169.917
160
171.227
161
172.537
162
173.847
163
175.157
164
176.467
165
177.777
166
179.087
167
180.396
168
181.706
169
183.016
170
184.326
171
185.636
172
186.946
173
188.256
174
189.566
175
190.876
176
192.186
177
193.496
178
194.805
179
196.115
180
197.425
181
198.735
182
200.045
183
201.355
184
202.665
185
203.975
186
205.285
187
206.595
188
207.905
189
209.215
190
210.524
191
211.834
192
213.144
193
214.454
194
215.764
195
217.074
196
218.384
197
219.694
198
221.004
199
222.314
200
223.624
201
224.933
202
226.243
203
227.553
204
228.863
205
230.173
206
231.483
207
232.793
208
234.103
209
235.413
210
236.723
211
238.033
212
239.342
213
240.652
214
241.962
215
243.272
216
244.582
217
245.892
218
247.202
219
248.512
220
249.822
221
251.132
222
252.442
223
253.751
224
255.061
225
0
30.2835
1
31.0469
2
31.8103
3
32.5737
4
33.3371
5
34.1005
6
34.8639
7
35.6273
8
36.3908
9
37.1542
10
37.9176
11
38.681
12
39.4444
13
40.2078
14
40.9712
15
41.7346
16
42.498
17
43.2614
18
44.0249
19
44.7883
20
45.5517
21
46.3151
22
47.0785
23
47.8419
24
48.6053
25
49.3687
26
50.1321
27
50.8955
28
51.659
29
52.4224
30
53.1858
31
53.9492
32
54.7126
33
55.476
34
56.2394
35
57.0028
36
57.7662
37
58.5297
38
59.2931
39
60.0565
40
60.8199
41
61.5833
42
62.3467
43
63.1101
44
63.8735
45
64.6369
46
65.4003
47
66.1638
48
66.9272
49
67.6906
50
68.454
51
69.2174
52
69.9808
53
70.7442
54
71.5076
55
72.271
56
73.0345
57
73.7979
58
74.5613
59
75.3247
60
76.0881
61
76.8515
62
77.6149
63
78.3783
64
79.1417
65
79.9051
66
80.6686
67
81.432
68
82.1954
69
82.9588
70
83.7222
71
84.4856
72
85.249
73
86.0124
74
86.7758
75
87.5392
76
88.3027
77
89.0661
78
89.8295
79
90.5929
80
91.3563
81
92.1197
82
92.8831
83
93.6465
84
94.4099
85
95.1734
86
95.9368
87
96.7002
88
97.4636
89
98.227
90
98.9904
91
99.7538
92
100.517
93
101.281
94
102.044
95
102.807
96
103.571
97
104.334
98
105.098
99
105.861
100
106.625
101
107.388
102
108.151
103
108.915
104
109.678
105
110.442
106
111.205
107
111.968
108
112.732
109
113.495
110
114.259
111
115.022
112
115.785
113
116.549
114
117.312
115
118.076
116
118.839
117
119.602
118
120.366
119
121.129
120
121.893
121
122.656
122
123.42
123
124.183
124
124.946
125
125.71
126
126.473
127
127.237
128
128
129
128.763
130
129.527
131
130.29
132
131.054
133
131.817
134
132.58
135
133.344
136
134.107
137
134.871
138
135.634
139
136.398
140
137.161
141
137.924
142
138.688
143
139.451
144
140.215
145
140.978
146
141.741
147
142.505
148
143.268
149
144.032
150
144.795
151
145.558
152
146.322
153
147.085
154
147.849
155
148.612
156
149.375
157
150.139
158
150.902
159
151.666
160
152.429
161
153.193
162
153.956
163
154.719
164
155.483
165
156.246
166
157.01
167
157.773
168
158.536
169
159.3
170
160.063
171
160.827
172
161.59
173
162.353
174
163.117
175
163.88
176
164.644
177
165.407
178
166.171
179
166.934
180
167.697
181
168.461
182
169.224
183
169.988
184
170.751
185
171.514
186
172.278
187
173.041
188
173.805
189
174.568
190
175.331
191
176.095
192
176.858
193
177.622
194
178.385
195
179.148
196
179.912
197
180.675
198
181.439
199
182.202
200
182.966
201
183.729
202
184.492
203
185.256
204
186.019
205
186.783
206
187.546
207
188.309
208
189.073
209
189.836
210
190.6
211
191.363
212
192.126
213
192.89
214
193.653
215
194.417
216
195.18
217
195.944
218
196.707
219
197.47
220
198.234
221
198.997
222
199.761
223
200.524
224
201.287
225
202.051
226
202.814
227
203.578
228
204.341
229
205.104
230
205.868
231
206.631
232
207.395
233
208.158
234
208.922
235
209.685
236
210.448
237
211.212
238
211.975
239
212.739
240
213.502
241
214.265
242
215.029
243
215.792
244
216.556
245
217.319
246
218.082
247
218.846
248
219.609
249
220.373
250
221.136
251
221.899
252
222.663
253
223.426
254
224.19
255
224.953
256
225.717
0.269373
4
1.29946
5
2.32954
6
3.35963
7
4.38972
8
5.4198
9
6.44989
10
7.47997
11
8.51006
12
9.54014
13
10.5702
14
11.6003
15
12.6304
16
13.6605
17
14.6906
18
15.7207
19
16.7507
20
17.7808
21
18.8109
22
19.841
23
20.8711
24
21.9012
25
22.9313
26
23.9613
27
24.9914
28
26.0215
29
27.0516
30
28.0817
31
29.1118
32
30.1419
33
31.1719
34
32.202
35
33.2321
36
34.2622
37
35.2923
38
36.3224
39
37.3525
40
38.3825
41
39.4126
42
40.4427
43
41.4728
44
42.5029
45
43.533
46
44.5631
47
45.5931
48
46.6232
49
47.6533
50
48.6834
51
49.7135
52
50.7436
53
51.7737
54
52.8037
55
53.8338
56
54.8639
57
55.894
58
56.9241
59
57.9542
60
58.9843
61
60.0143
62
61.0444
63
62.0745
64
63.1046
65
64.1347
66
65.1648
67
66.1949
68
67.2249
69
68.255
70
69.2851
71
70.3152
72
71.3453
73
72.3754
74
73.4055
75
74.4355
76
75.4656
77
76.4957
78
77.5258
79
78.5559
80
79.586
81
80.6161
82
81.6461
83
82.6762
84
83.7063
85
84.7364
86
85.7665
87
86.7966
88
87.8267
89
88.8567
90
89.8868
91
90.9169
92
91.947
93
92.9771
94
94.0072
95
95.0373
96
96.0673
97
97.0974
98
98.1275
99
99.1576
100
100.188
101
101.218
102
102.248
103
103.278
104
104.308
105
105.338
106
106.368
107
107.398
108
108.428
109
109.458
110
110.489
111
111.519
112
112.549
113
113.579
114
114.609
115
115.639
116
116.669
117
117.699
118
118.729
119
119.759
120
120.789
121
121.819
122
122.85
123
123.88
124
124.91
125
125.94
126
126.97
127
128
128
129.03
129
130.06
130
131.09
131
132.12
132
133.15
133
134.181
134
135.211
135
136.241
136
137.271
137
138.301
138
139.331
139
140.361
140
141.391
141
142.421
142
143.451
143
144.481
144
145.511
145
146.542
146
147.572
147
148.602
148
149.632
149
150.662
150
151.692
151
152.722
152
153.752
153
154.782
154
155.812
155
156.842
156
157.872
157
158.903
158
159.933
159
160.963
160
161.993
161
163.023
162
164.053
163
165.083
164
166.113
165
167.143
166
168.173
167
169.203
168
170.234
169
171.264
170
172.294
171
173.324
172
174.354
173
175.384
174
176.414
175
177.444
176
178.474
177
179.504
178
180.534
179
181.564
180
182.595
181
183.625
182
184.655
183
185.685
184
186.715
185
187.745
186
188.775
187
189.805
188
190.835
189
191.865
190
192.895
191
193.925
192
194.956
193
195.986
194
197.016
195
198.046
196
199.076
197
200.106
198
201.136
199
202.166
200
203.196
201
204.226
202
205.256
203
206.287
204
207.317
205
208.347
206
209.377
207
210.407
208
211.437
209
212.467
210
213.497
211
214.527
212
215.557
213
216.587
214
217.617
215
218.648
216
219.678
217
220.708
218
221.738
219
222.768
220
223.798
221
224.828
222
225.858
223
226.888
224
227.918
225
228.948
226
229.978
227
231.009
228
232.039
229
233.069
230
234.099
231
235.129
232
236.159
233
237.189
234
238.219
235
239.249
236
240.279
237
241.309
238
242.34
239
243.37
240
244.4
241
245.43
242
246.46
243
247.49
244
248.52
245
249.55
246
250.58
247
251.61
248
252.64
249
253.67
250
254.701
251
255.731
252
1.42109e-14
3.73849
1
4.70929
2
5.68008
3
6.65087
4
7.62167
5
8.59246
6
9.56325
7
10.534
8
11.5048
9
12.4756
10
13.4464
11
14.4172
12
15.388
13
16.3588
14
17.3296
15
18.3004
16
19.2712
17
20.242
18
21.2128
19
22.1836
20
23.1544
21
24.1251
22
25.0959
23
26.0667
24
27.0375
25
28.0083
26
28.9791
27
29.9499
28
30.9207
29
31.8915
30
32.8623
31
33.8331
32
34.8039
33
35.7747
34
36.7455
35
37.7163
36
38.687
37
39.6578
38
40.6286
39
41.5994
40
42.5702
41
43.541
42
44.5118
43
45.4826
44
46.4534
45
47.4242
46
48.395
47
49.3658
48
50.3366
49
51.3074
50
52.2781
51
53.2489
52
54.2197
53
55.1905
54
56.1613
55
57.1321
56
58.1029
57
59.0737
58
60.0445
59
61.0153
60
61.9861
61
62.9569
62
63.9277
63
64.8985
64
65.8692
65
66.84
66
67.8108
67
68.7816
68
69.7524
69
70.7232
70
71.694
71
72.6648
72
73.6356
73
74.6064
74
75.5772
75
76.548
76
77.5188
77
78.4896
78
79.4603
79
80.4311
80
81.4019
81
82.3727
82
83.3435
83
84.3143
84
85.2851
85
86.2559
86
87.2267
87
88.1975
88
89.1683
89
90.1391
90
91.1099
91
92.0807
92
93.0515
93
94.0222
94
94.993
95
95.9638
96
96.9346
97
97.9054
98
98.8762
99
99.847
100
100.818
101
101.789
102
102.759
103
103.73
104
104.701
105
105.672
106
106.643
107
107.613
108
108.584
109
109.555
110
110.526
111
111.497
112
112.467
113
113.438
114
114.409
115
115.38
116
116.35
117
117.321
118
118.292
119
119.263
120
120.234
121
121.204
122
122.175
123
123.146
124
124.117
125
125.088
126
126.058
127
127.029
128
128
129
128.971
130
129.942
131
130.912
132
131.883
133
132.854
134
133.825
135
134.796
136
135.766
137
136.737
138
137.708
139
138.679
140
139.65
141
140.62
142
141.591
143
142.562
144
143.533
145
144.503
146
145.474
147
146.445
148
147.416
149
148.387
150
149.357
151
150.328
152
151.299
153
152.27
154
153.241
155
154.211
156
155.182
157
156.153
158
157.124
159
158.095
160
159.065
161
160.036
162
161.007
163
161.978
164
162.949
165
163.919
166
164.89
167
165.861
168
166.832
169
167.803
170
168.773
171
169.744
172
170.715
173
171.686
174
172.656
175
173.627
176
174.598
177
175.569
178
176.54
179
177.51
180
178.481
181
179.452
182
180.423
183
181.394
184
182.364
185
183.335
186
184.306
187
185.277
188
186.248
189
187.218
190
188.189
191
189.16
192
190.131
193
191.102
194
192.072
195
193.043
196
194.014
197
194.985
198
195.956
199
196.926
200
197.897
201
198.868
202
199.839
203
200.809
204
201.78
205
202.751
206
203.722
207
204.693
208
205.663
209
206.634
210
207.605
211
208.576
212
209.547
213
210.517
214
211.488
215
212.459
216
213.43
217
214.401
218
215.371
219
216.342
220
217.313
221
218.284
222
219.255
223
220.225
224
221.196
225
222.167
226
223.138
227
224.109
228
225.079
229
226.05
230
227.021
231
227.992
232
228.962
233
229.933
234
230.904
235
231.875
236
232.846
237
233.816
238
234.787
239
235.758
240
236.729
241
237.7
242
238.67
243
239.641
244
240.612
245
241.583
246
242.554
247
243.524
248
244.495
249
245.466
250
246.437
251
247.408
252
248.378
253
249.349
254
250.32
255
251.291
256
252.262
24.1381
0
24.9495
1
25.7609
2
26.5724
3
27.3838
4
28.1952
5
29.0066
6
29.818
7
30.6295
8
31.4409
9
32.2523
10
33.0637
11
33.8752
12
34.6866
13
35.498
14
36.3094
15
37.1208
16
37.9323
17
38.7437
18
39.5551
19
40.3665
20
41.1779
21
41.9894
22
42.8008
23
43.6122
24
44.4236
25
45.235
26
46.0465
27
46.8579
28
47.6693
29
48.4807
30
49.2922
31
50.1036
32
50.915
33
51.7264
34
52.5378
35
53.3493
36
54.1607
37
54.9721
38
55.7835
39
56.5949
40
57.4064
41
58.2178
42
59.0292
43
59.8406
44
60.652
45
61.4635
46
62.2749
47
63.0863
48
63.8977
49
64.7092
50
65.5206
51
66.332
52
67.1434
53
67.9548
54
68.7663
55
69.5777
56
70.3891
57
71.2005
58
72.0119
59
72.8234
60
73.6348
61
74.4462
62
75.2576
63
76.069
64
76.8805
65
77.6919
66
78.5033
67
79.3147
68
80.1262
69
80.9376
70
81.749
71
82.5604
72
83.3718
73
84.1833
74
84.9947
75
85.8061
76
86.6175
77
87.4289
78
88.2404
79
89.0518
80
89.8632
81
90.6746
82
91.4861
83
92.2975
84
93.1089
85
93.9203
86
94.7317
87
95.5432
88
96.3546
89
97.166
90
97.9774
91
98.7888
92
99.6003
93
100.412
94
101.223
95
102.035
96
102.846
97
103.657
98
104.469
99
105.28
100
106.092
101
106.903
102
107.714
103
108.526
104
109.337
105
110.149
106
110.96
107
111.772
108
112.583
109
113.394
110
114.206
111
115.017
112
115.829
113
116.64
114
117.452
115
118.263
116
119.074
117
119.886
118
120.697
119
121.509
120
122.32
121
123.131
122
123.943
123
124.754
124
125.566
125
126.377
126
127.189
127
128
128
128.811
129
129.623
130
130.434
131
131.246
132
132.057
133
132.869
134
133.68
135
134.491
136
135.303
137
136.114
138
136.926
139
137.737
140
138.548
141
139.36
142
140.171
143
140.983
144
141.794
145
142.606
146
143.417
147
144.228
148
145.04
149
145.851
150
146.663
151
147.474
152
148.286
153
149.097
154
149.908
155
150.72
156
151.531
157
152.343
158
153.154
159
153.965
160
154.777
161
155.588
162
156.4
163
157.211
164
158.023
165
158.834
166
159.645
167
160.457
168
161.268
169
162.08
170
162.891
171
163.703
172
164.514
173
165.325
174
166.137
175
166.948
176
167.76
177
168.571
178
169.382
179
170.194
180
171.005
181
171.817
182
172.628
183
173.44
184
174.251
185
175.062
186
175.874
187
176.685
188
177.497
189
178.308
190
179.12
191
179.931
192
180.742
193
181.554
194
182.365
195
183.177
196
183.988
197
184.799
198
185.611
199
186.422
200
187.234
201
188.045
202
188.857
203
189.668
204
190.479
205
191.291
206
192.102
207
192.914
208
193.725
209
194.537
210
195.348
211
196.159
212
196.971
213
197.782
214
198.594
215
199.405
216
200.216
217
201.028
218
201.839
219
202.651
220
203.462
221
204.274
222
205.085
223
205.896
224
206.708
225
207.519
226
208.331
227
209.142
228
209.954
229
210.765
230
211.576
231
212.388
232
213.199
233
214.011
234
214.822
235
215.633
236
216.445
237
217.256
238
218.068
239
218.879
240
219.691
241
220.502
242
221.313
243
222.125
244
222.936
245
223.748
246
224.559
247
225.371
248
226.182
249
226.993
250
227.805
251
228.616
252
229.428
253
230.239
254
231.05
255
231.862
256
25
1.06221
26
2.29462
27
3.52702
28
4.75943
29
5.99183
30
7.22424
31
8.45665
32
9.68905
33
10.9215
34
12.1539
35
13.3863
36
14.6187
37
15.8511
38
17.0835
39
18.3159
40
19.5483
41
20.7807
42
22.0131
43
23.2455
44
24.4779
45
25.7103
46
26.9427
47
28.1751
48
29.4075
49
30.6399
50
31.8724
51
33.1048
52
34.3372
53
35.5696
54
36.802
55
38.0344
56
39.2668
57
40.4992
58
41.7316
59
42.964
60
44.1964
61
45.4288
62
46.6612
63
47.8936
64
49.126
65
50.3584
66
51.5908
67
52.8233
68
54.0557
69
55.2881
70
56.5205
71
57.7529
72
58.9853
73
60.2177
74
61.4501
75
62.6825
76
63.9149
77
65.1473
78
66.3797
79
67.6121
80
68.8445
81
70.0769
82
71.3093
83
72.5417
84
73.7741
85
75.0066
86
76.239
87
77.4714
88
78.7038
89
79.9362
90
81.1686
91
82.401
92
83.6334
93
84.8658
94
86.0982
95
87.3306
96
88.563
97
89.7954
98
91.0278
99
92.2602
100
93.4926
101
94.725
102
95.9575
103
97.1899
104
98.4223
105
99.6547
106
100.887
107
102.119
108
103.352
109
104.584
110
105.817
111
107.049
112
108.282
113
109.514
114
110.746
115
111.979
116
113.211
117
114.444
118
115.676
119
116.908
120
118.141
121
119.373
122
120.606
123
121.838
124
123.07
125
124.303
126
125.535
127
126.768
128
128
129
129.232
130
130.465
131
131.697
132
132.93
133
134.162
134
135.394
135
136.627
136
137.859
137
139.092
138
140.324
139
141.556
140
142.789
141
144.021
142
145.254
143
146.486
144
147.718
145
148.951
146
150.183
147
151.416
148
152.648
149
153.881
150
155.113
151
156.345
152
157.578
153
158.81
154
160.043
155
161.275
156
162.507
157
163.74
158
164.972
159
166.205
160
167.437
161
168.669
162
169.902
163
171.134
164
172.367
165
173.599
166
174.831
167
176.064
168
177.296
169
178.529
170
179.761
171
180.993
172
182.226
173
183.458
174
184.691
175
185.923
176
187.155
177
188.388
178
189.62
179
190.853
180
192.085
181
193.318
182
194.55
183
195.782
184
197.015
185
198.247
186
199.48
187
200.712
188
201.944
189
203.177
190
204.409
191
205.642
192
206.874
193
208.106
194
209.339
195
210.571
196
211.804
197
213.036
198
214.268
199
215.501
200
216.733
201
217.966
202
219.198
203
220.43
204
221.663
205
222.895
206
224.128
207
225.36
208
226.592
209
227.825
210
229.057
211
230.29
212
231.522
213
232.754
214
233.987
215
235.219
216
236.452
217
237.684
218
238.917
219
240.149
220
241.381
221
242.614
222
243.846
223
245.079
224
246.311
225
247.543
226
248.776
227
250.008
228
251.241
229
252.473
230
253.705
231
254.938
47.1938
0
47.8251
1
48.4564
2
49.0877
3
49.719
4
50.3503
5
50.9816
6
51.6129
7
52.2442
8
52.8755
9
53.5068
10
54.1381
11
54.7694
12
55.4007
13
56.032
14
56.6633
15
57.2946
16
57.9259
17
58.5572
18
59.1885
19
59.8198
20
60.4511
21
61.0824
22
61.7137
23
62.345
24
62.9763
25
63.6076
26
64.2389
27
64.8702
28
65.5015
29
66.1328
30
66.7641
31
67.3954
32
68.0267
33
68.658
34
69.2893
35
69.9206
36
70.5518
37
71.1831
38
71.8144
39
72.4457
40
73.077
41
73.7083
42
74.3396
43
74.9709
44
75.6022
45
76.2335
46
76.8648
47
77.4961
48
78.1274
49
78.7587
50
79.39
51
80.0213
52
80.6526
53
81.2839
54
81.9152
55
82.5465
56
83.1778
57
83.8091
58
84.4404
59
85.0717
60
85.703
61
86.3343
62
86.9656
63
87.5969
64
88.2282
65
88.8595
66
89.4908
67
90.1221
68
90.7534
69
91.3847
70
92.016
71
92.6473
72
93.2786
73
93.9099
74
94.5412
75
95.1725
76
95.8038
77
96.4351
78
97.0664
79
97.6977
80
98.329
81
98.9603
82
99.5916
83
100.223
84
100.854
85
101.485
86
102.117
87
102.748
88
103.379
89
104.011
90
104.642
91
105.273
92
105.905
93
106.536
94
107.167
95
107.798
96
108.43
97
109.061
98
109.692
99
110.324
100
110.955
101
111.586
102
112.218
103
112.849
104
113.48
105
114.111
106
114.743
107
115.374
108
116.005
109
116.637
110
117.268
111
117.899
112
118.531
113
119.162
114
119.793
115
120.424
116
121.056
117
121.687
118
122.318
119
122.95
120
123.581
121
124.212
122
124.844
123
125.475
124
126.106
125
126.737
126
127.369
127
128
128
128.631
129
129.263
130
129.894
131
130.525
132
131.156
133
131.788
134
132.419
135
133.05
136
133.682
137
134.313
138
134.944
139
135.576
140
136.207
141
136.838
142
137.469
143
138.101
144
138.732
145
139.363
146
139.995
147
140.626
148
141.257
149
141.889
150
142.52
151
143.151
152
143.782
153
144.414
154
145.045
155
145.676
156
146.308
157
146.939
158
147.57
159
148.202
160
148.833
161
149.464
162
150.095
163
150.727
164
151.358
165
151.989
166
152.621
167
153.252
168
153.883
169
154.515
170
155.146
171
155.777
172
156.408
173
157.04
174
157.671
175
158.302
176
158.934
177
159.565
178
160.196
179
160.828
180
161.459
181
162.09
182
162.721
183
163.353
184
163.984
185
164.615
186
165.247
187
165.878
188
166.509
189
167.14
190
167.772
191
168.403
192
169.034
193
169.666
194
170.297
195
170.928
196
171.56
197
172.191
198
172.822
199
173.453
200
174.085
201
174.716
202
175.347
203
175.979
204
176.61
205
177.241
206
177.873
207
178.504
208
179.135
209
179.766
210
180.398
211
181.029
212
181.66
213
182.292
214
182.923
215
183.554
216
184.186
217
184.817
218
185.448
219
186.079
220
186.711
221
187.342
222
187.973
223
188.605
224
189.236
225
189.867
226
190.499
227
191.13
228
191.761
229
192.392
230
193.024
231
193.655
232
194.286
233
194.918
234
195.549
235
196.18
236
196.812
237
197.443
238
198.074
239
198.705
240
199.337
241
199.968
242
200.599
243
201.231
244
201.862
245
202.493
246
203.125
247
203.756
248
204.387
249
205.018
250
205.65
251
206.281
252
206.912
253
207.544
254
208.175
255
208.806
256
48
1.27704
49
2.86107
50
4.44511
51
6.02915
52
7.61318
53
9.19722
54
10.7813
55
12.3653
56
13.9493
57
15.5334
58
17.1174
59
18.7014
60
20.2855
61
21.8695
62
23.4536
63
25.0376
64
26.6216
65
28.2057
66
29.7897
67
31.3737
68
32.9578
69
34.5418
70
36.1259
71
37.7099
72
39.2939
73
40.878
74
42.462
75
44.046
76
45.6301
77
47.2141
78
48.7981
79
50.3822
80
51.9662
81
53.5503
82
55.1343
83
56.7183
84
58.3024
85
59.8864
86
61.4704
87
63.0545
88
64.6385
89
66.2226
90
67.8066
91
69.3906
92
70.9747
93
72.5587
94
74.1427
95
75.7268
96
77.3108
97
78.8949
98
80.4789
99
82.0629
100
83.647
101
85.231
102
86.815
103
88.3991
104
89.9831
105
91.5671
106
93.1512
107
94.7352
108
96.3193
109
97.9033
110
99.4873
111
101.071
112
102.655
113
104.239
114
105.823
115
107.408
116
108.992
117
110.576
118
112.16
119
113.744
120
115.328
121
116.912
122
118.496
123
120.08
124
121.664
125
123.248
126
124.832
127
126.416
128
128
129
129.584
130
131.168
131
132.752
132
134.336
133
135.92
134
137.504
135
139.088
136
140.672
137
142.256
138
143.84
139
145.424
140
147.008
141
148.592
142
150.177
143
151.761
144
153.345
145
154.929
146
156.513
147
158.097
148
159.681
149
161.265
150
162.849
151
164.433
152
166.017
153
167.601
154
169.185
155
170.769
156
172.353
157
173.937
158
175.521
159
177.105
160
178.689
161
180.273
162
181.857
163
183.441
164
185.025
165
186.609
166
188.193
167
189.777
168
191.361
169
192.946
170
194.53
171
196.114
172
197.698
173
199.282
174
200.866
175
202.45
176
204.034
177
205.618
178
207.202
179
208.786
180
210.37
181
211.954
182
213.538
183
215.122
184
216.706
185
218.29
186
219.874
187
221.458
188
223.042
189
224.626
190
226.21
191
227.794
192
229.378
193
230.962
194
232.546
195
234.13
196
235.715
197
237.299
198
238.883
199
240.467
200
242.051
201
243.635
202
245.219
203
246.803
204
248.387
205
249.971
206
251.555
207
253.139
208
254.723
67.0247
0
67.5011
1
67.9775
2
68.4538
3
68.9302
4
69.4066
5
69.8829
6
70.3593
7
70.8357
8
71.312
9
71.7884
10
72.2648
11
72.7412
12
73.2175
13
73.6939
14
74.1703
15
74.6466
16
75.123
17
75.5994
18
76.0757
19
76.5521
20
77.0285
21
77.5049
22
77.9812
23
78.4576
24
78.934
25
79.4103
26
79.8867
27
80.3631
28
80.8394
29
81.3158
30
81.7922
31
82.2685
32
82.7449
33
83.2213
34
83.6977
35
84.174
36
84.6504
37
85.1268
38
85.6031
39
86.0795
40
86.5559
41
87.0322
42
87.5086
43
87.985
44
88.4613
45
88.9377
46
89.4141
47
89.8905
48
90.3668
49
90.8432
50
91.3196
51
91.7959
52
92.2723
53
92.7487
54
93.225
55
93.7014
56
94.1778
57
94.6541
58
95.1305
59
95.6069
60
96.0833
61
96.5596
62
97.036
63
97.5124
64
97.9887
65
98.4651
66
98.9415
67
99.4178
68
99.8942
69
100.371
70
100.847
71
101.323
72
101.8
73
102.276
74
102.752
75
103.229
76
103.705
77
104.182
78
104.658
79
105.134
80
105.611
81
106.087
82
106.563
83
107.04
84
107.516
85
107.992
86
108.469
87
108.945
88
109.422
89
109.898
90
110.374
91
110.851
92
111.327
93
111.803
94
112.28
95
112.756
96
113.233
97
113.709
98
114.185
99
114.662
100
115.138
101
115.614
102
116.091
103
116.567
104
117.044
105
117.52
106
117.996
107
118.473
108
118.949
109
119.425
110
119.902
111
120.378
112
120.854
113
121.331
114
121.807
115
122.284
116
122.76
117
123.236
118
123.713
119
124.189
120
124.665
121
125.142
122
125.618
123
126.095
124
126.571
125
127.047
126
127.524
127
128
128
128.476
129
128.953
130
129.429
131
129.905
132
130.382
133
130.858
134
131.335
135
131.811
136
132.287
137
132.764
138
133.24
139
133.716
140
134.193
141
134.669
142
135.146
143
135.622
144
136.098
145
136.575
146
137.051
147
137.527
148
138.004
149
138.48
150
138.956
151
139.433
152
139.909
153
140.386
154
140.862
155
141.338
156
141.815
157
142.291
158
142.767
159
143.244
160
143.72
161
144.197
162
144.673
163
145.149
164
145.626
165
146.102
166
146.578
167
147.055
168
147.531
169
148.008
170
148.484
171
148.96
172
149.437
173
149.913
174
150.389
175
150.866
176
151.342
177
151.818
178
152.295
179
152.771
180
153.248
181
153.724
182
154.2
183
154.677
184
155.153
185
155.629
186
156.106
187
156.582
188
157.059
189
157.535
190
158.011
191
158.488
192
158.964
193
159.44
194
159.917
195
160.393
196
160.869
197
161.346
198
161.822
199
162.299
200
162.775
201
163.251
202
163.728
203
164.204
204
164.68
205
165.157
206
165.633
207
166.11
208
166.586
209
167.062
210
167.539
211
168.015
212
168.491
213
168.968
214
169.444
215
169.921
216
170.397
217
170.873
218
171.35
219
171.826
220
172.302
221
172.779
222
173.255
223
173.731
224
174.208
225
174.684
226
175.161
227
175.637
228
176.113
229
176.59
230
177.066
231
177.542
232
178.019
233
178.495
234
178.972
235
179.448
236
179.924
237
180.401
238
180.877
239
181.353
240
181.83
241
182.306
242
182.782
243
183.259
244
183.735
245
184.212
246
184.688
247
185.164
248
185.641
249
186.117
250
186.593
251
187.07
252
187.546
253
188.023
254
188.499
255
188.975
256
68
2.04731
69
4.14652
70
6.24573
71
8.34494
72
10.4442
73
12.5434
74
14.6426
75
16.7418
76
18.841
77
20.9402
78
23.0394
79
25.1386
80
27.2378
81
29.3371
82
31.4363
83
33.5355
84
35.6347
85
37.7339
86
39.8331
87
41.9323
88
44.0315
89
46.1308
90
48.23
91
50.3292
92
52.4284
93
54.5276
94
56.6268
95
58.726
96
60.8252
97
62.9244
98
65.0237
99
67.1229
100
69.2221
101
71.3213
102
73.4205
103
75.5197
104
77.6189
105
79.7181
106
81.8173
107
83.9166
108
86.0158
109
88.115
110
90.2142
111
92.3134
112
94.4126
113
96.5118
114
98.611
115
100.71
116
102.809
117
104.909
118
107.008
119
109.107
120
111.206
121
113.306
122
115.405
123
117.504
124
119.603
125
121.702
126
123.802
127
125.901
128
128
129
130.099
130
132.198
131
134.298
132
136.397
133
138.496
134
140.595
135
142.694
136
144.794
137
146.893
138
148.992
139
151.091
140
153.191
141
155.29
142
157.389
143
159.488
144
161.587
145
163.687
146
165.786
147
167.885
148
169.984
149
172.083
150
174.183
151
176.282
152
178.381
153
180.48
154
182.579
155
184.679
156
186.778
157
188.877
158
190.976
159
193.076
160
195.175
161
197.274
162
199.373
163
201.472
164
203.572
165
205.671
166
207.77
167
209.869
168
211.968
169
214.068
170
216.167
171
218.266
172
220.365
173
222.465
174
224.564
175
226.663
176
228.762
177
230.861
178
232.961
179
235.06
180
237.159
181
239.258
182
241.357
183
243.457
184
245.556
185
247.655
186
249.754
187
251.853
188
253.953
84.7261
0
85.0641
1
85.4022
2
85.7403
3
86.0784
4
86.4165
5
86.7545
6
87.0926
7
87.4307
8
87.7688
9
88.1068
10
88.4449
11
88.783
12
89.1211
13
89.4591
14
89.7972
15
90.1353
16
90.4734
17
90.8115
18
91.1495
19
91.4876
20
91.8257
21
92.1638
22
92.5018
23
92.8399
24
93.178
25
93.5161
26
93.8542
27
94.1922
28
94.5303
29
94.8684
30
95.2065
31
95.5445
32
95.8826
33
96.2207
34
96.5588
35
96.8969
36
97.2349
37
97.573
38
97.9111
39
98.2492
40
98.5872
41
98.9253
42
99.2634
43
99.6015
44
99.9396
45
100.278
46
100.616
47
100.954
48
101.292
49
101.63
50
101.968
51
102.306
52
102.644
53
102.982
54
103.32
55
103.658
56
103.996
57
104.335
58
104.673
59
105.011
60
105.349
61
105.687
62
106.025
63
106.363
64
106.701
65
107.039
66
107.377
67
107.715
68
108.053
69
108.391
70
108.73
71
109.068
72
109.406
73
109.744
74
110.082
75
110.42
76
110.758
77
111.096
78
111.434
79
111.772
80
112.11
81
112.448
82
112.787
83
113.125
84
113.463
85
113.801
86
114.139
87
114.477
88
114.815
89
115.153
90
115.491
91
115.829
92
116.167
93
116.505
94
116.843
95
117.182
96
117.52
97
117.858
98
118.196
99
118.534
100
118.872
101
119.21
102
119.548
103
119.886
104
120.224
105
120.562
106
120.9
107
121.238
108
121.577
109
121.915
110
122.253
111
122.591
112
122.929
113
123.267
114
123.605
115
123.943
116
124.281
117
124.619
118
124.957
119
125.295
120
125.633
121
125.972
122
126.31
123
126.648
124
126.986
125
127.324
126
127.662
127
128
128
128.338
129
128.676
130
129.014
131
129.352
132
129.69
133
130.028
134
130.367
135
130.705
136
131.043
137
131.381
138
131.719
139
132.057
140
132.395
141
132.733
142
133.071
143
133.409
144
133.747
145
134.085
146
134.423
147
134.762
148
135.1
149
135.438
150
135.776
151
136.114
152
136.452
153
136.79
154
137.128
155
137.466
156
137.804
157
138.142
158
138.48
159
138.818
160
139.157
161
139.495
162
139.833
163
140.171
164
140.509
165
140.847
166
141.185
167
141.523
168
141.861
169
142.199
170
142.537
171
142.875
172
143.213
173
143.552
174
143.89
175
144.228
176
144.566
177
144.904
178
145.242
179
145.58
180
145.918
181
146.256
182
146.594
183
146.932
184
147.27
185
147.609
186
147.947
187
148.285
188
148.623
189
148.961
190
149.299
191
149.637
192
149.975
193
150.313
194
150.651
195
150.989
196
151.327
197
151.665
198
152.004
199
152.342
200
152.68
201
153.018
202
153.356
203
153.694
204
154.032
205
154.37
206
154.708
207
155.046
208
155.384
209
155.722
210
156.06
211
156.399
212
156.737
213
157.075
214
157.413
215
157.751
216
158.089
217
158.427
218
158.765
219
159.103
220
159.441
221
159.779
222
160.117
223
160.455
224
160.794
225
161.132
226
161.47
227
161.808
228
162.146
229
162.484
230
162.822
231
163.16
232
163.498
233
163.836
234
164.174
235
164.512
236
164.85
237
165.189
238
165.527
239
165.865
240
166.203
241
166.541
242
166.879
243
167.217
244
167.555
245
167.893
246
168.231
247
168.569
248
168.907
249
169.245
250
169.584
251
169.922
252
170.26
253
170.598
254
170.936
255
171.274
256
85
0.810279
86
3.76818
87
6.72608
88
9.68398
89
12.6419
90
15.5998
91
18.5577
92
21.5156
93
24.4735
94
27.4314
95
30.3893
96
33.3472
97
36.3051
98
39.263
99
42.2209
100
45.1788
101
48.1367
102
51.0946
103
54.0525
104
57.0104
105
59.9683
106
62.9262
107
65.8841
108
68.842
109
71.7999
110
74.7578
111
77.7157
112
80.6736
113
83.6315
114
86.5894
115
89.5473
116
92.5052
117
95.4631
118
98.421
119
101.379
120
104.337
121
107.295
122
110.253
123
113.21
124
116.168
125
119.126
126
122.084
127
125.042
128
128
129
130.958
130
133.916
131
136.874
132
139.832
133
142.79
134
145.747
135
148.705
136
151.663
137
154.621
138
157.579
139
160.537
140
163.495
141
166.453
142
169.411
143
172.369
144
175.326
145
178.284
146
181.242
147
184.2
148
187.158
149
190.116
150
193.074
151
196.032
152
198.99
153
201.948
154
204.905
155
207.863
156
210.821
157
213.779
158
216.737
159
219.695
160
222.653
161
225.611
162
228.569
163
231.527
164
234.484
165
237.442
166
240.4
167
243.358
168
246.316
169
249.274
170
252.232
171
255.19
101.057
1.42109e-14
101.267
1
101.478
2
101.688
3
101.899
4
102.109
5
102.32
6
102.53
7
102.741
8
102.951
9
103.162
10
103.372
11
103.583
12
103.793
13
104.004
14
104.214
15
104.425
16
104.635
17
104.846
18
105.056
19
105.267
20
105.477
21
105.688
22
105.898
23
106.109
24
106.319
25
106.53
26
106.74
27
106.951
28
107.161
29
107.372
30
107.582
31
107.793
32
108.003
33
108.214
34
108.424
35
108.635
36
108.845
37
109.056
38
109.266
39
109.477
40
109.687
41
109.898
42
110.108
43
110.319
44
110.529
45
110.74
46
110.95
47
111.161
48
111.371
49
111.582
50
111.792
51
112.003
52
112.213
53
112.424
54
112.634
55
112.845
56
113.055
57
113.266
58
113.476
59
113.687
60
113.897
61
114.108
62
114.318
63
114.528
64
114.739
65
114.949
66
115.16
67
115.37
68
115.581
69
115.791
70
116.002
71
116.212
72
116.423
73
116.633
74
116.844
75
117.054
76
117.265
77
117.475
78
117.686
79
117.896
80
118.107
81
118.317
82
118.528
83
118.738
84
118.949
85
119.159
86
119.37
87
119.58
88
119.791
89
120.001
90
120.212
91
120.422
92
120.633
93
120.843
94
121.054
95
121.264
96
121.475
97
121.685
98
121.896
99
122.106
100
122.317
101
122.527
102
122.738
103
122.948
104
123.159
105
123.369
106
123.58
107
123.79
108
124.001
109
124.211
110
124.422
111
124.632
112
124.843
113
125.053
114
125.264
115
125.474
116
125.685
117
125.895
118
126.106
119
126.316
120
126.527
121
126.737
122
126.948
123
127.158
124
127.369
125
127.579
126
127.79
127
128
128
128.21
129
128.421
130
128.631
131
128.842
132
129.052
133
129.263
134
129.473
135
129.684
136
129.894
137
130.105
138
130.315
139
130.526
140
130.736
141
130.947
142
131.157
143
131.368
144
131.578
145
131.789
146
131.999
147
132.21
148
132.42
149
132.631
150
132.841
151
133.052
152
133.262
153
133.473
154
133.683
155
133.894
156
134.104
157
134.315
158
134.525
159
134.736
160
134.946
161
135.157
162
135.367
163
135.578
164
135.788
165
135.999
166
136.209
167
136.42
168
136.63
169
136.841
170
137.051
171
137.262
172
137.472
173
137.683
174
137.893
175
138.104
176
138.314
177
138.525
178
138.735
179
138.946
180
139.156
181
139.367
182
139.577
183
139.788
184
139.998
185
140.209
186
140.419
187
140.63
188
140.84
189
141.051
190
141.261
191
141.472
192
141.682
193
141.892
194
142.103
195
142.313
196
142.524
197
142.734
198
142.945
199
143.155
200
143.366
201
143.576
202
143.787
203
143.997
204
144.208
205
144.418
206
144.629
207
144.839
208
145.05
209
145.26
210
145.471
211
145.681
212
145.892
213
146.102
214
146.313
215
146.523
216
146.734
217
146.944
218
147.155
219
147.365
220
147.576
221
147.786
222
147.997
223
148.207
224
148.418
225
148.628
226
148.839
227
149.049
228
149.26
229
149.47
230
149.681
231
149.891
232
150.102
233
150.312
234
150.523
235
150.733
236
150.944
237
151.154
238
151.365
239
151.575
240
151.786
241
151.996
242
152.207
243
152.417
244
152.628
245
152.838
246
153.049
247
153.259
248
153.47
249
153.68
250
153.891
251
154.101
252
154.312
253
154.522
254
154.733
255
154.943
256
102
4.48005
103
9.23082
104
13.9816
105
18.7324
106
23.4831
107
28.2339
108
32.9847
109
37.7354
110
42.4862
111
47.237
112
51.9877
113
56.7385
114
61.4893
115
66.24
116
70.9908
117
75.7416
118
80.4923
119
85.2431
120
89.9939
121
94.7446
122
99.4954
123
104.246
124
108.997
125
113.748
126
118.498
127
123.249
128
128
129
132.751
130
137.502
131
142.252
132
147.003
133
151.754
134
156.505
135
161.255
136
166.006
137
170.757
138
175.508
139
180.258
140
185.009
141
189.76
142
194.511
143
199.262
144
204.012
145
208.763
146
213.514
147
218.265
148
223.015
149
227.766
150
232.517
151
237.268
152
242.018
153
246.769
154
251.52
116.589
1.42109e-14
116.678
1
116.767
2
116.856
3
116.946
4
117.035
5
117.124
6
117.213
7
117.302
8
117.391
9
117.481
10
117.57
11
117.659
12
117.748
13
117.837
14
117.926
15
118.015
16
118.105
17
118.194
18
118.283
19
118.372
20
118.461
21
118.55
22
118.639
23
118.729
24
118.818
25
118.907
26
118.996
27
119.085
28
119.174
29
119.263
30
119.353
31
119.442
32
119.531
33
119.62
34
119.709
35
119.798
36
119.888
37
119.977
38
120.066
39
120.155
40
120.244
41
120.333
42
120.422
43
120.512
44
120.601
45
120.69
46
120.779
47
120.868
48
120.957
49
121.046
50
121.136
51
121.225
52
121.314
53
121.403
54
121.492
55
121.581
56
121.67
57
121.76
58
121.849
59
121.938
60
122.027
61
122.116
62
122.205
63
122.295
64
122.384
65
122.473
66
122.562
67
122.651
68
122.74
69
122.829
70
122.919
71
123.008
72
123.097
73
123.186
74
123.275
75
123.364
76
123.453
77
123.543
78
123.632
79
123.721
80
123.81
81
123.899
82
123.988
83
124.077
84
124.167
85
124.256
86
124.345
87
124.434
88
124.523
89
124.612
90
124.702
91
124.791
92
124.88
93
124.969
94
125.058
95
125.147
96
125.236
97
125.326
98
125.415
99
125.504
100
125.593
101
125.682
102
125.771
103
125.86
104
125.95
105
126.039
106
126.128
107
126.217
108
126.306
109
126.395
110
126.484
111
126.574
112
126.663
113
126.752
114
126.841
115
126.93
116
127.019
117
127.109
118
127.198
119
127.287
120
127.376
121
127.465
122
127.554
123
127.643
124
127.733
125
127.822
126
127.911
127
128
128
128.089
129
128.178
130
128.267
131
128.357
132
128.446
133
128.535
134
128.624
135
128.713
136
128.802
137
128.891
138
128.981
139
129.07
140
129.159
141
129.248
142
129.337
143
129.426
144
129.516
145
129.605
146
129.694
147
129.783
148
129.872
149
129.961
150
130.05
151
130.14
152
130.229
153
130.318
154
130.407
155
130.496
156
130.585
157
130.674
158
130.764
159
130.853
160
130.942
161
131.031
162
131.12
163
131.209
164
131.298
165
131.388
166
131.477
167
131.566
168
131.655
169
131.744
170
131.833
171
131.923
172
132.012
173
132.101
174
132.19
175
132.279
176
132.368
177
132.457
178
132.547
179
132.636
180
132.725
181
132.814
182
132.903
183
132.992
184
133.081
185
133.171
186
133.26
187
133.349
188
133.438
189
133.527
190
133.616
191
133.705
192
133.795
193
133.884
194
133.973
195
134.062
196
134.151
197
134.24
198
134.33
199
134.419
200
134.508
201
134.597
202
134.686
203
134.775
204
134.864
205
134.954
206
135.043
207
135.132
208
135.221
209
135.31
210
135.399
211
135.488
212
135.578
213
135.667
214
135.756
215
135.845
216
135.934
217
136.023
218
136.112
219
136.202
220
136.291
221
136.38
222
136.469
223
136.558
224
136.647
225
136.737
226
136.826
227
136.915
228
137.004
229
137.093
230
137.182
231
137.271
232
137.361
233
137.45
234
137.539
235
137.628
236
137.717
237
137.806
238
137.895
239
137.985
240
138.074
241
138.163
242
138.252
243
138.341
244
138.43
245
138.519
246
138.609
247
138.698
248
138.787
249
138.876
250
138.965
251
139.054
252
139.144
253
139.233
254
139.322
255
139.411
256
117
4.60974
118
15.827
119
27.0443
120
38.2616
121
49.4789
122
60.6962
123
71.9135
124
83.1308
125
94.3481
126
105.565
127
116.783
128
128
129
139.217
130
150.435
131
161.652
132
172.869
133
184.086
134
195.304
135
206.521
136
217.738
137
228.956
138
240.173
139
251.39
131.795
1.42109e-14
131.765
1
131.735
2
131.706
3
131.676
4
131.647
5
131.617
6
131.587
7
131.558
8
131.528
9
131.498
10
131.469
11
131.439
12
131.409
13
131.38
14
131.35
15
131.32
16
131.291
17
131.261
18
131.231
19
131.202
20
131.172
21
131.143
22
131.113
23
131.083
24
131.054
25
131.024
26
130.994
27
130.965
28
130.935
29
130.905
30
130.876
31
130.846
32
130.816
33
130.787
34
130.757
35
130.727
36
130.698
37
130.668
38
130.639
39
130.609
40
130.579
41
130.55
42
130.52
43
130.49
44
130.461
45
130.431
46
130.401
47
130.372
48
130.342
49
130.312
50
130.283
51
130.253
52
130.223
53
130.194
54
130.164
55
130.135
56
130.105
57
130.075
58
130.046
59
130.016
60
129.986
61
129.957
62
129.927
63
129.897
64
129.868
65
129.838
66
129.808
67
129.779
68
129.749
69
129.719
70
129.69
71
129.66
72
129.631
73
129.601
74
129.571
75
129.542
76
129.512
77
129.482
78
129.453
79
129.423
80
129.393
81
129.364
82
129.334
83
129.304
84
129.275
85
129.245
86
129.216
87
129.186
88
129.156
89
129.127
90
129.097
91
129.067
92
129.038
93
129.008
94
128.978
95
128.949
96
128.919
97
128.889
98
128.86
99
128.83
100
128.8
101
128.771
102
128.741
103
128.712
104
128.682
105
128.652
106
128.623
107
128.593
108
128.563
109
128.534
110
128.504
111
128.474
112
128.445
113
128.415
114
128.385
115
128.356
116
128.326
117
128.296
118
128.267
119
128.237
120
128.208
121
128.178
122
128.148
123
128.119
124
128.089
125
128.059
126
128.03
127
128
128
127.97
129
127.941
130
127.911
131
127.881
132
127.852
133
127.822
134
127.792
135
127.763
136
127.733
137
127.704
138
127.674
139
127.644
140
127.615
141
127.585
142
127.555
143
127.526
144
127.496
145
127.466
146
127.437
147
127.407
148
127.377
149
127.348
150
127.318
151
127.288
152
127.259
153
127.229
154
127.2
155
127.17
156
127.14
157
127.111
158
127.081
159
127.051
160
127.022
161
126.992
162
126.962
163
126.933
164
126.903
165
126.873
166
126.844
167
126.814
168
126.784
169
126.755
170
126.725
171
126.696
172
126.666
173
126.636
174
126.607
175
126.577
176
126.547
177
126.518
178
126.488
179
126.458
180
126.429
181
126.399
182
126.369
183
126.34
184
126.31
185
126.281
186
126.251
187
126.221
188
126.192
189
126.162
190
126.132
191
126.103
192
126.073
193
126.043
194
126.014
195
125.984
196
125.954
197
125.925
198
125.895
199
125.865
200
125.836
201
125.806
202
125.777
203
125.747
204
125.717
205
125.688
206
125.658
207
125.628
208
125.599
209
125.569
210
125.539
211
125.51
212
125.48
213
125.45
214
125.421
215
125.391
216
125.361
217
125.332
218
125.302
219
125.273
220
125.243
221
125.213
222
125.184
223
125.154
224
125.124
225
125.095
226
125.065
227
125.035
228
125.006
229
124.976
230
124.946
231
124.917
232
124.887
233
124.857
234
124.828
235
124.798
236
124.769
237
124.739
238
124.709
239
124.68
240
124.65
241
124.62
242
124.591
243
124.561
244
124.531
245
124.502
246
124.472
247
124.442
248
124.413
249
124.383
250
124.353
251
124.324
252
124.294
253
124.265
254
124.235
255
124.205
256
125
229.193
126
195.462
127
161.731
128
128
129
94.269
130
60.5381
131
26.8071
147.108
1.42109e-14
146.959
1
146.81
2
146.66
3
146.511
4
146.362
5
146.212
6
146.063
7
145.914
8
145.765
9
145.615
10
145.466
11
145.317
12
145.168
13
145.018
14
144.869
15
144.72
16
144.57
17
144.421
18
144.272
19
144.123
20
143.973
21
143.824
22
143.675
23
143.525
24
143.376
25
143.227
26
143.078
27
142.928
28
142.779
29
142.63
30
142.48
31
142.331
32
142.182
33
142.033
34
141.883
35
141.734
36
141.585
37
141.435
38
141.286
39
141.137
40
140.988
41
140.838
42
140.689
43
140.54
44
140.39
45
140.241
46
140.092
47
139.943
48
139.793
49
139.644
50
139.495
51
139.345
52
139.196
53
139.047
54
138.898
55
138.748
56
138.599
57
138.45
58
138.301
59
138.151
60
138.002
61
137.853
62
137.703
63
137.554
64
137.405
65
137.256
66
137.106
67
136.957
68
136.808
69
136.658
70
136.509
71
136.36
72
136.211
73
136.061
74
135.912
75
135.763
76
135.613
77
135.464
78
135.315
79
135.166
80
135.016
81
134.867
82
134.718
83
134.568
84
134.419
85
134.27
86
134.121
87
133.971
88
133.822
89
133.673
90
133.523
91
133.374
92
133.225
93
133.076
94
132.926
95
132.777
96
132.628
97
132.478
98
132.329
99
132.18
100
132.031
101
131.881
102
131.732
103
131.583
104
131.434
105
131.284
106
131.135
107
130.986
108
130.836
109
130.687
110
130.538
111
130.389
112
130.239
113
130.09
114
129.941
115
129.791
116
129.642
117
129.493
118
129.344
119
129.194
120
129.045
121
128.896
122
128.746
123
128.597
124
128.448
125
128.299
126
128.149
127
128
128
127.851
129
127.701
130
127.552
131
127.403
132
127.254
133
127.104
134
126.955
135
126.806
136
126.656
137
126.507
138
126.358
139
126.209
140
126.059
141
125.91
142
125.761
143
125.611
144
125.462
145
125.313
146
125.164
147
125.014
148
124.865
149
124.716
150
124.566
151
124.417
152
124.268
153
124.119
154
123.969
155
123.82
156
123.671
157
123.522
158
123.372
159
123.223
160
123.074
161
122.924
162
122.775
163
122.626
164
122.477
165
122.327
166
122.178
167
122.029
168
121.879
169
121.73
170
121.581
171
121.432
172
121.282
173
121.133
174
120.984
175
120.834
176
120.685
177
120.536
178
120.387
179
120.237
180
120.088
181
119.939
182
119.789
183
119.64
184
119.491
185
119.342
186
119.192
187
119.043
188
118.894
189
118.744
190
118.595
191
118.446
192
118.297
193
118.147
194
117.998
195
117.849
196
117.699
197
117.55
198
117.401
199
117.252
200
117.102
201
116.953
202
116.804
203
116.655
204
116.505
205
116.356
206
116.207
207
116.057
208
115.908
209
115.759
210
115.61
211
115.46
212
115.311
213
115.162
214
115.012
215
114.863
216
114.714
217
114.565
218
114.415
219
114.266
220
114.117
221
113.967
222
113.818
223
113.669
224
113.52
225
113.37
226
113.221
227
113.072
228
112.922
229
112.773
230
112.624
231
112.475
232
112.325
233
112.176
234
112.027
235
111.877
236
111.728
237
111.579
238
111.43
239
111.28
240
111.131
241
110.982
242
110.832
243
110.683
244
110.534
245
110.385
246
110.235
247
110.086
248
109.937
249
109.788
250
109.638
251
109.489
252
109.34
253
109.19
254
109.041
255
108.892
256
109
255.275
110
248.577
111
241.878
112
235.179
113
228.481
114
221.782
115
215.083
116
208.384
117
201.686
118
194.987
119
188.288
120
181.59
121
174.891
122
168.192
123
161.494
124
154.795
125
148.096
126
141.397
127
134.699
128
128
129
121.301
130
114.603
131
107.904
132
101.205
133
94.5065
134
87.8078
135
81.1091
136
74.4104
137
67.7117
138
61.013
139
54.3143
140
47.6156
141
40.9169
142
34.2182
143
27.5195
144
20.8208
145
14.1221
146
7.42338
147
0.724681
162.976
0
162.703
1
162.43
2
162.156
3
161.883
4
161.61
5
161.337
6
161.063
7
160.79
8
160.517
9
160.244
10
159.97
11
159.697
12
159.424
13
159.151
14
158.877
15
158.604
16
158.331
17
158.058
18
157.784
19
157.511
20
157.238
21
156.965
22
156.691
23
156.418
24
156.145
25
155.872
26
155.598
27
155.325
28
155.052
29
154.779
30
154.505
31
154.232
32
153.959
33
153.686
34
153.412
35
153.139
36
152.866
37
152.593
38
152.319
39
152.046
40
151.773
41
151.5
42
151.226
43
150.953
44
150.68
45
150.407
46
150.133
47
149.86
48
149.587
49
149.314
50
149.04
51
148.767
52
148.494
53
148.221
54
147.947
55
147.674
56
147.401
57
147.128
58
146.854
59
146.581
60
146.308
61
146.035
62
145.761
63
145.488
64
145.215
65
144.942
66
144.668
67
144.395
68
144.122
69
143.849
70
143.575
71
143.302
72
143.029
73
142.756
74
142.482
75
142.209
76
141.936
77
141.663
78
141.389
79
141.116
80
140.843
81
140.57
82
140.296
83
140.023
84
139.75
85
139.477
86
139.203
87
138.93
88
138.657
89
138.384
90
138.11
91
137.837
92
137.564
93
137.291
94
137.017
95
136.744
96
136.471
97
136.198
98
135.924
99
135.651
100
135.378
101
135.105
102
134.831
103
134.558
104
134.285
105
134.012
106
133.738
107
133.465
108
133.192
109
132.919
110
132.645
111
132.372
112
132.099
113
131.826
114
131.552
115
131.279
116
131.006
117
130.733
118
130.459
119
130.186
120
129.913
121
129.64
122
129.366
123
129.093
124
128.82
125
128.547
126
128.273
127
128
128
127.727
129
127.453
130
127.18
131
126.907
132
126.634
133
126.36
134
126.087
135
125.814
136
125.541
137
125.267
138
124.994
139
124.721
140
124.448
141
124.174
142
123.901
143
123.628
144
123.355
145
123.081
146
122.808
147
122.535
148
122.262
149
121.988
150
121.715
151
121.442
152
121.169
153
120.895
154
120.622
155
120.349
156
120.076
157
119.802
158
119.529
159
119.256
160
118.983
161
118.709
162
118.436
163
118.163
164
117.89
165
117.616
166
117.343
167
117.07
168
116.797
169
116.523
170
116.25
171
115.977
172
115.704
173
115.43
174
115.157
175
114.884
176
114.611
177
114.337
178
114.064
179
113.791
180
113.518
181
113.244
182
112.971
183
112.698
184
112.425
185
112.151
186
111.878
187
111.605
188
111.332
189
111.058
190
110.785
191
110.512
192
110.239
193
109.965
194
109.692
195
109.419
196
109.146
197
108.872
198
108.599
199
108.326
200
108.053
201
107.779
202
107.506
203
107.233
204
106.96
205
106.686
206
106.413
207
106.14
208
105.867
209
105.593
210
105.32
211
105.047
212
104.774
213
104.5
214
104.227
215
103.954
216
103.681
217
103.407
218
103.134
219
102.861
220
102.588
221
102.314
222
102.041
223
101.768
224
101.495
225
101.221
226
100.948
227
100.675
228
100.402
229
100.128
230
99.8552
231
99.5819
232
99.3087
233
99.0354
234
98.7622
235
98.4889
236
98.2157
237
97.9424
238
97.6692
239
97.3959
240
97.1227
241
96.8494
242
96.5762
243
96.3029
244
96.0297
245
95.7564
246
95.4832
247
95.2099
248
94.9367
249
94.6634
250
94.3902
251
94.1169
252
93.8437
253
93.5704
254
93.2972
255
93.0239
256
94
252.428
95
248.768
96
245.109
97
241.449
98
237.789
99
234.13
100
230.47
101
226.81
102
223.151
103
219.491
104
215.831
105
212.172
106
208.512
107
204.853
108
201.193
109
197.533
110
193.874
111
190.214
112
186.554
113
182.895
114
179.235
115
175.575
116
171.916
117
168.256
118
164.596
119
160.937
120
157.277
121
153.618
122
149.958
123
146.298
124
142.639
125
138.979
126
135.319
127
131.66
128
128
129
124.34
130
120.681
131
117.021
132
113.361
133
109.702
134
106.042
135
102.382
136
98.7228
137
95.0632
138
91.4035
139
87.7439
140
84.0843
141
80.4246
142
76.765
143
73.1053
144
69.4457
145
65.786
146
62.1264
147
58.4667
148
54.8071
149
51.1474
150
47.4878
151
43.8282
152
40.1685
153
36.5089
154
32.8492
155
29.1896
156
25.5299
157
21.8703
158
18.2106
159
14.551
160
10.8913
161
7.2317
162
3.57205
179.912
0
179.506
1
179.1
2
178.695
3
178.289
4
177.884
5
177.478
6
177.073
7
176.667
8
176.262
9
175.856
10
175.45
11
175.045
12
174.639
13
174.234
14
173.828
15
173.423
16
173.017
17
172.612
18
172.206
19
171.8
20
171.395
21
170.989
22
170.584
23
170.178
24
169.773
25
169.367
26
168.961
27
168.556
28
168.15
29
167.745
30
167.339
31
166.934
32
166.528
33
166.123
34
165.717
35
165.311
36
164.906
37
164.5
38
164.095
39
163.689
40
163.284
41
162.878
42
162.473
43
162.067
44
161.661
45
161.256
46
160.85
47
160.445
48
160.039
49
159.634
50
159.228
51
158.823
52
158.417
53
158.011
54
157.606
55
157.2
56
156.795
57
156.389
58
155.984
59
155.578
60
155.172
61
154.767
62
154.361
63
153.956
64
153.55
65
153.145
66
152.739
67
152.334
68
151.928
69
151.522
70
151.117
71
150.711
72
150.306
73
149.9
74
149.495
75
149.089
76
148.684
77
148.278
78
147.872
79
147.467
80
147.061
81
146.656
82
146.25
83
145.845
84
145.439
85
145.033
86
144.628
87
144.222
88
143.817
89
143.411
90
143.006
91
142.6
92
142.195
93
141.789
94
141.383
95
140.978
96
140.572
97
140.167
98
139.761
99
139.356
100
138.95
101
138.545
102
138.139
103
137.733
104
137.328
105
136.922
106
136.517
107
136.111
108
135.706
109
135.3
110
134.895
111
134.489
112
134.083
113
133.678
114
133.272
115
132.867
116
132.461
117
132.056
118
131.65
119
131.244
120
130.839
121
130.433
122
130.028
123
129.622
124
129.217
125
128.811
126
128.406
127
128
128
127.594
129
127.189
130
126.783
131
126.378
132
125.972
133
125.567
134
125.161
135
124.756
136
124.35
137
123.944
138
123.539
139
123.133
140
122.728
141
122.322
142
121.917
143
121.511
144
121.105
145
120.7
146
120.294
147
119.889
148
119.483
149
119.078
150
118.672
151
118.267
152
117.861
153
117.455
154
117.05
155
116.644
156
116.239
157
115.833
158
115.428
159
115.022
160
114.617
161
114.211
162
113.805
163
113.4
164
112.994
165
112.589
166
112.183
167
111.778
168
111.372
169
110.967
170
110.561
171
110.155
172
109.75
173
109.344
174
108.939
175
108.533
176
108.128
177
107.722
178
107.316
179
106.911
180
106.505
181
106.1
182
105.694
183
105.289
184
104.883
185
104.478
186
104.072
187
103.666
188
103.261
189
102.855
190
102.45
191
102.044
192
101.639
193
101.233
194
100.828
195
100.422
196
100.016
197
99.6108
198
99.2053
199
98.7997
200
98.3942
201
97.9886
202
97.5831
203
97.1775
204
96.7719
205
96.3664
206
95.9608
207
95.5553
208
95.1497
209
94.7441
210
94.3386
211
93.933
212
93.5275
213
93.1219
214
92.7163
215
92.3108
216
91.9052
217
91.4997
218
91.0941
219
90.6885
220
90.283
221
89.8774
222
89.4719
223
89.0663
224
88.6607
225
88.2552
226
87.8496
227
87.4441
228
87.0385
229
86.633
230
86.2274
231
85.8218
232
85.4163
233
85.0107
234
84.6052
235
84.1996
236
83.794
237
83.3885
238
82.9829
239
82.5774
240
82.1718
241
81.7662
242
81.3607
243
80.9551
244
80.5496
245
80.144
246
79.7384
247
79.3329
248
78.9273
249
78.5218
250
78.1162
251
77.7106
252
77.3051
253
76.8995
254
76.494
255
76.0884
256
77
253.752
78
251.287
79
248.821
80
246.355
81
243.889
82
241.424
83
238.958
84
236.492
85
234.026
86
231.561
87
229.095
88
226.629
89
224.163
90
221.698
91
219.232
92
216.766
93
214.301
94
211.835
95
209.369
96
206.903
97
204.438
98
201.972
99
199.506
100
197.04
101
194.575
102
192.109
103
189.643
104
187.178
105
184.712
106
182.246
107
179.78
108
177.315
109
174.849
110
172.383
111
169.917
112
167.452
113
164.986
114
162.52
115
160.054
116
157.589
117
155.123
118
152.657
119
150.192
120
147.726
121
145.26
122
142.794
123
140.329
124
137.863
125
135.397
126
132.931
127
130.466
128
128
129
125.534
130
123.069
131
120.603
132
118.137
133
115.671
134
113.206
135
110.74
136
108.274
137
105.808
138
103.343
139
100.877
140
98.4112
141
95.9455
142
93.4798
143
91.014
144
88.5483
145
86.0826
146
83.6168
147
81.1511
148
78.6854
149
76.2197
150
73.7539
151
71.2882
152
68.8225
153
66.3567
154
63.891
155
61.4253
156
58.9595
157
56.4938
158
54.0281
159
51.5623
160
49.0966
161
46.6309
162
44.1652
163
41.6994
164
39.2337
165
36.768
166
34.3022
167
31.8365
168
29.3708
169
26.905
170
24.4393
171
21.9736
172
19.5078
173
17.0421
174
14.5764
175
12.1107
176
9.64493
177
7.1792
178
4.71346
179
2.24773
198.566
0
198.015
1
197.464
2
196.912
3
196.361
4
195.81
5
195.259
6
194.707
7
194.156
8
193.605
9
193.053
10
192.502
11
191.951
12
191.399
13
190.848
14
190.297
15
189.746
16
189.194
17
188.643
18
188.092
19
187.54
20
186.989
21
186.438
22
185.886
23
185.335
24
184.784
25
184.233
26
183.681
27
183.13
28
182.579
29
182.027
30
181.476
31
180.925
32
180.373
33
179.822
34
179.271
35
178.72
36
178.168
37
177.617
38
177.066
39
176.514
40
175.963
41
175.412
42
174.86
43
174.309
44
173.758
45
173.207
46
172.655
47
172.104
48
171.553
49
171.001
50
170.45
51
169.899
52
169.347
53
168.796
54
168.245
55
167.694
56
167.142
57
166.591
58
166.04
59
165.488
60
164.937
61
164.386
62
163.834
63
163.283
64
162.732
65
162.181
66
161.629
67
161.078
68
160.527
69
159.975
70
159.424
71
158.873
72
158.321
73
157.77
74
157.219
75
156.668
76
156.116
77
155.565
78
155.014
79
154.462
80
153.911
81
153.36
82
152.808
83
152.257
84
151.706
85
151.155
86
150.603
87
150.052
88
149.501
89
148.949
90
148.398
91
147.847
92
147.295
93
146.744
94
146.193
95
145.642
96
145.09
97
144.539
98
143.988
99
143.436
100
142.885
101
142.334
102
141.782
103
141.231
104
140.68
105
140.129
106
139.577
107
139.026
108
138.475
109
137.923
110
137.372
111
136.821
112
136.269
113
135.718
114
135.167
115
134.616
116
134.064
117
133.513
118
132.962
119
132.41
120
131.859
121
131.308
122
130.756
123
130.205
124
129.654
125
129.103
126
128.551
127
128
128
127.449
129
126.897
130
126.346
131
125.795
132
125.244
133
124.692
134
124.141
135
123.59
136
123.038
137
122.487
138
121.936
139
121.384
140
120.833
141
120.282
142
119.731
143
119.179
144
118.628
145
118.077
146
117.525
147
116.974
148
116.423
149
115.871
150
115.32
151
114.769
152
114.218
153
113.666
154
113.115
155
112.564
156
112.012
157
111.461
158
110.91
159
110.358
160
109.807
161
109.256
162
108.705
163
108.153
164
107.602
165
107.051
166
106.499
167
105.948
168
105.397
169
104.845
170
104.294
171
103.743
172
103.192
173
102.64
174
102.089
175
101.538
176
100.986
177
100.435
178
99.8837
179
99.3324
180
98.7811
181
98.2298
182
97.6785
183
97.1272
184
96.5759
185
96.0246
186
95.4733
187
94.922
188
94.3707
189
93.8194
190
93.2681
191
92.7168
192
92.1655
193
91.6142
194
91.0629
195
90.5116
196
89.9603
197
89.409
198
88.8577
199
88.3064
200
87.7551
201
87.2038
202
86.6525
203
86.1012
204
85.5499
205
84.9986
206
84.4473
207
83.896
208
83.3447
209
82.7934
210
82.2421
211
81.6908
212
81.1395
213
80.5882
214
80.0369
215
79.4856
216
78.9343
217
78.383
218
77.8317
219
77.2804
220
76.7292
221
76.1779
222
75.6266
223
75.0753
224
74.524
225
73.9727
226
73.4214
227
72.8701
228
72.3188
229
71.7675
230
71.2162
231
70.6649
232
70.1136
233
69.5623
234
69.011
235
68.4597
236
67.9084
237
67.3571
238
66.8058
239
66.2545
240
65.7032
241
65.1519
242
64.6006
243
64.0493
244
63.498
245
62.9467
246
62.3954
247
61.8441
248
61.2928
249
60.7415
250
60.1902
251
59.6389
252
59.0876
253
58.5363
254
57.985
255
57.4337
256
58
254.973
59
253.159
60
251.345
61
249.531
62
247.717
63
245.903
64
244.089
65
242.275
66
240.462
67
238.648
68
236.834
69
235.02
70
233.206
71
231.392
72
229.578
73
227.764
74
225.95
75
224.136
76
222.323
77
220.509
78
218.695
79
216.881
80
215.067
81
213.253
82
211.439
83
209.625
84
207.811
85
205.998
86
204.184
87
202.37
88
200.556
89
198.742
90
196.928
91
195.114
92
193.3
93
191.486
94
189.672
95
187.859
96
186.045
97
184.231
98
182.417
99
180.603
100
178.789
101
176.975
102
175.161
103
173.347
104
171.534
105
169.72
106
167.906
107
166.092
108
164.278
109
162.464
110
160.65
111
158.836
112
157.022
113
155.208
114
153.395
115
151.581
116
149.767
117
147.953
118
146.139
119
144.325
120
142.511
121
140.697
122
138.883
123
137.069
124
135.256
125
133.442
126
131.628
127
129.814
128
128
129
126.186
130
124.372
131
122.558
132
120.744
133
118.931
134
117.117
135
115.303
136
113.489
137
111.675
138
109.861
139
108.047
140
106.233
141
104.419
142
102.605
143
100.792
144
98.9777
145
97.1638
146
95.3499
147
93.536
148
91.7221
149
89.9082
150
88.0943
151
86.2804
152
84.4665
153
82.6526
154
80.8387
155
79.0248
156
77.2109
157
75.397
158
73.5831
159
71.7692
160
69.9553
161
68.1414
162
66.3275
163
64.5136
164
62.6997
165
60.8858
166
59.0719
167
57.258
168
55.4442
169
53.6303
170
51.8164
171
50.0025
172
48.1886
173
46.3747
174
44.5608
175
42.7469
176
40.933
177
39.1191
178
37.3052
179
35.4913
180
33.6774
181
31.8635
182
30.0496
183
28.2357
184
26.4218
185
24.6079
186
22.794
187
20.9801
188
19.1662
189
17.3523
190
15.5384
191
13.7245
192
11.9106
193
10.0967
194
8.28285
195
6.46895
196
4.65506
197
2.84116
198
1.02727
219.843
0
219.126
1
218.408
2
217.691
3
216.973
4
216.256
5
215.538
6
214.82
7
214.103
8
213.385
9
212.668
10
211.95
11
211.233
12
210.515
13
209.798
14
209.08
15
208.363
16
207.645
17
206.928
18
206.21
19
205.493
20
204.775
21
204.058
22
203.34
23
202.623
24
201.905
25
201.188
26
200.47
27
199.752
28
199.035
29
198.317
30
197.6
31
196.882
32
196.165
33
195.447
34
194.73
35
194.012
36
193.295
37
192.577
38
191.86
39
191.142
40
190.425
41
189.707
42
188.99
43
188.272
44
187.555
45
186.837
46
186.12
47
185.402
48
184.684
49
183.967
50
183.249
51
182.532
52
181.814
53
181.097
54
180.379
55
179.662
56
178.944
57
178.227
58
177.509
59
176.792
60
176.074
61
175.357
62
174.639
63
173.922
64
173.204
65
172.487
66
171.769
67
171.051
68
170.334
69
169.616
70
168.899
71
168.181
72
167.464
73
166.746
74
166.029
75
165.311
76
164.594
77
163.876
78
163.159
79
162.441
80
161.724
81
161.006
82
160.289
83
159.571
84
158.854
85
158.136
86
157.419
87
156.701
88
155.983
89
155.266
90
154.548
91
153.831
92
153.113
93
152.396
94
151.678
95
150.961
96
150.243
97
149.526
98
148.808
99
148.091
100
147.373
101
146.656
102
145.938
103
145.221
104
144.503
105
143.786
106
143.068
107
142.35
108
141.633
109
140.915
110
140.198
111
139.48
112
138.763
113
138.045
114
137.328
115
136.61
116
135.893
117
135.175
118
134.458
119
133.74
120
133.023
121
132.305
122
131.588
123
130.87
124
130.153
125
129.435
126
128.718
127
128
128
127.282
129
126.565
130
125.847
131
125.13
132
124.412
133
123.695
134
122.977
135
122.26
136
121.542
137
120.825
138
120.107
139
119.39
140
118.672
141
117.955
142
117.237
143
116.52
144
115.802
145
115.085
146
114.367
147
113.65
148
112.932
149
112.214
150
111.497
151
110.779
152
110.062
153
109.344
154
108.627
155
107.909
156
107.192
157
106.474
158
105.757
159
105.039
160
104.322
161
103.604
162
102.887
163
102.169
164
101.452
165
100.734
166
100.017
167
99.299
168
98.5815
169
97.864
170
97.1464
171
96.4289
172
95.7114
173
94.9939
174
94.2763
175
93.5588
176
92.8413
177
92.1238
178
91.4062
179
90.6887
180
89.9712
181
89.2537
182
88.5361
183
87.8186
184
87.1011
185
86.3836
186
85.666
187
84.9485
188
84.231
189
83.5135
190
82.7959
191
82.0784
192
81.3609
193
80.6434
194
79.9258
195
79.2083
196
78.4908
197
77.7733
198
77.0557
199
76.3382
200
75.6207
201
74.9032
202
74.1856
203
73.4681
204
72.7506
205
72.0331
206
71.3155
207
70.598
208
69.8805
209
69.163
210
68.4454
211
67.7279
212
67.0104
213
66.2929
214
65.5753
215
64.8578
216
64.1403
217
63.4228
218
62.7052
219
61.9877
220
61.2702
221
60.5527
222
59.8351
223
59.1176
224
58.4001
225
57.6826
226
56.965
227
56.2475
228
55.53
229
54.8125
230
54.0949
231
53.3774
232
52.6599
233
51.9424
234
51.2248
235
50.5073
236
49.7898
237
49.0723
238
48.3547
239
47.6372
240
46.9197
241
46.2022
242
45.4846
243
44.7671
244
44.0496
245
43.3321
246
42.6145
247
41.897
248
41.1795
249
40.462
250
39.7445
251
39.0269
252
38.3094
253
37.5919
254
36.8744
255
36.1568
256
37
254.825
38
253.431
39
252.038
40
250.644
41
249.25
42
247.856
43
246.463
44
245.069
45
243.675
46
242.282
47
240.888
48
239.494
49
238.101
50
236.707
51
235.313
52
233.92
53
232.526
54
231.132
55
229.739
56
228.345
57
226.951
58
225.558
59
224.164
60
222.77
61
221.377
62
219.983
63
218.589
64
217.196
65
215.802
66
214.408
67
213.014
68
211.621
69
210.227
70
208.833
71
207.44
72
206.046
73
204.652
74
203.259
75
201.865
76
200.471
77
199.078
78
197.684
79
196.29
80
194.897
81
193.503
82
192.109
83
190.716
84
189.322
85
187.928
86
186.535
87
185.141
88
183.747
89
182.354
90
180.96
91
179.566
92
178.172
93
176.779
94
175.385
95
173.991
96
172.598
97
171.204
98
169.81
99
168.417
100
167.023
101
165.629
102
164.236
103
162.842
104
161.448
105
160.055
106
158.661
107
157.267
108
155.874
109
154.48
110
153.086
111
151.693
112
150.299
113
148.905
114
147.512
115
146.118
116
144.724
117
143.33
118
141.937
119
140.543
120
139.149
121
137.756
122
136.362
123
134.968
124
133.575
125
132.181
126
130.787
127
129.394
128
128
129
126.606
130
125.213
131
123.819
132
122.425
133
121.032
134
119.638
135
118.244
136
116.851
137
115.457
138
114.063
139
112.67
140
111.276
141
109.882
142
108.488
143
107.095
144
105.701
145
104.307
146
102.914
147
101.52
148
100.126
149
98.7327
150
97.339
151
95.9454
152
94.5517
153
93.158
154
91.7643
155
90.3706
156
88.977
157
87.5833
158
86.1896
159
84.7959
160
83.4022
161
82.0086
162
80.6149
163
79.2212
164
77.8275
165
76.4338
166
75.0402
167
73.6465
168
72.2528
169
70.8591
170
69.4654
171
68.0718
172
66.6781
173
65.2844
174
63.8907
175
62.497
176
61.1034
177
59.7097
178
58.316
179
56.9223
180
55.5286
181
54.135
182
52.7413
183
51.3476
184
49.9539
185
48.5602
186
47.1666
187
45.7729
188
44.3792
189
42.9855
190
41.5918
191
40.1982
192
38.8045
193
37.4108
194
36.0171
195
34.6234
196
33.2298
197
31.8361
198
30.4424
199
29.0487
200
27.655
201
26.2614
202
24.8677
203
23.474
204
22.0803
205
20.6866
206
19.293
207
17.8993
208
16.5056
209
15.1119
210
13.7182
211
12.3246
212
10.9309
213
9.53719
214
8.14351
215
6.74983
216
5.35615
217
3.96247
218
2.56879
219
1.17511
245.097
0
244.182
1
243.267
2
242.352
3
241.437
4
240.523
5
239.608
6
238.693
7
237.778
8
236.863
9
235.948
10
235.034
11
234.119
12
233.204
13
232.289
14
231.374
15
230.46
16
229.545
17
228.63
18
227.715
19
226.8
20
225.886
21
224.971
22
224.056
23
223.141
24
222.226
25
221.311
26
220.397
27
219.482
28
218.567
29
217.652
30
216.737
31
215.823
32
214.908
33
213.993
34
213.078
35
212.163
36
211.248
37
210.334
38
209.419
39
208.504
40
207.589
41
206.674
42
205.76
43
204.845
44
203.93
45
203.015
46
202.1
47
201.185
48
200.271
49
199.356
50
198.441
51
197.526
52
196.611
53
195.697
54
194.782
55
193.867
56
192.952
57
192.037
58
191.122
59
190.208
60
189.293
61
188.378
62
187.463
63
186.548
64
185.634
65
184.719
66
183.804
67
182.889
68
181.974
69
181.059
70
180.145
71
179.23
72
178.315
73
177.4
74
176.485
75
175.571
76
174.656
77
173.741
78
172.826
79
171.911
80
170.996
81
170.082
82
169.167
83
168.252
84
167.337
85
166.422
86
165.508
87
164.593
88
163.678
89
162.763
90
161.848
91
160.933
92
160.019
93
159.104
94
158.189
95
157.274
96
156.359
97
155.445
98
154.53
99
153.615
100
152.7
101
151.785
102
150.87
103
149.956
104
149.041
105
148.126
106
147.211
107
146.296
108
145.382
109
144.467
110
143.552
111
142.637
112
141.722
113
140.807
114
139.893
115
138.978
116
138.063
117
137.148
118
136.233
119
135.319
120
134.404
121
133.489
122
132.574
123
131.659
124
130.744
125
129.83
126
128.915
127
128
128
127.085
129
126.17
130
125.256
131
124.341
132
123.426
133
122.511
134
121.596
135
120.681
136
119.767
137
118.852
138
117.937
139
117.022
140
116.107
141
115.193
142
114.278
143
113.363
144
112.448
145
111.533
146
110.618
147
109.704
148
108.789
149
107.874
150
106.959
151
106.044
152
105.13
153
104.215
154
103.3
155
102.385
156
101.47
157
100.555
158
99.6406
159
98.7258
160
97.811
161
96.8962
162
95.9814
163
95.0666
164
94.1517
165
93.2369
166
92.3221
167
91.4073
168
90.4925
169
89.5777
170
88.6628
171
87.748
172
86.8332
173
85.9184
174
85.0036
175
84.0887
176
83.1739
177
82.2591
178
81.3443
179
80.4295
180
79.5147
181
78.5998
182
77.685
183
76.7702
184
75.8554
185
74.9406
186
74.0258
187
73.1109
188
72.1961
189
71.2813
190
70.3665
191
69.4517
192
68.5368
193
67.622
194
66.7072
195
65.7924
196
64.8776
197
63.9628
198
63.0479
199
62.1331
200
61.2183
201
60.3035
202
59.3887
203
58.4738
204
57.559
205
56.6442
206
55.7294
207
54.8146
208
53.8998
209
52.9849
210
52.0701
211
51.1553
212
50.2405
213
49.3257
214
48.4109
215
47.496
216
46.5812
217
45.6664
218
44.7516
219
43.8368
220
42.9219
221
42.0071
222
41.0923
223
40.1775
224
39.2627
225
38.3479
226
37.433
227
36.5182
228
35.6034
229
34.6886
230
33.7738
231
32.859
232
31.9441
233
31.0293
234
30.1145
235
29.1997
236
28.2849
237
27.37
238
26.4552
239
25.5404
240
24.6256
241
23.7108
242
22.796
243
21.8811
244
20.9663
245
20.0515
246
19.1367
247
18.2219
248
17.307
249
16.3922
250
15.4774
251
14.5626
252
13.6478
253
12.733
254
11.8181
255
10.9033
256
11
255.894
12
254.801
13
253.708
14
252.615
15
251.522
16
250.429
17
249.336
18
248.243
19
247.149
20
246.056
21
244.963
22
243.87
23
242.777
24
241.684
25
240.591
26
239.498
27
238.405
28
237.311
29
236.218
30
235.125
31
234.032
32
232.939
33
231.846
34
230.753
35
229.66
36
228.566
37
227.473
38
226.38
39
225.287
40
224.194
41
223.101
42
222.008
43
220.915
44
219.822
45
218.728
46
217.635
47
216.542
48
215.449
49
214.356
50
213.263
51
212.17
52
211.077
53
209.984
54
208.89
55
207.797
56
206.704
57
205.611
58
204.518
59
203.425
60
202.332
61
201.239
62
200.146
63
199.052
64
197.959
65
196.866
66
195.773
67
194.68
68
193.587
69
192.494
70
191.401
71
190.307
72
189.214
73
188.121
74
187.028
75
185.935
76
184.842
77
183.749
78
182.656
79
181.563
80
180.469
81
179.376
82
178.283
83
177.19
84
176.097
85
175.004
86
173.911
87
172.818
88
171.725
89
170.631
90
169.538
91
168.445
92
167.352
93
166.259
94
165.166
95
164.073
96
162.98
97
161.887
98
160.793
99
159.7
100
158.607
101
157.514
102
156.421
103
155.328
104
154.235
105
153.142
106
152.049
107
150.955
108
149.862
109
148.769
110
147.676
111
146.583
112
145.49
113
144.397
114
143.304
115
142.21
116
141.117
117
140.024
118
138.931
119
137.838
120
136.745
121
135.652
122
134.559
123
133.466
124
132.372
125
131.279
126
130.186
127
129.093
128
128
129
126.907
130
125.814
131
124.721
132
123.628
133
122.534
134
121.441
135
120.348
136
119.255
137
118.162
138
117.069
139
115.976
140
114.883
141
113.79
142
112.696
143
111.603
144
110.51
145
109.417
146
108.324
147
107.231
148
106.138
149
105.045
150
103.951
151
102.858
152
101.765
153
100.672
154
99.579
155
98.4859
156
97.3928
157
96.2997
158
95.2066
159
94.1135
160
93.0204
161
91.9272
162
90.8341
163
89.741
164
88.6479
165
87.5548
166
86.4617
167
85.3686
168
84.2754
169
83.1823
170
82.0892
171
80.9961
172
79.903
173
78.8099
174
77.7168
175
76.6236
176
75.5305
177
74.4374
178
73.3443
179
72.2512
180
71.1581
181
70.065
182
68.9719
183
67.8787
184
66.7856
185
65.6925
186
64.5994
187
63.5063
188
62.4132
189
61.3201
190
60.2269
191
59.1338
192
58.0407
193
56.9476
194
55.8545
195
54.7614
196
53.6683
197
52.5751
198
51.482
199
50.3889
200
49.2958
201
48.2027
202
47.1096
203
46.0165
204
44.9233
205
43.8302
206
42.7371
207
41.644
208
40.5509
209
39.4578
210
38.3647
211
37.2715
212
36.1784
213
35.0853
214
33.9922
215
32.8991
216
31.806
217
30.7129
218
29.6198
219
28.5266
220
27.4335
221
26.3404
222
25.2473
223
24.1542
224
23.0611
225
21.968
226
20.8748
227
19.7817
228
18.6886
229
17.5955
230
16.5024
231
15.4093
232
14.3162
233
13.223
234
12.1299
235
11.0368
236
9.9437
237
8.85059
238
7.75747
239
6.66436
240
5.57125
241
4.47813
242
3.38502
243
2.29191
244
1.19879
245
0.105678
255.64
18
254.48
19
253.319
20
252.159
21
250.999
22
249.838
23
248.678
24
247.517
25
246.357
26
245.197
27
244.036
28
242.876
29
241.716
30
240.555
31
239.395
32
238.235
33
237.074
34
235.914
35
234.753
36
233.593
37
232.433
38
231.272
39
230.112
40
228.952
41
227.791
42
226.631
43
225.471
44
224.31
45
223.15
46
221.989
47
220.829
48
219.669
49
218.508
50
217.348
51
216.188
52
215.027
53
213.867
54
212.707
55
211.546
56
210.386
57
209.225
58
208.065
59
206.905
60
205.744
61
204.584
62
203.424
63
202.263
64
201.103
65
199.943
66
198.782
67
197.622
68
196.461
69
195.301
70
194.141
71
192.98
72
191.82
73
190.66
74
189.499
75
188.339
76
187.179
77
186.018
78
184.858
79
183.697
80
182.537
81
181.377
82
180.216
83
179.056
84
177.896
85
176.735
86
175.575
87
174.415
88
173.254
89
172.094
90
170.933
91
169.773
92
168.613
93
167.452
94
166.292
95
165.132
96
163.971
97
162.811
98
161.651
99
160.49
100
159.33
101
158.169
102
157.009
103
155.849
104
154.688
105
153.528
106
152.368
107
151.207
108
150.047
109
148.887
110
147.726
111
146.566
112
145.405
113
144.245
114
143.085
115
141.924
116
140.764
117
139.604
118
138.443
119
137.283
120
136.123
121
134.962
122
133.802
123
132.641
124
131.481
125
130.321
126
129.16
127
128
128
126.84
129
125.679
130
124.519
131
123.359
132
122.198
133
121.038
134
119.877
135
118.717
136
117.557
137
116.396
138
115.236
139
114.076
140
112.915
141
111.755
142
110.595
143
109.434
144
108.274
145
107.113
146
105.953
147
104.793
148
103.632
149
102.472
150
101.312
151
100.151
152
98.9909
153
97.8305
154
96.6702
155
95.5098
156
94.3494
157
93.1891
158
92.0287
159
90.8684
160
89.708
161
88.5476
162
87.3873
163
86.2269
164
85.0665
165
83.9062
166
82.7458
167
81.5854
168
80.4251
169
79.2647
170
78.1044
171
76.944
172
75.7836
173
74.6233
174
73.4629
175
72.3025
176
71.1422
177
69.9818
178
68.8214
179
67.6611
180
66.5007
181
65.3403
182
64.18
183
63.0196
184
61.8593
185
60.6989
186
59.5385
187
58.3782
188
57.2178
189
56.0574
190
54.8971
191
53.7367
192
52.5763
193
51.416
194
50.2556
195
49.0953
196
47.9349
197
46.7745
198
45.6142
199
44.4538
200
43.2934
201
42.1331
202
40.9727
203
39.8123
204
38.652
205
37.4916
206
36.3312
207
35.1709
208
34.0105
209
32.8502
210
31.6898
211
30.5294
212
29.3691
213
28.2087
214
27.0483
215
25.888
216
24.7276
217
23.5672
218
22.4069
219
21.2465
220
20.0862
221
18.9258
222
17.7654
223
16.6051
224
15.4447
225
14.2843
226
13.124
227
11.9636
228
10.8032
229
9.64288
230
8.48251
231
7.32215
232
6.16179
233
5.00142
234
3.84106
235
2.68069
236
1.52033
237
0.359967
238
0
238.31
1
237.448
2
236.587
3
235.725
4
234.863
5
234.001
6
233.139
7
232.278
8
231.416
9
230.554
10
229.692
11
228.83
12
227.969
13
227.107
14
226.245
15
225.383
16
224.521
17
223.66
18
222.798
19
221.936
20
221.074
21
220.212
22
219.351
23
218.489
24
217.627
25
216.765
26
215.903
27
215.042
28
214.18
29
213.318
30
212.456
31
211.594
32
210.733
33
209.871
34
209.009
35
208.147
36
207.285
37
206.424
38
205.562
39
204.7
40
203.838
41
202.976
42
202.115
43
201.253
44
200.391
45
199.529
46
198.667
47
197.806
48
196.944
49
196.082
50
195.22
51
194.358
52
193.497
53
192.635
54
191.773
55
190.911
56
190.049
57
189.188
58
188.326
59
187.464
60
186.602
61
185.741
62
184.879
63
184.017
64
183.155
65
182.293
66
181.432
67
180.57
68
179.708
69
178.846
70
177.984
71
177.123
72
176.261
73
175.399
74
174.537
75
173.675
76
172.814
77
171.952
78
171.09
79
170.228
80
169.366
81
168.505
82
167.643
83
166.781
84
165.919
85
165.057
86
164.196
87
163.334
88
162.472
89
161.61
90
160.748
91
159.887
92
159.025
93
158.163
94
157.301
95
156.439
96
155.578
97
154.716
98
153.854
99
152.992
100
152.13
101
151.269
102
150.407
103
149.545
104
148.683
105
147.821
106
146.96
107
146.098
108
145.236
109
144.374
110
143.512
111
142.651
112
141.789
113
140.927
114
140.065
115
139.203
116
138.342
117
137.48
118
136.618
119
135.756
120
134.894
121
134.033
122
133.171
123
132.309
124
131.447
125
130.585
126
129.724
127
128.862
128
128
129
127.138
130
126.276
131
125.415
132
124.553
133
123.691
134
122.829
135
121.967
136
121.106
137
120.244
138
119.382
139
118.52
140
117.658
141
116.797
142
115.935
143
115.073
144
114.211
145
113.349
146
112.488
147
111.626
148
110.764
149
109.902
150
109.04
151
108.179
152
107.317
153
106.455
154
105.593
155
104.731
156
103.87
157
103.008
158
102.146
159
101.284
160
100.422
161
99.5606
162
98.6988
163
97.837
164
96.9753
165
96.1135
166
95.2517
167
94.3899
168
93.5281
169
92.6663
170
91.8045
171
90.9427
172
90.0809
173
89.2191
174
88.3573
175
87.4955
176
86.6337
177
85.7719
178
84.9101
179
84.0483
180
83.1865
181
82.3247
182
81.4629
183
80.6011
184
79.7393
185
78.8775
186
78.0157
187
77.1539
188
76.2921
189
75.4303
190
74.5685
191
73.7067
192
72.8449
193
71.9831
194
71.1213
195
70.2595
196
69.3977
197
68.5359
198
67.6741
199
66.8123
200
65.9505
201
65.0887
202
64.2269
203
63.3651
204
62.5033
205
61.6415
206
60.7797
207
59.9179
208
59.0561
209
58.1943
210
57.3325
211
56.4707
212
55.6089
213
54.7471
214
53.8853
215
53.0235
216
52.1617
217
51.2999
218
50.4381
219
49.5763
220
48.7145
221
47.8527
222
46.9909
223
46.1291
224
45.2673
225
44.4055
226
43.5437
227
42.6819
228
41.8201
229
40.9583
230
40.0965
231
39.2347
232
38.3729
233
37.5111
234
36.6493
235
35.7876
236
34.9258
237
34.064
238
33.2022
239
32.3404
240
31.4786
241
30.6168
242
29.755
243
28.8932
244
28.0314
245
27.1696
246
26.3078
247
25.446
248
24.5842
249
23.7224
250
22.8606
251
21.9988
252
21.137
253
20.2752
254
19.4134
255
18.5516
256
17.6898
255.682
42
254.197
43
252.712
44
251.228
45
249.743
46
248.258
47
246.774
48
245.289
49
243.804
50
242.32
51
240.835
52
239.35
53
237.866
54
236.381
55
234.896
56
233.412
57
231.927
58
230.442
59
228.958
60
227.473
61
225.988
62
224.504
63
223.019
64
221.534
65
220.049
66
218.565
67
217.08
68
215.595
69
214.111
70
212.626
71
211.141
72
209.657
73
208.172
74
206.687
75
205.203
76
203.718
77
202.233
78
200.749
79
199.264
80
197.779
81
196.295
82
194.81
83
193.325
84
191.841
85
190.356
86
188.871
87
187.387
88
185.902
89
184.417
90
182.933
91
181.448
92
179.963
93
178.479
94
176.994
95
175.509
96
174.025
97
172.54
98
171.055
99
169.571
100
168.086
101
166.601
102
165.117
103
163.632
104
162.147
105
160.663
106
159.178
107
157.693
108
156.209
109
154.724
110
153.239
111
151.755
112
150.27
113
148.785
114
147.301
115
145.816
116
144.331
117
142.847
118
141.362
119
139.877
120
138.393
121
136.908
122
135.423
123
133.939
124
132.454
125
130.969
126
129.485
127
128
128
126.515
129
125.031
130
123.546
131
122.061
132
120.577
133
119.092
134
117.607
135
116.123
136
114.638
137
113.153
138
111.669
139
110.184
140
108.699
141
107.215
142
105.73
143
104.245
144
102.761
145
101.276
146
99.7913
147
98.3066
148
96.8219
149
95.3373
150
93.8526
151
92.3679
152
90.8833
153
89.3986
154
87.9139
155
86.4293
156
84.9446
157
83.4599
158
81.9753
159
80.4906
160
79.0059
161
77.5212
162
76.0366
163
74.5519
164
73.0672
165
71.5826
166
70.0979
167
68.6132
168
67.1286
169
65.6439
170
64.1592
171
62.6746
172
61.1899
173
59.7052
174
58.2205
175
56.7359
176
55.2512
177
53.7665
178
52.2819
179
50.7972
180
49.3125
181
47.8279
182
46.3432
183
44.8585
184
43.3739
185
41.8892
186
40.4045
187
38.9198
188
37.4352
189
35.9505
190
34.4658
191
32.9812
192
31.4965
193
30.0118
194
28.5272
195
27.0425
196
25.5578
197
24.0732
198
22.5885
199
21.1038
200
19.6191
201
18.1345
202
16.6498
203
15.1651
204
13.6805
205
12.1958
206
10.7111
207
9.22646
208
7.74179
209
6.25712
210
4.77245
211
3.28778
212
1.80311
213
0.318443
214
0
214.214
1
213.541
2
212.867
3
212.194
4
211.52
5
210.847
6
210.173
7
209.5
8
208.826
9
208.153
10
207.479
11
206.805
12
206.132
13
205.458
14
204.785
15
204.111
16
203.438
17
202.764
18
202.091
19
201.417
20
200.743
21
200.07
22
199.396
23
198.723
24
198.049
25
197.376
26
196.702
27
196.029
28
195.355
29
194.682
30
194.008
31
193.334
32
192.661
33
191.987
34
191.314
35
190.64
36
189.967
37
189.293
38
188.62
39
187.946
40
187.272
41
186.599
42
185.925
43
185.252
44
184.578
45
183.905
46
183.231
47
182.558
48
181.884
49
181.211
50
180.537
51
179.863
52
179.19
53
178.516
54
177.843
55
177.169
56
176.496
57
175.822
58
175.149
59
174.475
60
173.801
61
173.128
62
172.454
63
171.781
64
171.107
65
170.434
66
169.76
67
169.087
68
168.413
69
167.739
70
167.066
71
166.392
72
165.719
73
165.045
74
164.372
75
163.698
76
163.025
77
162.351
78
161.678
79
161.004
80
160.33
81
159.657
82
158.983
83
158.31
84
157.636
85
156.963
86
156.289
87
155.616
88
154.942
89
154.268
90
153.595
91
152.921
92
152.248
93
151.574
94
150.901
95
150.227
96
149.554
97
148.88
98
148.207
99
147.533
100
146.859
101
146.186
102
145.512
103
144.839
104
144.165
105
143.492
106
142.818
107
142.145
108
141.471
109
140.797
110
140.124
111
139.45
112
138.777
113
138.103
114
137.43
115
136.756
116
136.083
117
135.409
118
134.736
119
134.062
120
133.388
121
132.715
122
132.041
123
131.368
124
130.694
125
130.021
126
129.347
127
128.674
128
128
129
127.326
130
126.653
131
125.979
132
125.306
133
124.632
134
123.959
135
123.285
136
122.612
137
121.938
138
121.264
139
120.591
140
119.917
141
119.244
142
118.57
143
117.897
144
117.223
145
116.55
146
115.876
147
115.203
148
114.529
149
113.855
150
113.182
151
112.508
152
111.835
153
111.161
154
110.488
155
109.814
156
109.141
157
108.467
158
107.793
159
107.12
160
106.446
161
105.773
162
105.099
163
104.426
164
103.752
165
103.079
166
102.405
167
101.732
168
101.058
169
100.384
170
99.7109
171
99.0373
172
98.3638
173
97.6902
174
97.0167
175
96.3431
176
95.6696
177
94.996
178
94.3225
179
93.6489
180
92.9754
181
92.3018
182
91.6283
183
90.9547
184
90.2812
185
89.6076
186
88.9341
187
88.2605
188
87.587
189
86.9134
190
86.2399
191
85.5663
192
84.8928
193
84.2192
194
83.5457
195
82.8721
196
82.1986
197
81.525
198
80.8515
199
80.1779
200
79.5044
201
78.8308
202
78.1572
203
77.4837
204
76.8101
205
76.1366
206
75.463
207
74.7895
208
74.1159
209
73.4424
210
72.7688
211
72.0953
212
71.4217
213
70.7482
214
70.0746
215
69.4011
216
68.7275
217
68.054
218
67.3804
219
66.7069
220
66.0333
221
65.3598
222
64.6862
223
64.0127
224
63.3391
225
62.6656
226
61.992
227
61.3185
228
60.6449
229
59.9714
230
59.2978
231
58.6243
232
57.9507
233
57.2772
234
56.6036
235
55.9301
236
55.2565
237
54.583
238
53.9094
239
53.2359
240
52.5623
241
51.8888
242
51.2152
243
50.5417
244
49.8681
245
49.1946
246
48.521
247
47.8475
248
47.1739
249
46.5004
250
45.8268
251
45.1533
252
44.4797
253
43.8062
254
43.1326
255
42.4591
256
41.7855
254.64
63
252.692
64
250.744
65
248.795
66
246.847
67
244.899
68
242.951
69
241.002
70
239.054
71
237.106
72
235.157
73
233.209
74
231.261
75
229.312
76
227.364
77
225.416
78
223.467
79
221.519
80
219.571
81
217.622
82
215.674
83
213.726
84
211.777
85
209.829
86
207.881
87
205.933
88
203.984
89
202.036
90
200.088
91
198.139
92
196.191
93
194.243
94
192.294
95
190.346
96
188.398
97
186.449
98
184.501
99
182.553
100
180.604
101
178.656
102
176.708
103
174.76
104
172.811
105
170.863
106
168.915
107
166.966
108
165.018
109
163.07
110
161.121
111
159.173
112
157.225
113
155.276
114
153.328
115
151.38
116
149.431
117
147.483
118
145.535
119
143.587
120
141.638
121
139.69
122
137.742
123
135.793
124
133.845
125
131.897
126
129.948
127
128
128
126.052
129
124.103
130
122.155
131
120.207
132
118.258
133
116.31
134
114.362
135
112.413
136
110.465
137
108.517
138
106.569
139
104.62
140
102.672
141
100.724
142
98.7753
143
96.827
144
94.8787
145
92.9303
146
90.982
147
89.0337
148
87.0854
149
85.1371
150
83.1888
151
81.2405
152
79.2922
153
77.3438
154
75.3955
155
73.4472
156
71.4989
157
69.5506
158
67.6023
159
65.654
160
63.7056
161
61.7573
162
59.809
163
57.8607
164
55.9124
165
53.9641
166
52.0158
167
50.0674
168
48.1191
169
46.1708
170
44.2225
171
42.2742
172
40.3259
173
38.3776
174
36.4292
175
34.4809
176
32.5326
177
30.5843
178
28.636
179
26.6877
180
24.7394
181
22.791
182
20.8427
183
18.8944
184
16.9461
185
14.9978
186
13.0495
187
11.1012
188
9.15285
189
7.20454
190
5.25622
191
3.30791
192
1.3596
193
0
193.698
1
193.185
2
192.671
3
192.158
4
191.645
5
191.132
6
190.618
7
190.105
8
189.592
9
189.078
10
188.565
11
188.052
12
187.539
13
187.025
14
186.512
15
185.999
16
185.486
17
184.972
18
184.459
19
183.946
20
183.433
21
182.919
22
182.406
23
181.893
24
181.379
25
180.866
26
180.353
27
179.84
28
179.326
29
178.813
30
178.3
31
177.787
32
177.273
33
176.76
34
176.247
35
175.734
36
175.22
37
174.707
38
174.194
39
173.681
40
173.167
41
172.654
42
172.141
43
171.627
44
171.114
45
170.601
46
170.088
47
169.574
48
169.061
49
168.548
50
168.035
51
167.521
52
167.008
53
166.495
54
165.982
55
165.468
56
164.955
57
164.442
58
163.929
59
163.415
60
162.902
61
162.389
62
161.875
63
161.362
64
160.849
65
160.336
66
159.822
67
159.309
68
158.796
69
158.283
70
157.769
71
157.256
72
156.743
73
156.23
74
155.716
75
155.203
76
154.69
77
154.176
78
153.663
79
153.15
80
152.637
81
152.123
82
151.61
83
151.097
84
150.584
85
150.07
86
149.557
87
149.044
88
148.531
89
148.017
90
147.504
91
146.991
92
146.478
93
145.964
94
145.451
95
144.938
96
144.424
97
143.911
98
143.398
99
142.885
100
142.371
101
141.858
102
141.345
103
140.832
104
140.318
105
139.805
106
139.292
107
138.779
108
138.265
109
137.752
110
137.239
111
136.725
112
136.212
113
135.699
114
135.186
115
134.672
116
134.159
117
133.646
118
133.133
119
132.619
120
132.106
121
131.593
122
131.08
123
130.566
124
130.053
125
129.54
126
129.027
127
128.513
128
128
129
127.487
130
126.973
131
126.46
132
125.947
133
125.434
134
124.92
135
124.407
136
123.894
137
123.381
138
122.867
139
122.354
140
121.841
141
121.328
142
120.814
143
120.301
144
119.788
145
119.275
146
118.761
147
118.248
148
117.735
149
117.221
150
116.708
151
116.195
152
115.682
153
115.168
154
114.655
155
114.142
156
113.629
157
113.115
158
112.602
159
112.089
160
111.576
161
111.062
162
110.549
163
110.036
164
109.522
165
109.009
166
108.496
167
107.983
168
107.469
169
106.956
170
106.443
171
105.93
172
105.416
173
104.903
174
104.39
175
103.877
176
103.363
177
102.85
178
102.337
179
101.824
180
101.31
181
100.797
182
100.284
183
99.7705
184
99.2572
185
98.7439
186
98.2307
187
97.7174
188
97.2041
189
96.6909
190
96.1776
191
95.6643
192
95.1511
193
94.6378
194
94.1246
195
93.6113
196
93.098
197
92.5848
198
92.0715
199
91.5582
200
91.045
201
90.5317
202
90.0184
203
89.5052
204
88.9919
205
88.4786
206
87.9654
207
87.4521
208
86.9389
209
86.4256
210
85.9123
211
85.3991
212
84.8858
213
84.3725
214
83.8593
215
83.346
216
82.8327
217
82.3195
218
81.8062
219
81.2929
220
80.7797
221
80.2664
222
79.7532
223
79.2399
224
78.7266
225
78.2134
226
77.7001
227
77.1868
228
76.6736
229
76.1603
230
75.647
231
75.1338
232
74.6205
233
74.1072
234
73.594
235
73.0807
236
72.5675
237
72.0542
238
71.5409
239
71.0277
240
70.5144
241
70.0011
242
69.4879
243
68.9746
244
68.4613
245
67.9481
246
67.4348
247
66.9215
248
66.4083
249
65.895
250
65.3818
251
64.8685
252
64.3552
253
63.842
254
63.3287
255
62.8154
256
62.3022
254.532
81
251.84
82
249.148
83
246.456
84
243.764
85
241.071
86
238.379
87
235.687
88
232.995
89
230.303
90
227.61
91
224.918
92
222.226
93
219.534
94
216.842
95
214.15
96
211.457
97
208.765
98
206.073
99
203.381
100
200.689
101
197.997
102
195.304
103
192.612
104
189.92
105
187.228
106
184.536
107
181.843
108
179.151
109
176.459
110
173.767
111
171.075
112
168.383
113
165.69
114
162.998
115
160.306
116
157.614
117
154.922
118
152.23
119
149.537
120
146.845
121
144.153
122
141.461
123
138.769
124
136.077
125
133.384
126
130.692
127
128
128
125.308
129
122.616
130
119.923
131
117.231
132
114.539
133
111.847
134
109.155
135
106.463
136
103.77
137
101.078
138
98.3861
139
95.6939
140
93.0017
141
90.3096
142
87.6174
143
84.9252
144
82.233
145
79.5409
146
76.8487
147
74.1565
148
71.4643
149
68.7722
150
66.08
151
63.3878
152
60.6956
153
58.0035
154
55.3113
155
52.6191
156
49.9269
157
47.2348
158
44.5426
159
41.8504
160
39.1582
161
36.4661
162
33.7739
163
31.0817
164
28.3895
165
25.6974
166
23.0052
167
20.313
168
17.6208
169
14.9287
170
12.2365
171
9.54431
172
6.85213
173
4.15996
174
1.46779
175
0
175.545
1
175.174
2
174.802
3
174.431
4
174.059
5
173.688
6
173.317
7
172.945
8
172.574
9
172.202
10
171.831
11
171.459
12
171.088
13
170.716
14
170.345
15
169.974
16
169.602
17
169.231
18
168.859
19
168.488
20
168.116
21
167.745
22
167.373
23
167.002
24
166.63
25
166.259
26
165.888
27
165.516
28
165.145
29
164.773
30
164.402
31
164.03
32
163.659
33
163.287
34
162.916
35
162.545
36
162.173
37
161.802
38
161.43
39
161.059
40
160.687
41
160.316
42
159.944
43
159.573
44
159.202
45
158.83
46
158.459
47
158.087
48
157.716
49
157.344
50
156.973
51
156.601
52
156.23
53
155.859
54
155.487
55
155.116
56
154.744
57
154.373
58
154.001
59
153.63
60
153.258
61
152.887
62
152.515
63
152.144
64
151.773
65
151.401
66
151.03
67
150.658
68
150.287
69
149.915
70
149.544
71
149.172
72
148.801
73
148.43
74
148.058
75
147.687
76
147.315
77
146.944
78
146.572
79
146.201
80
145.829
81
145.458
82
145.087
83
144.715
84
144.344
85
143.972
86
143.601
87
143.229
88
142.858
89
142.486
90
142.115
91
141.744
92
141.372
93
141.001
94
140.629
95
140.258
96
139.886
97
139.515
98
139.143
99
138.772
100
138.401
101
138.029
102
137.658
103
137.286
104
136.915
105
136.543
106
136.172
107
135.8
108
135.429
109
135.057
110
134.686
111
134.315
112
133.943
113
133.572
114
133.2
115
132.829
116
132.457
117
132.086
118
131.714
119
131.343
120
130.972
121
130.6
122
130.229
123
129.857
124
129.486
125
129.114
126
128.743
127
128.371
128
128
129
127.629
130
127.257
131
126.886
132
126.514
133
126.143
134
125.771
135
125.4
136
125.028
137
124.657
138
124.286
139
123.914
140
123.543
141
123.171
142
122.8
143
122.428
144
122.057
145
121.685
146
121.314
147
120.943
148
120.571
149
120.2
150
119.828
151
119.457
152
119.085
153
118.714
154
118.342
155
117.971
156
117.599
157
117.228
158
116.857
159
116.485
160
116.114
161
115.742
162
115.371
163
114.999
164
114.628
165
114.256
166
113.885
167
113.514
168
113.142
169
112.771
170
112.399
171
112.028
172
111.656
173
111.285
174
110.913
175
110.542
176
110.171
177
109.799
178
109.428
179
109.056
180
108.685
181
108.313
182
107.942
183
107.57
184
107.199
185
106.828
186
106.456
187
106.085
188
105.713
189
105.342
190
104.97
191
104.599
192
104.227
193
103.856
194
103.485
195
103.113
196
102.742
197
102.37
198
101.999
199
101.627
200
101.256
201
100.884
202
100.513
203
100.141
204
99.77
205
99.3986
206
99.0271
207
98.6557
208
98.2842
209
97.9128
210
97.5414
211
97.1699
212
96.7985
213
96.427
214
96.0556
215
95.6841
216
95.3127
217
94.9412
218
94.5698
219
94.1983
220
93.8269
221
93.4554
222
93.084
223
92.7125
224
92.3411
225
91.9696
226
91.5982
227
91.2268
228
90.8553
229
90.4839
230
90.1124
231
89.741
232
89.3695
233
88.9981
234
88.6266
235
88.2552
236
87.8837
237
87.5123
238
87.1408
239
86.7694
240
86.3979
241
86.0265
242
85.6551
243
85.2836
244
84.9122
245
84.5407
246
84.1693
247
83.7978
248
83.4264
249
83.0549
250
82.6835
251
82.312
252
81.9406
253
81.5691
254
81.1977
255
80.8262
256
80.4548
252.148
98
248.01
99
243.872
100
239.733
101
235.595
102
231.457
103
227.319
104
223.18
105
219.042
106
214.904
107
210.765
108
206.627
109
202.489
110
198.351
111
194.212
112
190.074
113
185.936
114
181.798
115
177.659
116
173.521
117
169.383
118
165.244
119
161.106
120
156.968
121
152.83
122
148.691
123
144.553
124
140.415
125
136.277
126
132.138
127
128
128
123.862
129
119.723
130
115.585
131
111.447
132
107.309
133
103.17
134
99.0321
135
94.8938
136
90.7555
137
86.6173
138
82.479
139
78.3407
140
74.2024
141
70.0642
142
65.9259
143
61.7876
144
57.6493
145
53.5111
146
49.3728
147
45.2345
148
41.0962
149
36.958
150
32.8197
151
28.6814
152
24.5431
153
20.4049
154
16.2666
155
12.1283
156
7.99004
157
3.85177
158
0
158.931
1
158.689
2
158.447
3
158.206
4
157.964
5
157.723
6
157.481
7
157.239
8
156.998
9
156.756
10
156.514
11
156.273
12
156.031
13
155.789
14
155.548
15
155.306
16
155.064
17
154.823
18
154.581
19
154.339
20
154.098
21
153.856
22
153.615
23
153.373
24
153.131
25
152.89
26
152.648
27
152.406
28
152.165
29
151.923
30
151.681
31
151.44
32
151.198
33
150.956
34
150.715
35
150.473
36
150.231
37
149.99
38
149.748
39
149.507
40
149.265
41
149.023
42
148.782
43
148.54
44
148.298
45
148.057
46
147.815
47
147.573
48
147.332
49
147.09
50
146.848
51
146.607
52
146.365
53
146.123
54
145.882
55
145.64
56
145.399
57
145.157
58
144.915
59
144.674
60
144.432
61
144.19
62
143.949
63
143.707
64
143.465
65
143.224
66
142.982
67
142.74
68
142.499
69
142.257
70
142.016
71
141.774
72
141.532
73
141.291
74
141.049
75
140.807
76
140.566
77
140.324
78
140.082
79
139.841
80
139.599
81
139.357
82
139.116
83
138.874
84
138.632
85
138.391
86
138.149
87
137.908
88
137.666
89
137.424
90
137.183
91
136.941
92
136.699
93
136.458
94
136.216
95
135.974
96
135.733
97
135.491
98
135.249
99
135.008
100
134.766
101
134.524
102
134.283
103
134.041
104
133.8
105
133.558
106
133.316
107
133.075
108
132.833
109
132.591
110
132.35
111
132.108
112
131.866
113
131.625
114
131.383
115
131.141
116
130.9
117
130.658
118
130.416
119
130.175
120
129.933
121
129.692
122
129.45
123
129.208
124
128.967
125
128.725
126
128.483
127
128.242
128
128
129
127.758
130
127.517
131
127.275
132
127.033
133
126.792
134
126.55
135
126.308
136
126.067
137
125.825
138
125.584
139
125.342
140
125.1
141
124.859
142
124.617
143
124.375
144
124.134
145
123.892
146
123.65
147
123.409
148
123.167
149
122.925
150
122.684
151
122.442
152
122.2
153
121.959
154
121.717
155
121.476
156
121.234
157
120.992
158
120.751
159
120.509
160
120.267
161
120.026
162
119.784
163
119.542
164
119.301
165
119.059
166
118.817
167
118.576
168
118.334
169
118.092
170
117.851
171
117.609
172
117.368
173
117.126
174
116.884
175
116.643
176
116.401
177
116.159
178
115.918
179
115.676
180
115.434
181
115.193
182
114.951
183
114.709
184
114.468
185
114.226
186
113.984
187
113.743
188
113.501
189
113.26
190
113.018
191
112.776
192
112.535
193
112.293
194
112.051
195
111.81
196
111.568
197
111.326
198
111.085
199
110.843
200
110.601
201
110.36
202
110.118
203
109.877
204
109.635
205
109.393
206
109.152
207
108.91
208
108.668
209
108.427
210
108.185
211
107.943
212
107.702
213
107.46
214
107.218
215
106.977
216
106.735
217
106.493
218
106.252
219
106.01
220
105.769
221
105.527
222
105.285
223
105.044
224
104.802
225
104.56
226
104.319
227
104.077
228
103.835
229
103.594
230
103.352
231
103.11
232
102.869
233
102.627
234
102.385
235
102.144
236
101.902
237
101.661
238
101.419
239
101.177
240
100.936
241
100.694
242
100.452
243
100.211
244
99.969
245
99.7273
246
99.4857
247
99.2441
248
99.0024
249
98.7608
250
98.5191
251
98.2775
252
98.0358
253
97.7942
254
97.5525
255
97.3109
256
97.0692
253.935
113
245.539
114
237.144
115
228.748
116
220.352
117
211.957
118
203.561
119
195.165
120
186.77
121
178.374
122
169.978
123
161.583
124
153.187
125
144.791
126
136.396
127
128
128
119.604
129
111.209
130
102.813
131
94.4174
132
86.0217
133
77.6261
134
69.2304
135
60.8347
136
52.4391
137
44.0434
138
35.6478
139
27.2521
140
18.8564
141
10.4608
142
2.06513
143
0
143.246
1
143.127
2
143.008
3
142.889
4
142.77
5
142.65
6
142.531
7
142.412
8
142.293
9
142.174
10
142.055
11
141.936
12
141.817
13
141.698
14
141.578
15
141.459
16
141.34
17
141.221
18
141.102
19
140.983
20
140.864
21
140.745
22
140.626
23
140.506
24
140.387
25
140.268
26
140.149
27
140.03
28
139.911
29
139.792
30
139.673
31
139.554
32
139.434
33
139.315
34
139.196
35
139.077
36
138.958
37
138.839
38
138.72
39
138.601
40
138.482
41
138.362
42
138.243
43
138.124
44
138.005
45
137.886
46
137.767
47
137.648
48
137.529
49
137.41
50
137.291
51
137.171
52
137.052
53
136.933
54
136.814
55
136.695
56
136.576
57
136.457
58
136.338
59
136.219
60
136.099
61
135.98
62
135.861
63
135.742
64
135.623
65
135.504
66
135.385
67
135.266
68
135.147
69
135.027
70
134.908
71
134.789
72
134.67
73
134.551
74
134.432
75
134.313
76
134.194
77
134.075
78
133.955
79
133.836
80
133.717
81
133.598
82
133.479
83
133.36
84
133.241
85
133.122
86
133.003
87
132.883
88
132.764
89
132.645
90
132.526
91
132.407
92
132.288
93
132.169
94
132.05
95
131.931
96
131.811
97
131.692
98
131.573
99
131.454
100
131.335
101
131.216
102
131.097
103
130.978
104
130.859
105
130.74
106
130.62
107
130.501
108
130.382
109
130.263
110
130.144
111
130.025
112
129.906
113
129.787
114
129.668
115
129.548
116
129.429
117
129.31
118
129.191
119
129.072
120
128.953
121
128.834
122
128.715
123
128.596
124
128.476
125
128.357
126
128.238
127
128.119
128
128
129
127.881
130
127.762
131
127.643
132
127.524
133
127.404
134
127.285
135
127.166
136
127.047
137
126.928
138
126.809
139
126.69
140
126.571
141
126.452
142
126.332
143
126.213
144
126.094
145
125.975
146
125.856
147
125.737
148
125.618
149
125.499
150
125.38
151
125.26
152
125.141
153
125.022
154
124.903
155
124.784
156
124.665
157
124.546
158
124.427
159
124.308
160
124.189
161
124.069
162
123.95
163
123.831
164
123.712
165
123.593
166
123.474
167
123.355
168
123.236
169
123.117
170
122.997
171
122.878
172
122.759
173
122.64
174
122.521
175
122.402
176
122.283
177
122.164
178
122.045
179
121.925
180
121.806
181
121.687
182
121.568
183
121.449
184
121.33
185
121.211
186
121.092
187
120.973
188
120.853
189
120.734
190
120.615
191
120.496
192
120.377
193
120.258
194
120.139
195
120.02
196
119.901
197
119.781
198
119.662
199
119.543
200
119.424
201
119.305
202
119.186
203
119.067
204
118.948
205
118.829
206
118.709
207
118.59
208
118.471
209
118.352
210
118.233
211
118.114
212
117.995
213
117.876
214
117.757
215
117.638
216
117.518
217
117.399
218
117.28
219
117.161
220
117.042
221
116.923
222
116.804
223
116.685
224
116.566
225
116.446
226
116.327
227
116.208
228
116.089
229
115.97
230
115.851
231
115.732
232
115.613
233
115.494
234
115.374
235
115.255
236
115.136
237
115.017
238
114.898
239
114.779
240
114.66
241
114.541
242
114.422
243
114.302
244
114.183
245
114.064
246
113.945
247
113.826
248
113.707
249
113.588
250
113.469
251
113.35
252
113.23
253
113.111
254
112.992
255
112.873
256
112.754
