65536
1
0.999995
0.999982
0.999959
0.999927
0.999886
0.999836
0.999777
0.999708
0.999631
0.999544
0.999448
0.999344
0.99923
0.999107
0.998974
0.998833
0.998683
0.998523
0.998355
0.998177
0.99799
0.997794
0.997589
0.997375
0.997152
0.99692
0.996678
0.996428
0.996168
0.9959
0.995622
0.995335
0.995039
0.994734
0.99442
0.994097
0.993765
0.993424
0.993074
0.992714
0.992346
0.991968
0.991582
0.991186
0.990782
0.990368
0.989946
0.989514
0.989073
0.988624
0.988165
0.987697
0.987221
0.986735
0.98624
0.985737
0.985224
0.984702
0.984172
0.983632
0.983083
0.982526
0.981959
0.981384
0.980799
0.980206
0.979604
0.978992
0.978372
0.977743
0.977105
0.976458
0.975803
0.975138
0.974464
0.973782
0.97309
0.97239
0.971681
0.970963
0.970236
0.969501
0.968756
0.968003
0.967241
0.96647
0.96569
0.964901
0.964104
0.963298
0.962483
0.961659
0.960826
0.959985
0.959135
0.958276
0.957409
0.956532
0.955647
0.954754
0.953851
0.95294
0.95202
0.951092
0.950155
0.949209
0.948255
0.947292
0.94632
0.945339
0.94435
0.943353
0.942347
0.941332
0.940308
0.939276
0.938236
0.937187
0.936129
0.935063
0.933988
0.932905
0.931813
0.930713
0.929605
0.928487
0.927362
0.926228
0.925085
0.923934
0.922775
0.921607
0.920431
0.919246
0.918053
0.916852
0.915642
0.914424
0.913197
0.911963
0.91072
0.909468
0.908209
0.906941
0.905665
0.90438
0.903087
0.901786
0.900477
0.89916
0.897834
0.8965
0.895158
0.893808
0.89245
0.891084
0.889709
0.888326
0.886936
0.885537
0.88413
0.882715
0.881292
0.879861
0.878422
0.876975
0.87552
0.874057
0.872586
0.871107
0.86962
0.868125
0.866622
0.865111
0.863593
0.862066
0.860532
0.85899
0.85744
0.855882
0.854316
0.852743
0.851162
0.849573
0.847976
0.846371
0.844759
0.843139
0.841512
0.839877
0.838234
0.836583
0.834925
0.833259
0.831586
0.829905
0.828216
0.82652
0.824817
0.823105
0.821387
0.819661
0.817927
0.816186
0.814437
0.812681
0.810918
0.809147
0.807369
0.805584
0.803791
0.801991
0.800183
0.798368
0.796546
0.794717
0.79288
0.791037
0.789186
0.787327
0.785462
0.783589
0.78171
0.779823
0.777929
0.776028
0.77412
0.772204
0.770282
0.768353
0.766417
0.764473
0.762523
0.760566
0.758602
0.756631
0.754653
0.752668
0.750676
0.748678
0.746672
0.74466
0.742641
0.740615
0.738583
0.736544
0.734498
0.732445
0.730386
0.72832
0.726247
0.724168
0.722082
0.719989
0.71789
0.715785
0.713673
0.711554
0.709429
0.707297
0.705159
0.703015
0.700864
0.698707
0.696543
0.694373
0.692197
0.690014
0.687825
0.68563
0.683428
0.681221
0.679007
0.676787
0.67456
0.672328
0.670089
0.667845
0.665594
0.663337
0.661074
0.658805
0.65653
0.654249
0.651962
0.649669
0.647371
0.645066
0.642755
0.640439
0.638117
0.635789
0.633455
0.631115
0.62877
0.626418
0.624062
0.621699
0.619331
0.616957
0.614577
0.612192
0.609801
0.607405
0.605003
0.602596
0.600183
0.597765
0.595341
0.592912
0.590477
0.588037
0.585592
0.583141
0.580685
0.578224
0.575757
0.573285
0.570808
0.568326
0.565838
0.563346
0.560848
0.558345
0.555837
0.553324
0.550806
0.548283
0.545754
0.543221
0.540683
0.53814
0.535592
0.533039
0.530482
0.527919
0.525352
0.52278
0.520203
0.517621
0.515035
0.512444
0.509848
0.507247
0.504642
0.502033
0.499419
0.4968
0.494176
0.491549
0.488916
0.48628
0.483638
0.480993
0.478343
0.475688
0.473029
0.470366
0.467699
0.465027
0.462352
0.459672
0.456987
0.454299
0.451606
0.44891
0.446209
0.443504
0.440795
0.438082
0.435365
0.432644
0.429919
0.42719
0.424458
0.421721
0.418981
0.416236
0.413488
0.410736
0.407981
0.405222
0.402459
0.399692
0.396922
0.394148
0.39137
0.388589
0.385804
0.383016
0.380224
0.377429
0.374631
0.371829
0.369023
0.366214
0.363402
0.360587
0.357768
0.354946
0.352121
0.349292
0.346461
0.343626
0.340788
0.337947
0.335102
0.332255
0.329405
0.326552
0.323695
0.320836
0.317974
0.315109
0.312241
0.30937
0.306497
0.30362
0.300741
0.297859
0.294974
0.292087
0.289197
0.286304
0.283409
0.280511
0.277611
0.274708
0.271802
0.268894
0.265984
0.263071
0.260156
0.257238
0.254318
0.251396
0.248471
0.245545
0.242615
0.239684
0.23675
0.233815
0.230877
0.227937
0.224995
0.222051
0.219105
0.216157
0.213207
0.210254
0.207301
0.204345
0.201387
0.198427
0.195466
0.192503
0.189538
0.186571
0.183603
0.180633
0.177661
0.174688
0.171713
0.168736
0.165758
0.162778
0.159797
0.156815
0.153831
0.150845
0.147859
0.144871
0.141881
0.13889
0.135898
0.132905
0.129911
0.126915
0.123918
0.12092
0.117921
0.114921
0.11192
0.108917
0.105914
0.10291
0.0999047
0.0968986
0.0938917
0.0908838
0.0878752
0.0848657
0.0818554
0.0788444
0.0758327
0.0728202
0.0698071
0.0667933
0.063779
0.060764
0.0577485
0.0547324
0.0517159
0.0486988
0.0456814
0.0426634
0.0396451
0.0366265
0.0336074
0.0305881
0.0275685
0.0245486
0.0215285
0.0185082
0.0154877
0.0124671
0.00944633
0.00642548
0.00340457
0.000383614
0.00263735
0.0056583
0.0086792
0.0117
0.0147208
0.0177414
0.0207618
0.0237821
0.0268021
0.029822
0.0328415
0.0358608
0.0388797
0.0418983
0.0449165
0.0479344
0.0509518
0.0539687
0.0569851
0.0600011
0.0630165
0.0660313
0.0690455
0.0720592
0.0750721
0.0780844
0.081096
0.0841068
0.0871169
0.0901262
0.0931347
0.0961424
0.0991492
0.102155
0.10516
0.108164
0.111167
0.114169
0.11717
0.12017
0.123169
0.126167
0.129163
0.132159
0.135153
0.138146
0.141137
0.144128
0.147117
0.150105
0.153091
0.156076
0.15906
0.162042
0.165023
0.168002
0.17098
0.173956
0.176931
0.179904
0.182875
0.185845
0.188813
0.191779
0.194744
0.197707
0.200668
0.203627
0.206584
0.209539
0.212493
0.215445
0.218394
0.221342
0.224288
0.227231
0.230173
0.233112
0.23605
0.238985
0.241918
0.244849
0.247777
0.250704
0.253628
0.25655
0.259469
0.262386
0.265301
0.268213
0.271123
0.27403
0.276935
0.279838
0.282738
0.285635
0.28853
0.291422
0.294311
0.297198
0.300082
0.302963
0.305842
0.308717
0.31159
0.31446
0.317328
0.320192
0.323054
0.325912
0.328768
0.33162
0.33447
0.337316
0.34016
0.343
0.345837
0.348672
0.351503
0.35433
0.357155
0.359976
0.362794
0.365609
0.36842
0.371228
0.374033
0.376834
0.379632
0.382426
0.385217
0.388004
0.390788
0.393569
0.396345
0.399118
0.401888
0.404654
0.407416
0.410174
0.412929
0.41568
0.418427
0.42117
0.42391
0.426645
0.429377
0.432105
0.434829
0.437549
0.440265
0.442977
0.445685
0.448389
0.451089
0.453784
0.456476
0.459164
0.461847
0.464526
0.467201
0.469871
0.472538
0.4752
0.477857
0.480511
0.48316
0.485804
0.488444
0.49108
0.493711
0.496338
0.49896
0.501578
0.504191
0.506799
0.509403
0.512003
0.514597
0.517187
0.519772
0.522353
0.524929
0.527499
0.530066
0.532627
0.535183
0.537735
0.540282
0.542824
0.54536
0.547892
0.550419
0.552941
0.555458
0.55797
0.560476
0.562978
0.565475
0.567966
0.570452
0.572933
0.575409
0.577879
0.580345
0.582805
0.585259
0.587709
0.590153
0.592591
0.595025
0.597452
0.599875
0.602292
0.604703
0.607109
0.609509
0.611904
0.614293
0.616677
0.619055
0.621428
0.623794
0.626155
0.628511
0.630861
0.633204
0.635543
0.637875
0.640202
0.642522
0.644837
0.647146
0.649449
0.651746
0.654038
0.656323
0.658602
0.660876
0.663143
0.665404
0.66766
0.669909
0.672152
0.674389
0.676619
0.678844
0.681062
0.683275
0.685481
0.687681
0.689874
0.692061
0.694242
0.696417
0.698585
0.700747
0.702902
0.705052
0.707194
0.70933
0.71146
0.713584
0.7157
0.717811
0.719914
0.722012
0.724102
0.726186
0.728264
0.730334
0.732399
0.734456
0.736507
0.738551
0.740588
0.742619
0.744643
0.74666
0.74867
0.750673
0.75267
0.75466
0.756642
0.758618
0.760587
0.76255
0.764505
0.766453
0.768394
0.770328
0.772256
0.774176
0.776089
0.777995
0.779894
0.781786
0.783671
0.785548
0.787419
0.789282
0.791138
0.792987
0.794829
0.796663
0.79849
0.80031
0.802123
0.803928
0.805726
0.807516
0.8093
0.811076
0.812844
0.814605
0.816359
0.818105
0.819844
0.821575
0.823299
0.825016
0.826724
0.828426
0.830119
0.831806
0.833484
0.835155
0.836819
0.838474
0.840122
0.841763
0.843396
0.845021
0.846638
0.848248
0.84985
0.851444
0.853031
0.85461
0.85618
0.857744
0.859299
0.860846
0.862386
0.863918
0.865442
0.866958
0.868466
0.869966
0.871458
0.872943
0.874419
0.875888
0.877348
0.8788
0.880245
0.881681
0.88311
0.88453
0.885942
0.887347
0.888743
0.890131
0.891511
0.892883
0.894246
0.895602
0.896949
0.898288
0.899619
0.900942
0.902257
0.903563
0.904861
0.906151
0.907433
0.908706
0.909971
0.911228
0.912476
0.913716
0.914948
0.916172
0.917387
0.918594
0.919792
0.920982
0.922164
0.923337
0.924502
0.925658
0.926806
0.927946
0.929077
0.9302
0.931314
0.932419
0.933516
0.934605
0.935685
0.936757
0.93782
0.938874
0.93992
0.940958
0.941987
0.943007
0.944018
0.945021
0.946016
0.947002
0.947979
0.948947
0.949907
0.950858
0.951801
0.952735
0.95366
0.954576
0.955484
0.956383
0.957274
0.958155
0.959028
0.959892
0.960748
0.961595
0.962432
0.963262
0.964082
0.964894
0.965696
0.96649
0.967275
0.968052
0.968819
0.969578
0.970328
0.971069
0.971801
0.972524
0.973239
0.973944
0.974641
0.975329
0.976008
0.976678
0.977339
0.977991
0.978634
0.979269
0.979894
0.980511
0.981118
0.981717
0.982307
0.982887
0.983459
0.984022
0.984576
0.98512
0.985656
0.986183
0.986701
0.98721
0.98771
0.988201
0.988683
0.989156
0.98962
0.990074
0.99052
0.990957
0.991385
0.991803
0.992213
0.992614
0.993005
0.993388
0.993761
0.994126
0.994481
0.994827
0.995165
0.995493
0.995812
0.996122
0.996423
0.996714
0.996997
0.997271
0.997535
0.997791
0.998037
0.998274
0.998503
0.998722
0.998932
0.999132
0.999324
0.999507
0.99968
0.999845
1
1.00015
1.00028
1.00041
1.00053
1.00064
1.00074
1.00083
1.00091
1.00099
1.00105
1.00111
1.00115
1.00119
1.00122
1.00123
1.00124
1.00124
1.00123
1.00122
1.00119
1.00115
1.00111
1.00105
1.00099
1.00092
1.00083
1.00074
1.00064
1.00053
1.00042
1.00029
1.00015
1
0.99985
0.999686
0.999513
0.99933
0.999139
0.998938
0.998728
0.99851
0.998282
0.998045
0.997799
0.997544
0.997279
0.997006
0.996723
0.996432
0.996131
0.995821
0.995503
0.995175
0.994838
0.994492
0.994137
0.993772
0.993399
0.993017
0.992625
0.992225
0.991816
0.991397
0.99097
0.990533
0.990087
0.989633
0.989169
0.988696
0.988215
0.987724
0.987224
0.986715
0.986198
0.985671
0.985135
0.98459
0.984037
0.983474
0.982902
0.982322
0.981732
0.981134
0.980526
0.97991
0.979284
0.97865
0.978007
0.977355
0.976694
0.976024
0.975345
0.974657
0.97396
0.973255
0.972541
0.971817
0.971085
0.970344
0.969594
0.968836
0.968068
0.967292
0.966506
0.965712
0.96491
0.964098
0.963277
0.962448
0.96161
0.960764
0.959908
0.959044
0.958171
0.957289
0.956398
0.955499
0.954591
0.953675
0.952749
0.951815
0.950872
0.949921
0.948961
0.947992
0.947015
0.946029
0.945034
0.944031
0.943019
0.941998
0.940969
0.939932
0.938885
0.937831
0.936767
0.935695
0.934615
0.933526
0.932428
0.931322
0.930208
0.929085
0.927953
0.926813
0.925665
0.924508
0.923343
0.922169
0.920987
0.919796
0.918597
0.91739
0.916174
0.91495
0.913718
0.912477
0.911228
0.909971
0.908705
0.907431
0.906149
0.904858
0.90356
0.902253
0.900937
0.899614
0.898282
0.896942
0.895594
0.894238
0.892874
0.891501
0.89012
0.888732
0.887335
0.88593
0.884517
0.883095
0.881666
0.880229
0.878783
0.87733
0.875869
0.874399
0.872922
0.871437
0.869944
0.868442
0.866933
0.865416
0.863891
0.862358
0.860818
0.859269
0.857713
0.856149
0.854577
0.852997
0.851409
0.849814
0.84821
0.8466
0.844981
0.843355
0.841721
0.840079
0.838429
0.836772
0.835108
0.833435
0.831755
0.830068
0.828373
0.82667
0.82496
0.823242
0.821517
0.819784
0.818044
0.816296
0.814541
0.812779
0.811009
0.809231
0.807446
0.805654
0.803855
0.802048
0.800233
0.798412
0.796583
0.794747
0.792904
0.791053
0.789195
0.78733
0.785458
0.783579
0.781692
0.779799
0.777898
0.77599
0.774075
0.772153
0.770224
0.768288
0.766345
0.764394
0.762437
0.760473
0.758502
0.756524
0.754539
0.752547
0.750549
0.748543
0.746531
0.744512
0.742486
0.740453
0.738414
0.736367
0.734314
0.732255
0.730188
0.728115
0.726036
0.723949
0.721856
0.719757
0.717651
0.715538
0.713419
0.711293
0.709161
0.707022
0.704877
0.702726
0.700568
0.698403
0.696232
0.694055
0.691872
0.689682
0.687486
0.685283
0.683075
0.68086
0.678639
0.676411
0.674178
0.671938
0.669692
0.66744
0.665182
0.662918
0.660648
0.658372
0.65609
0.653801
0.651507
0.649207
0.646901
0.644589
0.642271
0.639947
0.637618
0.635282
0.632941
0.630594
0.628241
0.625883
0.623518
0.621148
0.618773
0.616391
0.614004
0.611612
0.609214
0.60681
0.604401
0.601986
0.599566
0.59714
0.594709
0.592272
0.58983
0.587382
0.58493
0.582471
0.580008
0.577539
0.575065
0.572586
0.570101
0.567611
0.565116
0.562616
0.560111
0.5576
0.555085
0.552564
0.550038
0.547508
0.544972
0.542431
0.539886
0.537335
0.53478
0.532219
0.529654
0.527084
0.524509
0.521929
0.519344
0.516755
0.514161
0.511562
0.508959
0.506351
0.503738
0.501121
0.498499
0.495873
0.493242
0.490606
0.487966
0.485322
0.482673
0.48002
0.477362
0.4747
0.472033
0.469363
0.466688
0.464008
0.461325
0.458637
0.455945
0.453249
0.450549
0.447844
0.445136
0.442423
0.439706
0.436986
0.434261
0.431532
0.4288
0.426063
0.423323
0.420578
0.41783
0.415078
0.412322
0.409563
0.4068
0.404032
0.401262
0.398487
0.395709
0.392927
0.390142
0.387353
0.384561
0.381765
0.378965
0.376162
0.373356
0.370546
0.367733
0.364916
0.362096
0.359273
0.356447
0.353617
0.350784
0.347947
0.345108
0.342265
0.33942
0.336571
0.333719
0.330864
0.328006
0.325144
0.32228
0.319413
0.316543
0.313671
0.310795
0.307916
0.305035
0.302151
0.299264
0.296374
0.293481
0.290586
0.287688
0.284788
0.281885
0.278979
0.276071
0.27316
0.270247
0.267331
0.264413
0.261492
0.258569
0.255643
0.252716
0.249786
0.246853
0.243918
0.240982
0.238042
0.235101
0.232158
0.229212
0.226264
0.223314
0.220362
0.217408
0.214453
0.211495
0.208535
0.205573
0.202609
0.199644
0.196676
0.193707
0.190736
0.187764
0.184789
0.181813
0.178835
0.175856
0.172874
0.169892
0.166907
0.163922
0.160934
0.157945
0.154955
0.151963
0.14897
0.145976
0.14298
0.139983
0.136984
0.133984
0.130983
0.127981
0.124978
0.121973
0.118967
0.115961
0.112953
0.109944
0.106934
0.103923
0.100911
0.097898
0.0948842
0.0918695
0.088854
0.0858376
0.0828205
0.0798025
0.0767838
0.0737644
0.0707443
0.0677236
0.0647021
0.0616801
0.0586575
0.0556343
0.0526107
0.0495865
0.0465618
0.0435367
0.0405112
0.0374852
0.0344589
0.0314323
0.0284054
0.0253782
0.0223507
0.019323
0.0162951
0.0132671
0.0102389
0.00721057
0.00418217
0.00115371
0.00187478
0.00490328
0.00793176
0.0109602
0.0139885
0.0170168
0.0200449
0.0230728
0.0261006
0.0291281
0.0321554
0.0351825
0.0382092
0.0412356
0.0442616
0.0472873
0.0503126
0.0533374
0.0563617
0.0593856
0.0624089
0.0654317
0.068454
0.0714756
0.0744966
0.0775169
0.0805366
0.0835555
0.0865737
0.0895911
0.0926078
0.0956236
0.0986385
0.101653
0.104666
0.107678
0.110689
0.1137
0.116709
0.119717
0.122724
0.12573
0.128735
0.131739
0.134742
0.137743
0.140743
0.143742
0.14674
0.149736
0.152731
0.155725
0.158717
0.161708
0.164697
0.167685
0.170671
0.173656
0.176639
0.179621
0.182601
0.18558
0.188556
0.191531
0.194505
0.197476
0.200446
0.203414
0.20638
0.209344
0.212307
0.215267
0.218226
0.221182
0.224137
0.227089
0.23004
0.232988
0.235935
0.238879
0.241821
0.244761
0.247699
0.250634
0.253567
0.256498
0.259427
0.262353
0.265277
0.268198
0.271117
0.274034
0.276948
0.279859
0.282768
0.285675
0.288579
0.29148
0.294379
0.297275
0.300168
0.303059
0.305947
0.308832
0.311714
0.314593
0.31747
0.320344
0.323215
0.326083
0.328948
0.33181
0.334669
0.337525
0.340378
0.343227
0.346074
0.348918
0.351758
0.354595
0.357429
0.36026
0.363088
0.365912
0.368733
0.371551
0.374365
0.377176
0.379983
0.382787
0.385588
0.388385
0.391178
0.393968
0.396754
0.399537
0.402316
0.405092
0.407864
0.410632
0.413396
0.416157
0.418914
0.421667
0.424416
0.427162
0.429903
0.432641
0.435375
0.438105
0.44083
0.443552
0.44627
0.448984
0.451693
0.454399
0.457101
0.459798
0.462491
0.46518
0.467865
0.470545
0.473221
0.475893
0.478561
0.481224
0.483883
0.486538
0.489188
0.491833
0.494474
0.497111
0.499743
0.502371
0.504994
0.507613
0.510226
0.512836
0.51544
0.51804
0.520635
0.523226
0.525812
0.528393
0.530969
0.53354
0.536107
0.538668
0.541225
0.543777
0.546324
0.548866
0.551403
0.553935
0.556462
0.558984
0.5615
0.564012
0.566519
0.56902
0.571516
0.574007
0.576493
0.578974
0.581449
0.583919
0.586384
0.588843
0.591298
0.593746
0.59619
0.598628
0.60106
0.603487
0.605909
0.608325
0.610735
0.61314
0.615539
0.617933
0.620321
0.622704
0.625081
0.627452
0.629817
0.632177
0.634531
0.636879
0.639222
0.641559
0.643889
0.646214
0.648533
0.650847
0.653154
0.655455
0.657751
0.66004
0.662324
0.664601
0.666872
0.669138
0.671397
0.67365
0.675897
0.678138
0.680372
0.682601
0.684823
0.687039
0.689249
0.691453
0.69365
0.695841
0.698026
0.700204
0.702376
0.704541
0.7067
0.708853
0.710999
0.713139
0.715272
0.717399
0.71952
0.721633
0.72374
0.725841
0.727935
0.730022
0.732103
0.734177
0.736245
0.738305
0.740359
0.742407
0.744447
0.746481
0.748508
0.750528
0.752541
0.754548
0.756547
0.75854
0.760526
0.762505
0.764477
0.766442
0.7684
0.770351
0.772295
0.774232
0.776162
0.778085
0.78
0.781909
0.783811
0.785705
0.787593
0.789473
0.791346
0.793212
0.79507
0.796922
0.798766
0.800602
0.802432
0.804254
0.806069
0.807877
0.809677
0.81147
0.813255
0.815033
0.816804
0.818567
0.820323
0.822071
0.823812
0.825546
0.827272
0.82899
0.830701
0.832404
0.834099
0.835787
0.837468
0.839141
0.840806
0.842463
0.844113
0.845755
0.84739
0.849017
0.850636
0.852247
0.853851
0.855446
0.857034
0.858614
0.860187
0.861751
0.863308
0.864857
0.866398
0.867931
0.869456
0.870973
0.872483
0.873984
0.875477
0.876963
0.87844
0.87991
0.881371
0.882825
0.88427
0.885707
0.887137
0.888558
0.889971
0.891376
0.892773
0.894162
0.895542
0.896915
0.898279
0.899635
0.900983
0.902323
0.903655
0.904978
0.906293
0.9076
0.908898
0.910189
0.911471
0.912744
0.91401
0.915267
0.916515
0.917756
0.918988
0.920211
0.921427
0.922634
0.923832
0.925022
0.926204
0.927377
0.928542
0.929698
0.930846
0.931985
0.933116
0.934238
0.935352
0.936458
0.937554
0.938643
0.939722
0.940794
0.941856
0.94291
0.943956
0.944992
0.946021
0.94704
0.948051
0.949054
0.950047
0.951032
0.952009
0.952976
0.953935
0.954886
0.955827
0.95676
0.957685
0.9586
0.959507
0.960405
0.961294
0.962175
0.963046
0.963909
0.964764
0.965609
0.966446
0.967273
0.968092
0.968903
0.969704
0.970496
0.97128
0.972055
0.972821
0.973578
0.974326
0.975066
0.975796
0.976518
0.97723
0.977934
0.978629
0.979315
0.979992
0.98066
0.981319
0.981969
0.982611
0.983243
0.983866
0.984481
0.985086
0.985683
0.98627
0.986849
0.987418
0.987979
0.98853
0.989073
0.989606
0.99013
0.990646
0.991152
0.99165
0.992138
0.992617
0.993087
0.993549
0.994001
0.994444
0.994878
0.995303
0.995719
0.996125
0.996523
0.996912
0.997291
0.997662
0.998023
0.998375
0.998718
0.999052
0.999377
0.999693
1
1.0003
1.00059
1.00087
1.00114
1.0014
1.00165
1.00189
1.00213
1.00235
1.00257
1.00277
1.00297
1.00316
1.00334
1.00351
1.00367
1.00382
1.00396
1.00409
1.00422
1.00433
1.00444
1.00453
1.00462
1.0047
1.00477
1.00483
1.00488
1.00492
1.00495
1.00498
1.00499
1.005
1.00499
1.00498
1.00496
1.00492
1.00488
1.00483
1.00477
1.0047
1.00463
1.00454
1.00444
1.00434
1.00423
1.0041
1.00397
1.00383
1.00368
1.00352
1.00335
1.00317
1.00298
1.00279
1.00258
1.00236
1.00214
1.00191
1.00167
1.00141
1.00115
1.00088
1.0006
1.00032
1.00002
0.999713
0.999398
0.999074
0.99874
0.998397
0.998046
0.997685
0.997315
0.996936
0.996547
0.99615
0.995744
0.995328
0.994904
0.99447
0.994028
0.993576
0.993115
0.992645
0.992166
0.991678
0.991181
0.990675
0.99016
0.989636
0.989103
0.988561
0.98801
0.98745
0.98688
0.986302
0.985715
0.985119
0.984513
0.983899
0.983276
0.982644
0.982003
0.981353
0.980694
0.980026
0.979349
0.978663
0.977968
0.977265
0.976552
0.975831
0.9751
0.974361
0.973613
0.972855
0.97209
0.971315
0.970531
0.969738
0.968937
0.968127
0.967308
0.96648
0.965643
0.964797
0.963943
0.96308
0.962208
0.961327
0.960438
0.959539
0.958632
0.957716
0.956792
0.955859
0.954917
0.953966
0.953006
0.952038
0.951062
0.950076
0.949082
0.948079
0.947068
0.946047
0.945019
0.943981
0.942935
0.941881
0.940817
0.939746
0.938665
0.937576
0.936479
0.935373
0.934258
0.933135
0.932003
0.930863
0.929714
0.928557
0.927392
0.926218
0.925035
0.923844
0.922645
0.921437
0.92022
0.918996
0.917763
0.916521
0.915271
0.914013
0.912747
0.911472
0.910188
0.908897
0.907597
0.906289
0.904973
0.903648
0.902315
0.900974
0.899625
0.898267
0.896901
0.895527
0.894145
0.892755
0.891356
0.88995
0.888535
0.887112
0.885681
0.884242
0.882795
0.88134
0.879876
0.878405
0.876926
0.875439
0.873943
0.87244
0.870929
0.869409
0.867882
0.866347
0.864804
0.863253
0.861694
0.860128
0.858553
0.856971
0.85538
0.853782
0.852176
0.850563
0.848941
0.847312
0.845675
0.844031
0.842378
0.840718
0.839051
0.837375
0.835692
0.834001
0.832303
0.830597
0.828884
0.827163
0.825434
0.823698
0.821954
0.820203
0.818444
0.816678
0.814904
0.813123
0.811335
0.809539
0.807735
0.805924
0.804106
0.802281
0.800448
0.798608
0.79676
0.794906
0.793044
0.791174
0.789298
0.787414
0.785523
0.783625
0.78172
0.779808
0.777888
0.775962
0.774028
0.772087
0.770139
0.768184
0.766222
0.764253
0.762277
0.760295
0.758305
0.756308
0.754304
0.752294
0.750276
0.748252
0.746221
0.744183
0.742138
0.740086
0.738028
0.735963
0.733891
0.731812
0.729727
0.727635
0.725536
0.723431
0.721319
0.719201
0.717076
0.714944
0.712806
0.710661
0.70851
0.706352
0.704188
0.702018
0.699841
0.697657
0.695467
0.693271
0.691069
0.68886
0.686645
0.684423
0.682196
0.679962
0.677722
0.675475
0.673223
0.670964
0.668699
0.666428
0.664151
0.661868
0.659579
0.657283
0.654982
0.652675
0.650362
0.648042
0.645717
0.643386
0.641049
0.638707
0.636358
0.634003
0.631643
0.629277
0.626905
0.624528
0.622144
0.619755
0.617361
0.61496
0.612554
0.610143
0.607726
0.605303
0.602875
0.600441
0.598001
0.595557
0.593106
0.590651
0.58819
0.585723
0.583251
0.580774
0.578291
0.575804
0.573311
0.570812
0.568309
0.5658
0.563286
0.560767
0.558242
0.555713
0.553178
0.550639
0.548094
0.545545
0.54299
0.54043
0.537866
0.535296
0.532722
0.530142
0.527558
0.524969
0.522375
0.519777
0.517173
0.514565
0.511952
0.509335
0.506713
0.504086
0.501454
0.498818
0.496177
0.493532
0.490882
0.488228
0.485569
0.482906
0.480238
0.477566
0.47489
0.472209
0.469524
0.466834
0.464141
0.461443
0.45874
0.456034
0.453323
0.450609
0.44789
0.445167
0.442439
0.439708
0.436973
0.434234
0.43149
0.428743
0.425992
0.423237
0.420478
0.417715
0.414948
0.412178
0.409404
0.406626
0.403844
0.401058
0.398269
0.395476
0.39268
0.38988
0.387076
0.384269
0.381458
0.378644
0.375826
0.373004
0.37018
0.367352
0.36452
0.361685
0.358847
0.356006
0.353161
0.350313
0.347462
0.344607
0.34175
0.338889
0.336025
0.333158
0.330288
0.327415
0.324539
0.32166
0.318778
0.315893
0.313005
0.310114
0.307221
0.304324
0.301425
0.298523
0.295618
0.29271
0.2898
0.286887
0.283971
0.281053
0.278132
0.275209
0.272283
0.269355
0.266424
0.26349
0.260554
0.257616
0.254676
0.251733
0.248787
0.24584
0.24289
0.239938
0.236983
0.234027
0.231068
0.228107
0.225144
0.222179
0.219212
0.216243
0.213272
0.210298
0.207323
0.204346
0.201367
0.198387
0.195404
0.192419
0.189433
0.186445
0.183455
0.180464
0.177471
0.174476
0.17148
0.168482
0.165482
0.162481
0.159478
0.156474
0.153469
0.150462
0.147453
0.144443
0.141432
0.13842
0.135406
0.132391
0.129374
0.126357
0.123338
0.120318
0.117297
0.114275
0.111252
0.108228
0.105203
0.102176
0.0991491
0.0961209
0.0930919
0.0900619
0.0870311
0.0839994
0.080967
0.0779338
0.0748998
0.0718651
0.0688297
0.0657937
0.062757
0.0597197
0.0566818
0.0536434
0.0506045
0.047565
0.0445251
0.0414848
0.038444
0.0354028
0.0323613
0.0293195
0.0262773
0.0232349
0.0201922
0.0171493
0.0141062
0.0110629
0.00801955
0.00497605
0.00193246
0.00111117
0.00415484
0.0071985
0.0102421
0.0132857
0.0163292
0.0193726
0.0224158
0.0254589
0.0285018
0.0315444
0.0345869
0.037629
0.0406708
0.0437123
0.0467534
0.0497941
0.0528345
0.0558743
0.0589137
0.0619526
0.064991
0.0680288
0.071066
0.0741027
0.0771386
0.080174
0.0832086
0.0862425
0.0892756
0.092308
0.0953396
0.0983703
0.1014
0.104429
0.107457
0.110484
0.113511
0.116536
0.11956
0.122583
0.125605
0.128626
0.131646
0.134664
0.137682
0.140698
0.143713
0.146726
0.149739
0.15275
0.155759
0.158768
0.161775
0.16478
0.167784
0.170786
0.173787
0.176787
0.179785
0.182781
0.185776
0.188769
0.19176
0.194749
0.197737
0.200723
0.203707
0.20669
0.209671
0.212649
0.215626
0.218601
0.221574
0.224545
0.227514
0.230481
0.233445
0.236408
0.239369
0.242327
0.245284
0.248238
0.25119
0.254139
0.257087
0.260032
0.262974
0.265915
0.268853
0.271788
0.274721
0.277652
0.28058
0.283506
0.286429
0.289349
0.292267
0.295182
0.298095
0.301005
0.303912
0.306816
0.309718
0.312617
0.315513
0.318406
0.321297
0.324184
0.327069
0.32995
0.332829
0.335705
0.338577
0.341447
0.344314
0.347177
0.350037
0.352894
0.355748
0.358599
0.361447
0.364291
0.367132
0.369969
0.372804
0.375635
0.378462
0.381286
0.384107
0.386924
0.389738
0.392548
0.395355
0.398158
0.400958
0.403753
0.406546
0.409334
0.412119
0.4149
0.417678
0.420451
0.423221
0.425987
0.428749
0.431508
0.434262
0.437012
0.439759
0.442501
0.44524
0.447975
0.450705
0.453431
0.456154
0.458872
0.461586
0.464296
0.467001
0.469703
0.4724
0.475093
0.477781
0.480466
0.483146
0.485821
0.488492
0.491159
0.493821
0.496479
0.499133
0.501781
0.504426
0.507065
0.5097
0.512331
0.514957
0.517578
0.520195
0.522806
0.525413
0.528016
0.530613
0.533206
0.535794
0.538377
0.540955
0.543528
0.546097
0.54866
0.551219
0.553772
0.556321
0.558864
0.561402
0.563935
0.566464
0.568987
0.571504
0.574017
0.576525
0.579027
0.581524
0.584016
0.586502
0.588983
0.591459
0.593929
0.596394
0.598854
0.601308
0.603757
0.6062
0.608638
0.61107
0.613497
0.615918
0.618334
0.620744
0.623148
0.625547
0.62794
0.630327
0.632709
0.635084
0.637454
0.639819
0.642177
0.64453
0.646877
0.649218
0.651553
0.653882
0.656205
0.658523
0.660834
0.663139
0.665439
0.667732
0.670019
0.6723
0.674575
0.676844
0.679107
0.681364
0.683614
0.685858
0.688096
0.690328
0.692553
0.694773
0.696986
0.699192
0.701392
0.703586
0.705774
0.707955
0.710129
0.712298
0.714459
0.716615
0.718763
0.720905
0.723041
0.72517
0.727293
0.729409
0.731518
0.733621
0.735717
0.737806
0.739888
0.741964
0.744033
0.746096
0.748151
0.7502
0.752242
0.754277
0.756306
0.758327
0.760342
0.762349
0.76435
0.766344
0.768331
0.770311
0.772284
0.774249
0.776208
0.77816
0.780105
0.782042
0.783973
0.785896
0.787812
0.789721
0.791623
0.793518
0.795406
0.797286
0.799159
0.801025
0.802883
0.804734
0.806578
0.808415
0.810244
0.812066
0.81388
0.815687
0.817487
0.819279
0.821064
0.822841
0.824611
0.826373
0.828128
0.829875
0.831615
0.833347
0.835072
0.836789
0.838498
0.8402
0.841894
0.843581
0.84526
0.846931
0.848594
0.85025
0.851898
0.853538
0.855171
0.856795
0.858412
0.860021
0.861623
0.863216
0.864802
0.86638
0.867949
0.869511
0.871066
0.872612
0.87415
0.87568
0.877202
0.878717
0.880223
0.881721
0.883212
0.884694
0.886168
0.887634
0.889093
0.890543
0.891984
0.893418
0.894844
0.896261
0.897671
0.899072
0.900465
0.90185
0.903227
0.904595
0.905955
0.907307
0.908651
0.909986
0.911313
0.912632
0.913943
0.915245
0.916539
0.917824
0.919102
0.920371
0.921631
0.922883
0.924127
0.925362
0.926589
0.927807
0.929017
0.930219
0.931412
0.932597
0.933773
0.93494
0.936099
0.93725
0.938392
0.939526
0.940651
0.941767
0.942875
0.943974
0.945065
0.946147
0.94722
0.948285
0.949341
0.950389
0.951428
0.952458
0.953479
0.954492
0.955496
0.956492
0.957479
0.958457
0.959426
0.960387
0.961339
0.962282
0.963216
0.964142
0.965058
0.965966
0.966866
0.967756
0.968638
0.96951
0.970374
0.971229
0.972076
0.972913
0.973742
0.974561
0.975372
0.976174
0.976967
0.977751
0.978527
0.979293
0.98005
0.980799
0.981538
0.982269
0.982991
0.983703
0.984407
0.985102
0.985788
0.986465
0.987133
0.987791
0.988441
0.989082
0.989714
0.990337
0.990951
0.991555
0.992151
0.992738
0.993316
0.993884
0.994444
0.994994
0.995536
0.996068
0.996591
0.997106
0.997611
0.998107
0.998594
0.999072
0.99954
1
1.00045
1.00089
1.00132
1.00175
1.00216
1.00257
1.00296
1.00335
1.00373
1.00409
1.00445
1.0048
1.00514
1.00548
1.0058
1.00611
1.00642
1.00671
1.007
1.00727
1.00754
1.0078
1.00805
1.00829
1.00852
1.00874
1.00895
1.00916
1.00935
1.00954
1.00971
1.00988
1.01004
1.01018
1.01032
1.01045
1.01057
1.01068
1.01078
1.01088
1.01096
1.01104
1.0111
1.01116
1.0112
1.01124
1.01127
1.01129
1.0113
1.0113
1.01129
1.01127
1.01124
1.01121
1.01116
1.01111
1.01104
1.01097
1.01089
1.0108
1.01069
1.01058
1.01046
1.01034
1.0102
1.01005
1.0099
1.00973
1.00956
1.00937
1.00918
1.00898
1.00876
1.00854
1.00831
1.00807
1.00783
1.00757
1.0073
1.00703
1.00674
1.00645
1.00614
1.00583
1.00551
1.00518
1.00484
1.00449
1.00413
1.00376
1.00339
1.003
1.00261
1.0022
1.00179
1.00137
1.00093
1.00049
1.00004
0.999585
0.999117
0.99864
0.998153
0.997658
0.997153
0.99664
0.996117
0.995585
0.995044
0.994494
0.993935
0.993367
0.99279
0.992203
0.991608
0.991004
0.99039
0.989768
0.989136
0.988496
0.987846
0.987188
0.98652
0.985844
0.985158
0.984463
0.98376
0.983047
0.982326
0.981595
0.980856
0.980107
0.97935
0.978584
0.977809
0.977024
0.976231
0.975429
0.974618
0.973799
0.97297
0.972132
0.971286
0.970431
0.969566
0.968693
0.967811
0.966921
0.966021
0.965113
0.964196
0.96327
0.962335
0.961391
0.960439
0.959478
0.958508
0.957529
0.956542
0.955546
0.954541
0.953527
0.952505
0.951474
0.950434
0.949386
0.948329
0.947263
0.946189
0.945106
0.944014
0.942914
0.941805
0.940688
0.939562
0.938427
0.937284
0.936132
0.934972
0.933803
0.932625
0.93144
0.930245
0.929042
0.927831
0.926611
0.925382
0.924146
0.9229
0.921647
0.920384
0.919114
0.917835
0.916548
0.915252
0.913948
0.912635
0.911315
0.909985
0.908648
0.907302
0.905948
0.904586
0.903215
0.901837
0.90045
0.899054
0.897651
0.896239
0.894819
0.893391
0.891955
0.89051
0.889058
0.887597
0.886128
0.884651
0.883166
0.881673
0.880172
0.878663
0.877146
0.87562
0.874087
0.872546
0.870997
0.869439
0.867874
0.866301
0.86472
0.863131
0.861534
0.85993
0.858317
0.856697
0.855069
0.853433
0.851789
0.850137
0.848478
0.84681
0.845135
0.843453
0.841762
0.840064
0.838358
0.836645
0.834924
0.833195
0.831459
0.829715
0.827963
0.826204
0.824437
0.822663
0.820881
0.819092
0.817295
0.815491
0.813679
0.81186
0.810033
0.808199
0.806358
0.804509
0.802653
0.800789
0.798918
0.79704
0.795155
0.793262
0.791362
0.789455
0.78754
0.785619
0.78369
0.781754
0.77981
0.77786
0.775903
0.773938
0.771966
0.769988
0.768002
0.766009
0.764009
0.762002
0.759989
0.757968
0.75594
0.753905
0.751864
0.749815
0.74776
0.745698
0.743629
0.741553
0.73947
0.737381
0.735285
0.733182
0.731072
0.728956
0.726833
0.724704
0.722567
0.720424
0.718275
0.716119
0.713956
0.711787
0.709611
0.707429
0.70524
0.703045
0.700844
0.698636
0.696421
0.6942
0.691973
0.68974
0.6875
0.685254
0.683001
0.680742
0.678477
0.676206
0.673929
0.671645
0.669356
0.66706
0.664758
0.66245
0.660136
0.657815
0.655489
0.653157
0.650819
0.648474
0.646124
0.643768
0.641406
0.639038
0.636664
0.634285
0.631899
0.629508
0.627111
0.624708
0.6223
0.619886
0.617466
0.61504
0.612609
0.610172
0.60773
0.605282
0.602828
0.600369
0.597904
0.595434
0.592959
0.590478
0.587991
0.585499
0.583002
0.5805
0.577992
0.575478
0.57296
0.570436
0.567907
0.565373
0.562833
0.560289
0.557739
0.555184
0.552624
0.550059
0.547489
0.544914
0.542334
0.539748
0.537158
0.534563
0.531963
0.529358
0.526749
0.524134
0.521515
0.518891
0.516262
0.513628
0.510989
0.508346
0.505698
0.503046
0.500389
0.497727
0.495061
0.49239
0.489715
0.487035
0.48435
0.481661
0.478968
0.47627
0.473568
0.470862
0.468151
0.465436
0.462717
0.459993
0.457265
0.454533
0.451797
0.449056
0.446312
0.443563
0.44081
0.438053
0.435293
0.432528
0.429759
0.426986
0.424209
0.421428
0.418644
0.415855
0.413063
0.410267
0.407467
0.404663
0.401856
0.399045
0.39623
0.393412
0.39059
0.387764
0.384935
0.382102
0.379266
0.376426
0.373582
0.370736
0.367885
0.365032
0.362175
0.359314
0.356451
0.353584
0.350714
0.34784
0.344963
0.342084
0.3392
0.336314
0.333425
0.330533
0.327637
0.324739
0.321837
0.318933
0.316025
0.313115
0.310202
0.307285
0.304366
0.301445
0.29852
0.295593
0.292663
0.28973
0.286794
0.283856
0.280915
0.277972
0.275026
0.272077
0.269126
0.266172
0.263216
0.260258
0.257297
0.254333
0.251368
0.2484
0.245429
0.242457
0.239482
0.236504
0.233525
0.230544
0.22756
0.224574
0.221586
0.218596
0.215604
0.21261
0.209614
0.206616
0.203616
0.200614
0.197611
0.194605
0.191598
0.188588
0.185577
0.182565
0.17955
0.176534
0.173516
0.170497
0.167476
0.164453
0.161429
0.158404
0.155377
0.152348
0.149318
0.146286
0.143254
0.140219
0.137184
0.134147
0.131109
0.12807
0.125029
0.121987
0.118944
0.1159
0.112855
0.109809
0.106762
0.103713
0.100664
0.0976136
0.0945624
0.0915102
0.0884572
0.0854033
0.0823486
0.0792931
0.0762368
0.0731797
0.070122
0.0670635
0.0640044
0.0609446
0.0578843
0.0548234
0.0517619
0.0486999
0.0456374
0.0425744
0.039511
0.0364471
0.0333829
0.0303184
0.0272535
0.0241883
0.0211228
0.0180571
0.0149912
0.0119251
0.00885878
0.00579237
0.00272585
0.000340735
0.00340737
0.00647403
0.00954069
0.0126073
0.0156739
0.0187403
0.0218067
0.0248729
0.0279389
0.0310047
0.0340703
0.0371356
0.0402007
0.0432654
0.0463298
0.0493938
0.0524574
0.0555206
0.0585833
0.0616456
0.0647073
0.0677686
0.0708292
0.0738892
0.0769487
0.0800074
0.0830655
0.0861229
0.0891796
0.0922355
0.0952906
0.0983449
0.101398
0.104451
0.107503
0.110553
0.113603
0.116652
0.1197
0.122747
0.125792
0.128837
0.13188
0.134923
0.137964
0.141004
0.144042
0.14708
0.150116
0.153151
0.156184
0.159216
0.162247
0.165276
0.168304
0.171331
0.174355
0.177379
0.180401
0.183421
0.186439
0.189456
0.192471
0.195485
0.198497
0.201507
0.204515
0.207521
0.210526
0.213528
0.216529
0.219528
0.222525
0.22552
0.228513
0.231504
0.234493
0.23748
0.240464
0.243447
0.246427
0.249405
0.252381
0.255355
0.258326
0.261295
0.264262
0.267227
0.270189
0.273148
0.276105
0.27906
0.282012
0.284962
0.287909
0.290854
0.293796
0.296735
0.299672
0.302606
0.305537
0.308466
0.311392
0.314315
0.317235
0.320152
0.323067
0.325978
0.328887
0.331793
0.334695
0.337595
0.340492
0.343386
0.346276
0.349164
0.352048
0.354929
0.357807
0.360682
0.363554
0.366422
0.369287
0.372148
0.375007
0.377862
0.380713
0.383562
0.386406
0.389247
0.392085
0.394919
0.39775
0.400577
0.403401
0.40622
0.409037
0.411849
0.414658
0.417463
0.420264
0.423062
0.425856
0.428645
0.431431
0.434214
0.436992
0.439766
0.442537
0.445303
0.448065
0.450824
0.453578
0.456328
0.459074
0.461816
0.464554
0.467287
0.470016
0.472742
0.475462
0.478179
0.480891
0.483599
0.486303
0.489002
0.491697
0.494387
0.497073
0.499754
0.502431
0.505103
0.507771
0.510434
0.513093
0.515747
0.518396
0.521041
0.523681
0.526316
0.528946
0.531572
0.534193
0.536809
0.53942
0.542026
0.544627
0.547224
0.549816
0.552402
0.554984
0.55756
0.560132
0.562698
0.56526
0.567816
0.570367
0.572913
0.575454
0.577989
0.58052
0.583045
0.585565
0.588079
0.590589
0.593093
0.595591
0.598084
0.600572
0.603054
0.605531
0.608003
0.610468
0.612929
0.615384
0.617833
0.620277
0.622715
0.625147
0.627574
0.629995
0.63241
0.63482
0.637224
0.639622
0.642014
0.644401
0.646782
0.649156
0.651525
0.653889
0.656246
0.658597
0.660942
0.663281
0.665615
0.667942
0.670263
0.672578
0.674887
0.67719
0.679487
0.681778
0.684062
0.68634
0.688612
0.690878
0.693138
0.695391
0.697638
0.699879
0.702113
0.704341
0.706562
0.708778
0.710986
0.713189
0.715384
0.717574
0.719757
0.721933
0.724103
0.726266
0.728423
0.730573
0.732716
0.734853
0.736983
0.739106
0.741223
0.743333
0.745436
0.747533
0.749623
0.751705
0.753782
0.755851
0.757913
0.759969
0.762017
0.764059
0.766094
0.768122
0.770143
0.772157
0.774164
0.776163
0.778156
0.780142
0.782121
0.784092
0.786057
0.788014
0.789965
0.791908
0.793843
0.795772
0.797694
0.799608
0.801515
0.803414
0.805307
0.807192
0.80907
0.81094
0.812803
0.814659
0.816507
0.818348
0.820181
0.822007
0.823826
0.825637
0.82744
0.829236
0.831025
0.832806
0.834579
0.836345
0.838103
0.839854
0.841597
0.843332
0.84506
0.84678
0.848493
0.850197
0.851894
0.853583
0.855265
0.856938
0.858604
0.860262
0.861913
0.863555
0.86519
0.866816
0.868435
0.870046
0.871649
0.873244
0.874832
0.876411
0.877982
0.879545
0.881101
0.882648
0.884187
0.885719
0.887242
0.888757
0.890264
0.891763
0.893254
0.894737
0.896212
0.897678
0.899136
0.900587
0.902029
0.903462
0.904888
0.906305
0.907714
0.909115
0.910508
0.911892
0.913268
0.914636
0.915995
0.917347
0.918689
0.920024
0.92135
0.922667
0.923977
0.925278
0.92657
0.927854
0.92913
0.930397
0.931656
0.932906
0.934148
0.935381
0.936606
0.937822
0.939029
0.940229
0.941419
0.942601
0.943775
0.94494
0.946096
0.947244
0.948383
0.949513
0.950635
0.951748
0.952853
0.953948
0.955036
0.956114
0.957184
0.958245
0.959297
0.960341
0.961376
0.962402
0.963419
0.964428
0.965428
0.966419
0.967401
0.968374
0.969339
0.970295
0.971242
0.97218
0.973109
0.97403
0.974941
0.975844
0.976738
0.977623
0.978499
0.979366
0.980224
0.981074
0.981914
0.982746
0.983568
0.984382
0.985186
0.985982
0.986768
0.987546
0.988315
0.989074
0.989825
0.990567
0.991299
0.992023
0.992738
0.993443
0.99414
0.994827
0.995505
0.996175
0.996835
0.997486
0.998128
0.998761
0.999385
1
1.00061
1.0012
1.00179
1.00237
1.00294
1.0035
1.00405
1.00459
1.00512
1.00565
1.00616
1.00667
1.00716
1.00765
1.00813
1.00859
1.00905
1.0095
1.00995
1.01038
1.0108
1.01121
1.01162
1.01201
1.0124
1.01277
1.01314
1.0135
1.01385
1.01419
1.01452
1.01484
1.01515
1.01545
1.01575
1.01603
1.0163
1.01657
1.01683
1.01707
1.01731
1.01754
1.01776
1.01797
1.01817
1.01836
1.01854
1.01871
1.01888
1.01903
1.01918
1.01931
1.01944
1.01956
1.01966
1.01976
1.01985
1.01993
1.02
1.02006
1.02011
1.02016
1.02019
1.02021
1.02023
1.02023
1.02023
1.02022
1.02019
1.02016
1.02012
1.02007
1.02001
1.01994
1.01986
1.01978
1.01968
1.01957
1.01946
1.01933
1.0192
1.01905
1.0189
1.01874
1.01857
1.01839
1.0182
1.018
1.01779
1.01757
1.01735
1.01711
1.01686
1.01661
1.01634
1.01607
1.01579
1.0155
1.0152
1.01489
1.01457
1.01424
1.0139
1.01355
1.01319
1.01283
1.01245
1.01207
1.01167
1.01127
1.01086
1.01044
1.01001
1.00957
1.00912
1.00866
1.00819
1.00772
1.00723
1.00674
1.00623
1.00572
1.00519
1.00466
1.00412
1.00357
1.00301
1.00244
1.00187
1.00128
1.00068
1.00008
0.999465
0.998841
0.998209
0.997567
0.996917
0.996257
0.995588
0.99491
0.994223
0.993527
0.992822
0.992108
0.991384
0.990652
0.989911
0.98916
0.988401
0.987632
0.986855
0.986068
0.985273
0.984468
0.983655
0.982832
0.982001
0.98116
0.980311
0.979452
0.978585
0.977709
0.976824
0.975929
0.975026
0.974114
0.973194
0.972264
0.971325
0.970378
0.969421
0.968456
0.967482
0.966499
0.965507
0.964507
0.963497
0.962479
0.961452
0.960416
0.959372
0.958318
0.957256
0.956186
0.955106
0.954018
0.952921
0.951815
0.9507
0.949577
0.948446
0.947305
0.946156
0.944998
0.943832
0.942657
0.941473
0.940281
0.93908
0.93787
0.936652
0.935426
0.93419
0.932947
0.931694
0.930434
0.929164
0.927887
0.9266
0.925306
0.924002
0.922691
0.921371
0.920042
0.918705
0.91736
0.916006
0.914644
0.913274
0.911895
0.910508
0.909112
0.907708
0.906296
0.904876
0.903447
0.90201
0.900565
0.899111
0.89765
0.89618
0.894702
0.893215
0.891721
0.890218
0.888707
0.887189
0.885662
0.884126
0.882583
0.881032
0.879472
0.877905
0.87633
0.874746
0.873155
0.871555
0.869948
0.868332
0.866709
0.865078
0.863438
0.861791
0.860136
0.858473
0.856802
0.855124
0.853437
0.851743
0.850041
0.848331
0.846614
0.844888
0.843155
0.841414
0.839666
0.837909
0.836145
0.834374
0.832595
0.830808
0.829013
0.827211
0.825402
0.823584
0.82176
0.819927
0.818088
0.81624
0.814386
0.812523
0.810654
0.808777
0.806892
0.805
0.803101
0.801194
0.79928
0.797359
0.79543
0.793494
0.791551
0.789601
0.787643
0.785678
0.783706
0.781727
0.77974
0.777746
0.775746
0.773738
0.771723
0.769701
0.767672
0.765635
0.763592
0.761542
0.759485
0.757421
0.75535
0.753272
0.751187
0.749095
0.746996
0.744891
0.742778
0.740659
0.738533
0.7364
0.734261
0.732114
0.729961
0.727802
0.725635
0.723462
0.721283
0.719096
0.716903
0.714704
0.712498
0.710285
0.708066
0.705841
0.703608
0.70137
0.699125
0.696873
0.694616
0.692351
0.690081
0.687804
0.685521
0.683231
0.680935
0.678633
0.676325
0.674011
0.67169
0.669363
0.66703
0.664691
0.662346
0.659994
0.657637
0.655273
0.652904
0.650528
0.648147
0.645759
0.643366
0.640967
0.638562
0.63615
0.633734
0.631311
0.628882
0.626448
0.624008
0.621562
0.619111
0.616653
0.61419
0.611722
0.609248
0.606768
0.604282
0.601791
0.599295
0.596793
0.594285
0.591772
0.589254
0.58673
0.584201
0.581666
0.579126
0.576581
0.57403
0.571474
0.568913
0.566347
0.563775
0.561198
0.558616
0.556029
0.553437
0.55084
0.548237
0.54563
0.543017
0.540399
0.537777
0.535149
0.532517
0.52988
0.527237
0.52459
0.521938
0.519282
0.51662
0.513954
0.511283
0.508607
0.505927
0.503241
0.500552
0.497857
0.495158
0.492455
0.489747
0.487034
0.484317
0.481595
0.478869
0.476139
0.473404
0.470665
0.467921
0.465173
0.462421
0.459664
0.456904
0.454139
0.45137
0.448596
0.445819
0.443037
0.440251
0.437462
0.434668
0.43187
0.429068
0.426262
0.423452
0.420639
0.417821
0.415
0.412174
0.409345
0.406512
0.403676
0.400835
0.397991
0.395143
0.392292
0.389437
0.386578
0.383716
0.38085
0.37798
0.375107
0.372231
0.369351
0.366468
0.363581
0.360691
0.357798
0.354901
0.352001
0.349098
0.346191
0.343281
0.340368
0.337452
0.334533
0.33161
0.328685
0.325756
0.322825
0.31989
0.316953
0.314012
0.311069
0.308122
0.305173
0.302221
0.299266
0.296309
0.293348
0.290385
0.287419
0.284451
0.281479
0.278506
0.275529
0.27255
0.269569
0.266584
0.263598
0.260609
0.257617
0.254623
0.251627
0.248628
0.245627
0.242624
0.239619
0.236611
0.233601
0.230588
0.227574
0.224558
0.221539
0.218518
0.215495
0.21247
0.209444
0.206415
0.203384
0.200351
0.197317
0.19428
0.191242
0.188202
0.18516
0.182117
0.179071
0.176024
0.172975
0.169925
0.166873
0.16382
0.160764
0.157708
0.15465
0.15159
0.148529
0.145466
0.142403
0.139337
0.136271
0.133203
0.130134
0.127063
0.123992
0.120919
0.117845
0.114769
0.111693
0.108616
0.105537
0.102458
0.0993775
0.0962961
0.0932137
0.0901304
0.0870462
0.0839612
0.0808753
0.0777886
0.0747012
0.071613
0.068524
0.0654344
0.0623441
0.0592532
0.0561617
0.0530696
0.049977
0.0468838
0.0437901
0.040696
0.0376014
0.0345064
0.031411
0.0283153
0.0252193
0.0221229
0.0190263
0.0159294
0.0128324
0.00973512
0.00663771
0.00354017
0.000442526
0.00265518
0.00575294
0.00885071
0.0119485
0.0150462
0.0181438
0.0212414
0.0243388
0.0274361
0.0305332
0.03363
0.0367267
0.039823
0.0429191
0.0460149
0.0491103
0.0522053
0.0552999
0.0583941
0.0614878
0.064581
0.0676737
0.0707659
0.0738574
0.0769484
0.0800387
0.0831284
0.0862174
0.0893057
0.0923932
0.0954799
0.0985659
0.101651
0.104735
0.107819
0.110901
0.113983
0.117063
0.120143
0.123221
0.126299
0.129375
0.13245
0.135524
0.138597
0.141669
0.14474
0.147809
0.150877
0.153943
0.157009
0.160073
0.163135
0.166197
0.169256
0.172315
0.175371
0.178427
0.18148
0.184532
0.187583
0.190632
0.193679
0.196724
0.199768
0.20281
0.20585
0.208888
0.211925
0.21496
0.217992
0.221023
0.224052
0.227079
0.230104
0.233127
0.236148
0.239167
0.242183
0.245198
0.24821
0.25122
0.254228
0.257234
0.260237
0.263238
0.266237
0.269233
0.272227
0.275219
0.278208
0.281195
0.284179
0.287161
0.29014
0.293116
0.29609
0.299061
0.30203
0.304996
0.307959
0.31092
0.313877
0.316832
0.319784
0.322733
0.32568
0.328623
0.331564
0.334501
0.337436
0.340368
0.343296
0.346222
0.349144
0.352063
0.354979
0.357892
0.360802
0.363708
0.366612
0.369512
0.372408
0.375302
0.378192
0.381078
0.383962
0.386841
0.389718
0.39259
0.39546
0.398326
0.401188
0.404046
0.406901
0.409753
0.4126
0.415444
0.418285
0.421121
0.423954
0.426783
0.429608
0.432429
0.435246
0.43806
0.440869
0.443675
0.446476
0.449274
0.452068
0.454857
0.457642
0.460424
0.463201
0.465974
0.468743
0.471507
0.474268
0.477024
0.479775
0.482523
0.485266
0.488005
0.490739
0.493469
0.496195
0.498916
0.501633
0.504345
0.507052
0.509755
0.512454
0.515147
0.517837
0.520521
0.523201
0.525876
0.528546
0.531212
0.533873
0.536529
0.53918
0.541826
0.544468
0.547104
0.549736
0.552363
0.554984
0.557601
0.560213
0.562819
0.565421
0.568017
0.570608
0.573195
0.575776
0.578351
0.580922
0.583487
0.586048
0.588602
0.591152
0.593696
0.596235
0.598768
0.601296
0.603819
0.606336
0.608848
0.611354
0.613855
0.61635
0.61884
0.621324
0.623802
0.626275
0.628742
0.631203
0.633659
0.636109
0.638553
0.640992
0.643424
0.645851
0.648272
0.650688
0.653097
0.6555
0.657898
0.660289
0.662675
0.665055
0.667428
0.669796
0.672157
0.674513
0.676862
0.679205
0.681542
0.683873
0.686198
0.688517
0.690829
0.693135
0.695435
0.697728
0.700016
0.702296
0.704571
0.706839
0.709101
0.711356
0.713605
0.715848
0.718084
0.720313
0.722536
0.724753
0.726962
0.729166
0.731362
0.733553
0.735736
0.737913
0.740083
0.742246
0.744403
0.746553
0.748696
0.750833
0.752962
0.755085
0.757201
0.75931
0.761412
0.763508
0.765596
0.767678
0.769752
0.77182
0.77388
0.775934
0.777981
0.78002
0.782052
0.784078
0.786096
0.788107
0.790111
0.792108
0.794098
0.79608
0.798055
0.800024
0.801984
0.803938
0.805884
0.807823
0.809755
0.811679
0.813596
0.815505
0.817407
0.819302
0.821189
0.823069
0.824942
0.826807
0.828664
0.830514
0.832356
0.834191
0.836018
0.837838
0.83965
0.841455
0.843252
0.845041
0.846822
0.848596
0.850362
0.852121
0.853872
0.855615
0.85735
0.859077
0.860797
0.862509
0.864213
0.865909
0.867597
0.869278
0.87095
0.872615
0.874272
0.87592
0.877561
0.879194
0.880819
0.882436
0.884045
0.885646
0.887239
0.888824
0.8904
0.891969
0.893529
0.895082
0.896626
0.898162
0.89969
0.90121
0.902722
0.904226
0.905721
0.907208
0.908687
0.910157
0.91162
0.913074
0.914519
0.915957
0.917386
0.918807
0.920219
0.921623
0.923019
0.924406
0.925785
0.927156
0.928518
0.929871
0.931217
0.932553
0.933882
0.935201
0.936513
0.937815
0.93911
0.940395
0.941673
0.942941
0.944201
0.945453
0.946696
0.94793
0.949156
0.950373
0.951581
0.952781
0.953972
0.955155
0.956328
0.957493
0.95865
0.959797
0.960936
0.962067
0.963188
0.964301
0.965405
0.9665
0.967586
0.968664
0.969732
0.970792
0.971844
0.972886
0.973919
0.974944
0.97596
0.976966
0.977964
0.978953
0.979934
0.980905
0.981867
0.982821
0.983765
0.9847
0.985627
0.986545
0.987453
0.988353
0.989244
0.990125
0.990998
0.991861
0.992716
0.993562
0.994398
0.995226
0.996044
0.996853
0.997654
0.998445
0.999227
1
1.00076
1.00152
1.00226
1.003
1.00373
1.00445
1.00516
1.00586
1.00655
1.00723
1.0079
1.00856
1.00922
1.00986
1.0105
1.01113
1.01174
1.01235
1.01295
1.01354
1.01412
1.01469
1.01525
1.01581
1.01635
1.01689
1.01741
1.01793
1.01843
1.01893
1.01942
1.0199
1.02037
1.02083
1.02128
1.02172
1.02215
1.02257
1.02299
1.02339
1.02379
1.02417
1.02455
1.02492
1.02527
1.02562
1.02596
1.02629
1.02661
1.02692
1.02722
1.02751
1.0278
1.02807
1.02833
1.02859
1.02883
1.02907
1.0293
1.02951
1.02972
1.02992
1.03011
1.03029
1.03046
1.03062
1.03077
1.03091
1.03105
1.03117
1.03128
1.03139
1.03148
1.03157
1.03165
1.03171
1.03177
1.03182
1.03186
1.03189
1.03191
1.03192
1.03192
1.03191
1.03189
1.03186
1.03183
1.03178
1.03173
1.03166
1.03159
1.0315
1.03141
1.03131
1.0312
1.03107
1.03094
1.0308
1.03065
1.0305
1.03033
1.03015
1.02996
1.02977
1.02956
1.02934
1.02912
1.02889
1.02864
1.02839
1.02813
1.02786
1.02757
1.02728
1.02698
1.02668
1.02636
1.02603
1.02569
1.02535
1.02499
1.02462
1.02425
1.02387
1.02347
1.02307
1.02266
1.02224
1.02181
1.02137
1.02092
1.02046
1.01999
1.01951
1.01903
1.01853
1.01802
1.01751
1.01699
1.01645
1.01591
1.01536
1.0148
1.01423
1.01365
1.01306
1.01246
1.01186
1.01124
1.01061
1.00998
1.00933
1.00868
1.00802
1.00735
1.00667
1.00598
1.00528
1.00457
1.00385
1.00312
1.00239
1.00164
1.00089
1.00012
0.999351
0.99857
0.997779
0.996979
0.99617
0.995351
0.994524
0.993688
0.992842
0.991988
0.991124
0.990251
0.98937
0.988479
0.987579
0.98667
0.985752
0.984826
0.98389
0.982945
0.981991
0.981028
0.980056
0.979076
0.978086
0.977087
0.97608
0.975063
0.974038
0.973003
0.97196
0.970908
0.969847
0.968777
0.967698
0.966611
0.965514
0.964409
0.963295
0.962172
0.961041
0.9599
0.958751
0.957593
0.956426
0.95525
0.954066
0.952873
0.951671
0.950461
0.949242
0.948014
0.946777
0.945532
0.944279
0.943016
0.941745
0.940465
0.939177
0.93788
0.936575
0.93526
0.933938
0.932607
0.931267
0.929919
0.928562
0.927197
0.925823
0.924441
0.92305
0.921651
0.920243
0.918827
0.917403
0.91597
0.914529
0.913079
0.911621
0.910155
0.90868
0.907198
0.905706
0.904207
0.902699
0.901183
0.899658
0.898126
0.896585
0.895036
0.893479
0.891913
0.89034
0.888758
0.887168
0.88557
0.883964
0.88235
0.880727
0.879097
0.877458
0.875812
0.874157
0.872495
0.870824
0.869146
0.867459
0.865765
0.864062
0.862352
0.860634
0.858908
0.857174
0.855432
0.853682
0.851925
0.850159
0.848386
0.846605
0.844817
0.84302
0.841216
0.839404
0.837584
0.835757
0.833922
0.83208
0.83023
0.828372
0.826506
0.824633
0.822753
0.820865
0.818969
0.817066
0.815155
0.813237
0.811311
0.809378
0.807438
0.80549
0.803534
0.801572
0.799602
0.797624
0.79564
0.793648
0.791648
0.789642
0.787628
0.785607
0.783579
0.781543
0.779501
0.777451
0.775394
0.77333
0.771259
0.76918
0.767095
0.765003
0.762903
0.760797
0.758683
0.756563
0.754436
0.752301
0.75016
0.748012
0.745857
0.743695
0.741527
0.739351
0.737169
0.73498
0.732784
0.730582
0.728372
0.726157
0.723934
0.721705
0.719469
0.717226
0.714977
0.712721
0.710459
0.70819
0.705915
0.703633
0.701345
0.69905
0.696749
0.694441
0.692127
0.689807
0.68748
0.685147
0.682808
0.680462
0.67811
0.675752
0.673388
0.671017
0.668641
0.666258
0.663869
0.661473
0.659072
0.656665
0.654252
0.651832
0.649407
0.646975
0.644538
0.642095
0.639646
0.63719
0.634729
0.632263
0.62979
0.627311
0.624827
0.622337
0.619841
0.61734
0.614833
0.61232
0.609802
0.607277
0.604748
0.602212
0.599672
0.597125
0.594573
0.592016
0.589453
0.586885
0.584311
0.581732
0.579148
0.576558
0.573963
0.571362
0.568756
0.566146
0.563529
0.560908
0.558281
0.55565
0.553013
0.550371
0.547724
0.545071
0.542414
0.539752
0.537085
0.534413
0.531736
0.529054
0.526367
0.523675
0.520978
0.518277
0.515571
0.51286
0.510144
0.507423
0.504698
0.501968
0.499234
0.496495
0.493751
0.491003
0.48825
0.485492
0.48273
0.479964
0.477193
0.474418
0.471638
0.468854
0.466066
0.463273
0.460476
0.457675
0.45487
0.45206
0.449246
0.446428
0.443606
0.44078
0.437949
0.435115
0.432276
0.429434
0.426587
0.423736
0.420882
0.418024
0.415161
0.412295
0.409425
0.406552
0.403674
0.400793
0.397908
0.395019
0.392127
0.389231
0.386331
0.383428
0.380521
0.37761
0.374696
0.371779
0.368858
0.365934
0.363006
0.360075
0.35714
0.354203
0.351262
0.348317
0.345369
0.342419
0.339465
0.336507
0.333547
0.330583
0.327617
0.324647
0.321674
0.318699
0.31572
0.312738
0.309754
0.306766
0.303776
0.300782
0.297786
0.294788
0.291786
0.288782
0.285774
0.282765
0.279752
0.276737
0.27372
0.270699
0.267677
0.264651
0.261624
0.258593
0.255561
0.252525
0.249488
0.246448
0.243406
0.240362
0.237315
0.234266
0.231215
0.228161
0.225106
0.222048
0.218988
0.215926
0.212862
0.209796
0.206728
0.203659
0.200587
0.197513
0.194437
0.19136
0.18828
0.185199
0.182116
0.179032
0.175945
0.172857
0.169768
0.166676
0.163583
0.160489
0.157393
0.154295
0.151196
0.148096
0.144994
0.14189
0.138786
0.13568
0.132572
0.129463
0.126354
0.123242
0.12013
0.117016
0.113902
0.110786
0.107669
0.104551
0.101432
0.0983117
0.0951906
0.0920686
0.0889457
0.0858219
0.0826972
0.0795717
0.0764454
0.0733183
0.0701905
0.0670619
0.0639326
0.0608027
0.0576721
0.0545409
0.0514091
0.0482768
0.0451439
0.0420106
0.0388768
0.0357425
0.0326079
0.0294728
0.0263374
0.0232017
0.0200657
0.0169294
0.0137929
0.0106561
0.00751921
0.00438214
0.00124495
0.00189234
0.0050297
0.0081671
0.0113045
0.0144419
0.0175792
0.0207165
0.0238537
0.0269907
0.0301276
0.0332642
0.0364007
0.0395369
0.0426728
0.0458085
0.0489438
0.0520787
0.0552133
0.0583474
0.0614811
0.0646143
0.067747
0.0708791
0.0740108
0.0771418
0.0802722
0.0834019
0.086531
0.0896594
0.092787
0.0959139
0.09904
0.102165
0.10529
0.108413
0.111536
0.114658
0.117778
0.120898
0.124017
0.127135
0.130251
0.133367
0.136481
0.139594
0.142706
0.145817
0.148927
0.152035
0.155142
0.158248
0.161352
0.164455
0.167556
0.170657
0.173755
0.176852
0.179948
0.183042
0.186134
0.189225
0.192314
0.195402
0.198488
0.201572
0.204654
0.207735
0.210813
0.21389
0.216965
0.220038
0.22311
0.226179
0.229246
0.232311
0.235375
0.238436
0.241495
0.244552
0.247607
0.250659
0.25371
0.256758
0.259804
0.262848
0.265889
0.268928
0.271965
0.274999
0.278031
0.28106
0.284087
0.287112
0.290133
0.293153
0.296169
0.299183
0.302195
0.305204
0.30821
0.311213
0.314214
0.317212
0.320207
0.323199
0.326188
0.329174
0.332158
0.335138
0.338116
0.34109
0.344062
0.347031
0.349996
0.352958
0.355917
0.358873
0.361826
0.364776
0.367722
0.370665
0.373605
0.376541
0.379474
0.382404
0.38533
0.388253
0.391173
0.394089
0.397001
0.39991
0.402815
0.405717
0.408615
0.411509
0.4144
0.417287
0.420171
0.42305
0.425926
0.428798
0.431666
0.43453
0.437391
0.440247
0.4431
0.445949
0.448793
0.451634
0.454471
0.457303
0.460132
0.462956
0.465776
0.468592
0.471404
0.474211
0.477015
0.479814
0.482609
0.485399
0.488185
0.490967
0.493744
0.496517
0.499286
0.50205
0.504809
0.507564
0.510314
0.51306
0.515802
0.518538
0.52127
0.523997
0.52672
0.529438
0.532151
0.534859
0.537563
0.540261
0.542955
0.545644
0.548328
0.551007
0.553681
0.556351
0.559015
0.561674
0.564328
0.566977
0.569621
0.57226
0.574894
0.577522
0.580146
0.582764
0.585377
0.587984
0.590587
0.593184
0.595775
0.598362
0.600943
0.603518
0.606088
0.608653
0.611212
0.613766
0.616314
0.618857
0.621394
0.623925
0.626451
0.628971
0.631485
0.633994
0.636497
0.638995
0.641486
0.643972
0.646452
0.648926
0.651395
0.653857
0.656314
0.658765
0.661209
0.663648
0.666081
0.668508
0.670929
0.673343
0.675752
0.678154
0.680551
0.682941
0.685325
0.687703
0.690075
0.692441
0.6948
0.697153
0.6995
0.70184
0.704174
0.706502
0.708823
0.711138
0.713447
0.715749
0.718044
0.720334
0.722616
0.724892
0.727162
0.729425
0.731681
0.733931
0.736174
0.738411
0.740641
0.742864
0.74508
0.74729
0.749493
0.751689
0.753879
0.756061
0.758237
0.760406
0.762568
0.764723
0.766871
0.769013
0.771147
0.773274
0.775395
0.777508
0.779615
0.781714
0.783806
0.785891
0.787969
0.79004
0.792104
0.794161
0.79621
0.798252
0.800287
0.802315
0.804335
0.806349
0.808355
0.810353
0.812345
0.814328
0.816305
0.818274
0.820236
0.82219
0.824137
0.826077
0.828009
0.829933
0.83185
0.83376
0.835661
0.837556
0.839442
0.841322
0.843193
0.845057
0.846913
0.848762
0.850603
0.852436
0.854261
0.856079
0.857889
0.859691
0.861486
0.863272
0.865051
0.866822
0.868585
0.87034
0.872088
0.873827
0.875558
0.877282
0.878998
0.880705
0.882405
0.884097
0.88578
0.887456
0.889124
0.890783
0.892435
0.894078
0.895713
0.89734
0.898959
0.90057
0.902173
0.903767
0.905354
0.906932
0.908502
0.910063
0.911617
0.913162
0.914699
0.916227
0.917748
0.919259
0.920763
0.922258
0.923745
0.925224
0.926694
0.928155
0.929609
0.931053
0.93249
0.933918
0.935337
0.936748
0.938151
0.939544
0.94093
0.942307
0.943675
0.945035
0.946386
0.947728
0.949062
0.950388
0.951705
0.953013
0.954312
0.955603
0.956885
0.958158
0.959423
0.960679
0.961926
0.963165
0.964395
0.965616
0.966828
0.968031
0.969226
0.970412
0.971589
0.972757
0.973917
0.975067
0.976209
0.977342
0.978466
0.979581
0.980687
0.981784
0.982873
0.983952
0.985022
0.986084
0.987137
0.98818
0.989215
0.99024
0.991257
0.992265
0.993263
0.994253
0.995233
0.996205
0.997167
0.998121
0.999065
1
1.00093
1.00184
1.00275
1.00365
1.00454
1.00542
1.00629
1.00715
1.00801
1.00885
1.00969
1.01051
1.01133
1.01213
1.01293
1.01372
1.0145
1.01527
1.01603
1.01678
1.01753
1.01826
1.01898
1.0197
1.0204
1.0211
1.02179
1.02246
1.02313
1.02379
1.02444
1.02508
1.02571
1.02633
1.02695
1.02755
1.02814
1.02873
1.0293
1.02987
1.03043
1.03097
1.03151
1.03204
1.03256
1.03307
1.03357
1.03406
1.03454
1.03501
1.03547
1.03592
1.03637
1.0368
1.03722
1.03764
1.03805
1.03844
1.03883
1.03921
1.03957
1.03993
1.04028
1.04062
1.04095
1.04127
1.04158
1.04188
1.04217
1.04246
1.04273
1.04299
1.04325
1.04349
1.04373
1.04395
1.04417
1.04437
1.04457
1.04476
1.04494
1.0451
1.04526
1.04541
1.04555
1.04568
1.0458
1.04591
1.04601
1.04611
1.04619
1.04626
1.04633
1.04638
1.04642
1.04646
1.04648
1.0465
1.04651
1.0465
1.04649
1.04647
1.04643
1.04639
1.04634
1.04628
1.04621
1.04613
1.04604
1.04594
1.04583
1.04572
1.04559
1.04545
1.04531
1.04515
1.04498
1.04481
1.04462
1.04443
1.04423
1.04401
1.04379
1.04356
1.04332
1.04307
1.0428
1.04253
1.04225
1.04197
1.04167
1.04136
1.04104
1.04071
1.04038
1.04003
1.03967
1.03931
1.03893
1.03855
1.03815
1.03775
1.03734
1.03692
1.03648
1.03604
1.03559
1.03513
1.03466
1.03418
1.0337
1.0332
1.03269
1.03217
1.03165
1.03111
1.03057
1.03001
1.02945
1.02888
1.02829
1.0277
1.0271
1.02649
1.02587
1.02524
1.0246
1.02395
1.02329
1.02263
1.02195
1.02126
1.02057
1.01987
1.01915
1.01843
1.0177
1.01695
1.0162
1.01544
1.01467
1.0139
1.01311
1.01231
1.0115
1.01069
1.00986
1.00903
1.00819
1.00733
1.00647
1.0056
1.00472
1.00383
1.00293
1.00202
1.00111
1.00018
0.999245
0.998301
0.997347
0.996384
0.995412
0.994432
0.993442
0.992442
0.991434
0.990417
0.989391
0.988355
0.987311
0.986258
0.985195
0.984124
0.983043
0.981954
0.980855
0.979748
0.978631
0.977506
0.976372
0.975228
0.974076
0.972915
0.971745
0.970566
0.969378
0.968182
0.966976
0.965762
0.964539
0.963306
0.962066
0.960816
0.959557
0.95829
0.957014
0.955729
0.954436
0.953133
0.951822
0.950503
0.949174
0.947837
0.946491
0.945137
0.943773
0.942402
0.941021
0.939632
0.938234
0.936828
0.935413
0.93399
0.932558
0.931117
0.929668
0.92821
0.926744
0.92527
0.923787
0.922295
0.920795
0.919287
0.91777
0.916244
0.914711
0.913169
0.911618
0.910059
0.908492
0.906917
0.905333
0.903741
0.90214
0.900532
0.898915
0.897289
0.895656
0.894014
0.892365
0.890707
0.88904
0.887366
0.885683
0.883993
0.882294
0.880587
0.878872
0.877149
0.875418
0.873679
0.871932
0.870177
0.868414
0.866643
0.864864
0.863077
0.861282
0.859479
0.857669
0.85585
0.854024
0.852189
0.850347
0.848497
0.84664
0.844774
0.842901
0.84102
0.839131
0.837235
0.835331
0.833419
0.8315
0.829573
0.827638
0.825696
0.823746
0.821788
0.819823
0.817851
0.815871
0.813883
0.811888
0.809885
0.807876
0.805858
0.803833
0.801801
0.799762
0.797715
0.79566
0.793599
0.79153
0.789454
0.78737
0.78528
0.783182
0.781077
0.778964
0.776845
0.774718
0.772585
0.770444
0.768296
0.766141
0.763979
0.76181
0.759634
0.757451
0.755261
0.753063
0.75086
0.748649
0.746431
0.744206
0.741975
0.739736
0.737491
0.735239
0.732981
0.730715
0.728443
0.726164
0.723878
0.721586
0.719287
0.716982
0.71467
0.712351
0.710025
0.707694
0.705355
0.70301
0.700659
0.698301
0.695937
0.693566
0.691189
0.688806
0.686416
0.68402
0.681617
0.679208
0.676793
0.674372
0.671945
0.669511
0.667071
0.664625
0.662173
0.659714
0.65725
0.65478
0.652303
0.649821
0.647332
0.644838
0.642337
0.639831
0.637318
0.6348
0.632276
0.629746
0.62721
0.624669
0.622122
0.619569
0.61701
0.614445
0.611875
0.609299
0.606718
0.604131
0.601538
0.59894
0.596336
0.593727
0.591112
0.588492
0.585866
0.583235
0.580598
0.577956
0.575309
0.572656
0.569999
0.567335
0.564667
0.561993
0.559314
0.55663
0.553941
0.551247
0.548547
0.545843
0.543133
0.540418
0.537699
0.534974
0.532245
0.52951
0.526771
0.524026
0.521277
0.518523
0.515764
0.513
0.510232
0.507459
0.504681
0.501898
0.499111
0.496319
0.493523
0.490722
0.487916
0.485106
0.482291
0.479472
0.476648
0.47382
0.470988
0.468151
0.46531
0.462464
0.459614
0.45676
0.453902
0.451039
0.448172
0.445301
0.442426
0.439547
0.436663
0.433776
0.430884
0.427989
0.425089
0.422186
0.419279
0.416367
0.413452
0.410533
0.40761
0.404683
0.401753
0.398818
0.39588
0.392939
0.389993
0.387044
0.384092
0.381135
0.378176
0.375212
0.372245
0.369275
0.366301
0.363324
0.360343
0.357359
0.354372
0.351381
0.348387
0.34539
0.342389
0.339386
0.336379
0.333369
0.330355
0.327339
0.32432
0.321297
0.318272
0.315243
0.312212
0.309177
0.30614
0.3031
0.300057
0.297011
0.293962
0.290911
0.287856
0.284799
0.28174
0.278677
0.275612
0.272545
0.269475
0.266402
0.263327
0.260249
0.257169
0.254086
0.251001
0.247914
0.244824
0.241732
0.238637
0.235541
0.232442
0.22934
0.226237
0.223131
0.220024
0.216914
0.213802
0.210688
0.207572
0.204454
0.201335
0.198213
0.195089
0.191963
0.188836
0.185707
0.182576
0.179443
0.176308
0.173172
0.170034
0.166894
0.163753
0.16061
0.157466
0.15432
0.151173
0.148024
0.144874
0.141722
0.138569
0.135414
0.132258
0.129101
0.125943
0.122783
0.119622
0.11646
0.113297
0.110132
0.106967
0.1038
0.100632
0.0974637
0.0942941
0.0911234
0.0879519
0.0847794
0.0816061
0.078432
0.075257
0.0720812
0.0689047
0.0657274
0.0625494
0.0593708
0.0561915
0.0530116
0.0498311
0.0466501
0.0434685
0.0402865
0.0371039
0.033921
0.0307376
0.0275538
0.0243697
0.0211852
0.0180005
0.0148155
0.0116302
0.00844478
0.00525914
0.00207336
0.00111255
0.00429855
0.00748461
0.0106707
0.0138568
0.0170429
0.0202289
0.0234149
0.0266007
0.0297864
0.0329719
0.0361572
0.0393423
0.0425272
0.0457118
0.048896
0.0520799
0.0552634
0.0584466
0.0616293
0.0648115
0.0679933
0.0711745
0.0743552
0.0775353
0.0807148
0.0838937
0.0870719
0.0902494
0.0934262
0.0966023
0.0997775
0.102952
0.106126
0.109298
0.11247
0.115641
0.118811
0.12198
0.125148
0.128315
0.131481
0.134646
0.13781
0.140972
0.144134
0.147294
0.150453
0.15361
0.156766
0.159921
0.163075
0.166227
0.169378
0.172528
0.175676
0.178822
0.181967
0.18511
0.188252
0.191392
0.194531
0.197667
0.200803
0.203936
0.207068
0.210198
0.213326
0.216452
0.219576
0.222699
0.225819
0.228938
0.232054
0.235169
0.238281
0.241392
0.2445
0.247606
0.25071
0.253812
0.256912
0.260009
0.263104
0.266197
0.269288
0.272376
0.275461
0.278545
0.281626
0.284704
0.28778
0.290854
0.293925
0.296993
0.300059
0.303122
0.306182
0.30924
0.312295
0.315347
0.318396
0.321443
0.324487
0.327528
0.330566
0.333601
0.336633
0.339663
0.342689
0.345712
0.348732
0.351749
0.354763
0.357774
0.360782
0.363786
0.366788
0.369786
0.37278
0.375772
0.37876
0.381745
0.384726
0.387704
0.390679
0.39365
0.396617
0.399581
0.402542
0.405499
0.408452
0.411402
0.414348
0.41729
0.420229
0.423164
0.426095
0.429023
0.431946
0.434866
0.437782
0.440694
0.443602
0.446506
0.449406
0.452302
0.455194
0.458082
0.460966
0.463846
0.466722
0.469593
0.472461
0.475324
0.478183
0.481037
0.483888
0.486734
0.489575
0.492413
0.495246
0.498074
0.500898
0.503718
0.506533
0.509343
0.512149
0.514951
0.517748
0.52054
0.523327
0.52611
0.528888
0.531662
0.534431
0.537194
0.539954
0.542708
0.545457
0.548202
0.550941
0.553676
0.556406
0.55913
0.56185
0.564565
0.567274
0.569979
0.572678
0.575373
0.578062
0.580746
0.583425
0.586098
0.588766
0.591429
0.594087
0.596739
0.599386
0.602028
0.604664
0.607295
0.60992
0.61254
0.615155
0.617764
0.620367
0.622965
0.625557
0.628143
0.630724
0.633299
0.635869
0.638433
0.640991
0.643543
0.64609
0.64863
0.651165
0.653694
0.656217
0.658735
0.661246
0.663752
0.666251
0.668744
0.671232
0.673713
0.676189
0.678658
0.681121
0.683578
0.686029
0.688474
0.690912
0.693344
0.69577
0.69819
0.700604
0.703011
0.705412
0.707806
0.710194
0.712576
0.714951
0.71732
0.719683
0.722039
0.724388
0.726731
0.729067
0.731397
0.73372
0.736037
0.738347
0.74065
0.742947
0.745236
0.74752
0.749796
0.752066
0.754329
0.756585
0.758834
0.761077
0.763312
0.765541
0.767763
0.769977
0.772185
0.774386
0.77658
0.778767
0.780947
0.78312
0.785286
0.787445
0.789596
0.791741
0.793878
0.796008
0.798131
0.800247
0.802355
0.804457
0.806551
0.808638
0.810717
0.812789
0.814854
0.816911
0.818961
0.821004
0.823039
0.825067
0.827088
0.8291
0.831106
0.833104
0.835094
0.837077
0.839052
0.84102
0.84298
0.844932
0.846877
0.848814
0.850743
0.852665
0.854579
0.856486
0.858384
0.860275
0.862158
0.864033
0.865901
0.86776
0.869612
0.871456
0.873292
0.87512
0.87694
0.878752
0.880557
0.882353
0.884141
0.885922
0.887694
0.889458
0.891214
0.892963
0.894703
0.896435
0.898158
0.899874
0.901582
0.903281
0.904972
0.906655
0.90833
0.909997
0.911655
0.913305
0.914947
0.916581
0.918206
0.919823
0.921432
0.923032
0.924624
0.926207
0.927782
0.929349
0.930907
0.932457
0.933999
0.935532
0.937056
0.938572
0.940079
0.941578
0.943069
0.944551
0.946024
0.947489
0.948945
0.950392
0.951831
0.953262
0.954683
0.956096
0.957501
0.958896
0.960283
0.961661
0.963031
0.964392
0.965744
0.967087
0.968421
0.969747
0.971064
0.972372
0.973671
0.974962
0.976243
0.977516
0.97878
0.980035
0.981281
0.982518
0.983747
0.984966
0.986176
0.987378
0.98857
0.989754
0.990928
0.992094
0.993251
0.994398
0.995537
0.996666
0.997786
0.998898
1
1.00109
1.00218
1.00325
1.00432
1.00537
1.00642
1.00746
1.00849
1.00951
1.01052
1.01152
1.01252
1.0135
1.01447
1.01544
1.01639
1.01734
1.01828
1.01921
1.02013
1.02103
1.02194
1.02283
1.02371
1.02458
1.02544
1.0263
1.02714
1.02798
1.0288
1.02962
1.03043
1.03122
1.03201
1.03279
1.03356
1.03432
1.03507
1.03581
1.03654
1.03727
1.03798
1.03868
1.03938
1.04006
1.04074
1.0414
1.04206
1.04271
1.04334
1.04397
1.04459
1.0452
1.0458
1.04639
1.04697
1.04754
1.0481
1.04865
1.04919
1.04973
1.05025
1.05076
1.05127
1.05176
1.05224
1.05272
1.05319
1.05364
1.05409
1.05452
1.05495
1.05537
1.05578
1.05618
1.05656
1.05694
1.05731
1.05767
1.05802
1.05836
1.0587
1.05902
1.05933
1.05963
1.05992
1.06021
1.06048
1.06074
1.061
1.06124
1.06147
1.0617
1.06191
1.06212
1.06232
1.0625
1.06268
1.06284
1.063
1.06315
1.06329
1.06341
1.06353
1.06364
1.06374
1.06383
1.06391
1.06398
1.06404
1.06409
1.06413
1.06416
1.06418
1.06419
1.0642
1.06419
1.06417
1.06414
1.06411
1.06406
1.064
1.06394
1.06386
1.06378
1.06368
1.06358
1.06346
1.06334
1.0632
1.06306
1.06291
1.06274
1.06257
1.06239
1.06219
1.06199
1.06178
1.06156
1.06133
1.06109
1.06084
1.06058
1.06031
1.06003
1.05974
1.05944
1.05913
1.05882
1.05849
1.05815
1.0578
1.05745
1.05708
1.0567
1.05632
1.05592
1.05552
1.0551
1.05468
1.05425
1.0538
1.05335
1.05289
1.05241
1.05193
1.05144
1.05094
1.05043
1.04991
1.04938
1.04884
1.04829
1.04773
1.04716
1.04659
1.046
1.0454
1.04479
1.04418
1.04355
1.04292
1.04227
1.04162
1.04096
1.04028
1.0396
1.03891
1.03821
1.03749
1.03677
1.03604
1.0353
1.03455
1.0338
1.03303
1.03225
1.03146
1.03067
1.02986
1.02905
1.02822
1.02739
1.02654
1.02569
1.02483
1.02396
1.02308
1.02219
1.02129
1.02038
1.01946
1.01853
1.01759
1.01665
1.01569
1.01473
1.01375
1.01277
1.01178
1.01078
1.00976
1.00874
1.00771
1.00668
1.00563
1.00457
1.0035
1.00243
1.00134
1.00025
0.999145
0.998033
0.996911
0.99578
0.994641
0.993492
0.992334
0.991167
0.989991
0.988805
0.987611
0.986408
0.985195
0.983974
0.982743
0.981504
0.980256
0.978998
0.977732
0.976456
0.975172
0.973879
0.972577
0.971266
0.969946
0.968617
0.967279
0.965933
0.964577
0.963213
0.96184
0.960458
0.959067
0.957667
0.956259
0.954842
0.953416
0.951981
0.950538
0.949086
0.947625
0.946156
0.944678
0.943191
0.941695
0.940191
0.938679
0.937157
0.935627
0.934089
0.932542
0.930986
0.929422
0.927849
0.926268
0.924678
0.92308
0.921473
0.919858
0.918234
0.916602
0.914962
0.913313
0.911656
0.90999
0.908316
0.906634
0.904943
0.903244
0.901537
0.899821
0.898097
0.896365
0.894625
0.892876
0.89112
0.889355
0.887582
0.8858
0.884011
0.882214
0.880408
0.878594
0.876772
0.874943
0.873105
0.871259
0.869405
0.867543
0.865673
0.863795
0.861909
0.860016
0.858114
0.856204
0.854287
0.852362
0.850429
0.848488
0.846539
0.844582
0.842618
0.840646
0.838666
0.836679
0.834683
0.83268
0.83067
0.828652
0.826626
0.824592
0.822551
0.820503
0.818447
0.816383
0.814312
0.812233
0.810147
0.808053
0.805952
0.803843
0.801727
0.799604
0.797473
0.795335
0.79319
0.791037
0.788877
0.78671
0.784535
0.782354
0.780165
0.777969
0.775765
0.773555
0.771337
0.769112
0.766881
0.764642
0.762396
0.760143
0.757883
0.755616
0.753342
0.751061
0.748773
0.746478
0.744177
0.741868
0.739553
0.737231
0.734902
0.732566
0.730223
0.727874
0.725518
0.723155
0.720786
0.71841
0.716027
0.713638
0.711242
0.70884
0.706431
0.704015
0.701593
0.699165
0.69673
0.694288
0.69184
0.689386
0.686925
0.684458
0.681985
0.679505
0.67702
0.674527
0.672029
0.669524
0.667013
0.664496
0.661973
0.659444
0.656909
0.654367
0.65182
0.649266
0.646706
0.644141
0.641569
0.638992
0.636408
0.633819
0.631224
0.628623
0.626016
0.623403
0.620785
0.618161
0.615531
0.612895
0.610254
0.607607
0.604954
0.602296
0.599632
0.596963
0.594288
0.591608
0.588922
0.58623
0.583533
0.580831
0.578123
0.57541
0.572692
0.569968
0.567239
0.564505
0.561765
0.559021
0.556271
0.553516
0.550755
0.54799
0.54522
0.542444
0.539663
0.536878
0.534087
0.531292
0.528491
0.525686
0.522875
0.52006
0.51724
0.514415
0.511585
0.508751
0.505912
0.503068
0.500219
0.497366
0.494508
0.491645
0.488778
0.485906
0.48303
0.48015
0.477264
0.474375
0.471481
0.468582
0.465679
0.462772
0.45986
0.456944
0.454024
0.4511
0.448171
0.445238
0.442301
0.43936
0.436415
0.433466
0.430512
0.427555
0.424594
0.421628
0.418659
0.415686
0.412708
0.409727
0.406742
0.403754
0.400761
0.397765
0.394765
0.391761
0.388754
0.385743
0.382728
0.37971
0.376688
0.373662
0.370633
0.367601
0.364565
0.361526
0.358483
0.355437
0.352387
0.349334
0.346278
0.343219
0.340156
0.337091
0.334022
0.330949
0.327874
0.324796
0.321714
0.31863
0.315542
0.312451
0.309358
0.306262
0.303162
0.30006
0.296955
0.293847
0.290736
0.287623
0.284507
0.281388
0.278266
0.275142
0.272015
0.268885
0.265753
0.262619
0.259482
0.256342
0.2532
0.250056
0.246909
0.24376
0.240608
0.237454
0.234298
0.23114
0.227979
0.224816
0.221651
0.218484
0.215315
0.212143
0.20897
0.205795
0.202617
0.199438
0.196256
0.193073
0.189888
0.186701
0.183512
0.180322
0.17713
0.173935
0.17074
0.167542
0.164343
0.161142
0.15794
0.154736
0.151531
0.148324
0.145116
0.141906
0.138695
0.135482
0.132268
0.129053
0.125836
0.122618
0.119399
0.116179
0.112958
0.109735
0.106511
0.103286
0.10006
0.0968335
0.0936056
0.0903767
0.0871468
0.083916
0.0806844
0.0774519
0.0742185
0.0709844
0.0677495
0.0645138
0.0612775
0.0580404
0.0548027
0.0515644
0.0483255
0.045086
0.041846
0.0386055
0.0353646
0.0321231
0.0288813
0.0256391
0.0223965
0.0191536
0.0159104
0.012667
0.00942326
0.00617935
0.00293526
0.000308981
0.00355334
0.00679778
0.0100423
0.0132868
0.0165314
0.0197759
0.0230203
0.0262647
0.0295089
0.032753
0.035997
0.0392407
0.0424842
0.0457274
0.0489703
0.0522129
0.0554551
0.058697
0.0619384
0.0651794
0.06842
0.07166
0.0748995
0.0781385
0.0813768
0.0846145
0.0878516
0.091088
0.0943237
0.0975587
0.100793
0.104026
0.107259
0.110491
0.113721
0.116951
0.12018
0.123408
0.126635
0.129861
0.133086
0.13631
0.139533
0.142754
0.145974
0.149194
0.152411
0.155628
0.158843
0.162057
0.16527
0.168481
0.171691
0.1749
0.178107
0.181312
0.184516
0.187718
0.190919
0.194118
0.197316
0.200511
0.203706
0.206898
0.210088
0.213277
0.216464
0.219649
0.222833
0.226014
0.229193
0.232371
0.235546
0.23872
0.241891
0.24506
0.248227
0.251392
0.254555
0.257716
0.260874
0.26403
0.267184
0.270336
0.273485
0.276632
0.279776
0.282918
0.286058
0.289195
0.292329
0.295461
0.298591
0.301717
0.304842
0.307963
0.311082
0.314198
0.317311
0.320422
0.32353
0.326635
0.329737
0.332836
0.335932
0.339026
0.342116
0.345203
0.348288
0.351369
0.354447
0.357522
0.360594
0.363663
0.366728
0.369791
0.37285
0.375906
0.378958
0.382007
0.385053
0.388095
0.391134
0.39417
0.397202
0.40023
0.403255
0.406277
0.409295
0.412309
0.415319
0.418326
0.421329
0.424329
0.427325
0.430317
0.433305
0.436289
0.43927
0.442246
0.445219
0.448187
0.451152
0.454113
0.457069
0.460022
0.462971
0.465915
0.468855
0.471792
0.474724
0.477651
0.480575
0.483494
0.486409
0.489319
0.492226
0.495128
0.498025
0.500918
0.503807
0.506691
0.50957
0.512445
0.515316
0.518182
0.521043
0.5239
0.526752
0.529599
0.532442
0.53528
0.538113
0.540941
0.543764
0.546583
0.549397
0.552205
0.555009
0.557808
0.560602
0.563391
0.566175
0.568954
0.571728
0.574496
0.57726
0.580018
0.582772
0.58552
0.588262
0.591
0.593732
0.596459
0.599181
0.601897
0.604608
0.607313
0.610013
0.612708
0.615397
0.61808
0.620758
0.623431
0.626098
0.628759
0.631414
0.634064
0.636709
0.639347
0.64198
0.644607
0.647229
0.649844
0.652454
0.655058
0.657656
0.660248
0.662834
0.665415
0.667989
0.670557
0.673119
0.675676
0.678226
0.68077
0.683308
0.68584
0.688365
0.690885
0.693398
0.695905
0.698406
0.700901
0.703389
0.705871
0.708347
0.710816
0.713279
0.715735
0.718185
0.720629
0.723066
0.725496
0.727921
0.730338
0.732749
0.735153
0.737551
0.739942
0.742327
0.744705
0.747076
0.74944
0.751798
0.754149
0.756493
0.75883
0.761161
0.763484
0.765801
0.768111
0.770414
0.77271
0.774999
0.777281
0.779556
0.781824
0.784085
0.786339
0.788586
0.790826
0.793058
0.795284
0.797502
0.799713
0.801917
0.804114
0.806304
0.808486
0.810661
0.812828
0.814989
0.817142
0.819287
0.821425
0.823556
0.825679
0.827795
0.829904
0.832005
0.834098
0.836184
0.838263
0.840333
0.842397
0.844452
0.8465
0.848541
0.850573
0.852599
0.854616
0.856626
0.858627
0.860622
0.862608
0.864587
0.866557
0.86852
0.870476
0.872423
0.874362
0.876294
0.878217
0.880133
0.882041
0.88394
0.885832
0.887716
0.889592
0.891459
0.893319
0.89517
0.897014
0.898849
0.900677
0.902496
0.904307
0.906109
0.907904
0.90969
0.911468
0.913238
0.915
0.916753
0.918498
0.920235
0.921964
0.923684
0.925396
0.927099
0.928794
0.930481
0.932159
0.933828
0.93549
0.937143
0.938787
0.940423
0.94205
0.943669
0.945279
0.946881
0.948474
0.950059
0.951635
0.953202
0.954761
0.956311
0.957852
0.959385
0.960909
0.962424
0.963931
0.965429
0.966918
0.968399
0.96987
0.971333
0.972787
0.974232
0.975669
0.977096
0.978515
0.979925
0.981326
0.982718
0.984101
0.985475
0.986841
0.988197
0.989545
0.990883
0.992212
0.993533
0.994844
0.996147
0.99744
0.998725
1
1.00127
1.00252
1.00377
1.00501
1.00624
1.00746
1.00867
1.00988
1.01107
1.01225
1.01343
1.01459
1.01575
1.0169
1.01804
1.01916
1.02028
1.02139
1.0225
1.02359
1.02467
1.02574
1.02681
1.02786
1.02891
1.02994
1.03097
1.03199
1.03299
1.03399
1.03498
1.03596
1.03693
1.03789
1.03884
1.03979
1.04072
1.04164
1.04255
1.04346
1.04435
1.04524
1.04611
1.04698
1.04784
1.04868
1.04952
1.05035
1.05117
1.05198
1.05278
1.05357
1.05435
1.05512
1.05588
1.05663
1.05737
1.0581
1.05883
1.05954
1.06024
1.06094
1.06162
1.0623
1.06296
1.06362
1.06426
1.0649
1.06552
1.06614
1.06675
1.06734
1.06793
1.06851
1.06908
1.06964
1.07018
1.07072
1.07125
1.07177
1.07228
1.07278
1.07327
1.07375
1.07422
1.07468
1.07513
1.07557
1.076
1.07643
1.07684
1.07724
1.07763
1.07801
1.07839
1.07875
1.0791
1.07944
1.07978
1.0801
1.08041
1.08072
1.08101
1.0813
1.08157
1.08183
1.08209
1.08233
1.08257
1.08279
1.08301
1.08321
1.08341
1.08359
1.08377
1.08393
1.08409
1.08424
1.08437
1.0845
1.08461
1.08472
1.08482
1.0849
1.08498
1.08505
1.0851
1.08515
1.08519
1.08521
1.08523
1.08524
1.08524
1.08522
1.0852
1.08517
1.08513
1.08508
1.08501
1.08494
1.08486
1.08477
1.08467
1.08456
1.08443
1.0843
1.08416
1.08401
1.08385
1.08368
1.0835
1.08331
1.08311
1.0829
1.08268
1.08245
1.08221
1.08196
1.0817
1.08143
1.08115
1.08086
1.08056
1.08025
1.07993
1.07961
1.07927
1.07892
1.07856
1.07819
1.07781
1.07743
1.07703
1.07662
1.0762
1.07578
1.07534
1.07489
1.07444
1.07397
1.07349
1.07301
1.07251
1.07201
1.07149
1.07097
1.07043
1.06989
1.06933
1.06877
1.06819
1.06761
1.06701
1.06641
1.0658
1.06517
1.06454
1.0639
1.06325
1.06259
1.06191
1.06123
1.06054
1.05984
1.05913
1.05841
1.05768
1.05694
1.05619
1.05543
1.05467
1.05389
1.0531
1.0523
1.0515
1.05068
1.04985
1.04902
1.04817
1.04732
1.04645
1.04558
1.04469
1.0438
1.0429
1.04199
1.04106
1.04013
1.03919
1.03824
1.03728
1.03631
1.03533
1.03434
1.03335
1.03234
1.03132
1.0303
1.02926
1.02822
1.02716
1.0261
1.02502
1.02394
1.02285
1.02175
1.02064
1.01952
1.01839
1.01725
1.0161
1.01494
1.01378
1.0126
1.01141
1.01022
1.00901
1.0078
1.00658
1.00535
1.00411
1.00286
1.0016
1.00033
0.999051
0.997764
0.996468
0.995163
0.993849
0.992526
0.991193
0.989852
0.988501
0.987141
0.985773
0.984395
0.983008
0.981612
0.980207
0.978794
0.977371
0.975939
0.974498
0.973049
0.97159
0.970122
0.968646
0.96716
0.965666
0.964163
0.962651
0.96113
0.959601
0.958062
0.956515
0.954959
0.953394
0.951821
0.950238
0.948647
0.947048
0.945439
0.943822
0.942196
0.940562
0.938919
0.937267
0.935607
0.933938
0.93226
0.930574
0.928879
0.927176
0.925464
0.923744
0.922015
0.920278
0.918533
0.916778
0.915016
0.913245
0.911466
0.909678
0.907882
0.906077
0.904264
0.902443
0.900614
0.898776
0.89693
0.895076
0.893213
0.891343
0.889464
0.887577
0.885681
0.883778
0.881866
0.879947
0.878019
0.876083
0.874139
0.872187
0.870227
0.868259
0.866283
0.864299
0.862307
0.860307
0.858299
0.856283
0.854259
0.852228
0.850189
0.848141
0.846086
0.844023
0.841953
0.839874
0.837788
0.835694
0.833593
0.831483
0.829366
0.827242
0.82511
0.82297
0.820822
0.818667
0.816505
0.814335
0.812157
0.809972
0.807779
0.805579
0.803372
0.801157
0.798935
0.796705
0.794468
0.792224
0.789972
0.787713
0.785447
0.783173
0.780892
0.778604
0.776309
0.774007
0.771697
0.769381
0.767057
0.764726
0.762388
0.760043
0.757691
0.755332
0.752966
0.750593
0.748214
0.745827
0.743433
0.741032
0.738625
0.736211
0.73379
0.731362
0.728927
0.726486
0.724038
0.721583
0.719121
0.716653
0.714178
0.711697
0.709209
0.706714
0.704213
0.701705
0.699191
0.696671
0.694143
0.69161
0.68907
0.686524
0.683971
0.681412
0.678846
0.676275
0.673697
0.671112
0.668522
0.665925
0.663323
0.660714
0.658098
0.655477
0.65285
0.650217
0.647577
0.644932
0.64228
0.639623
0.636959
0.63429
0.631615
0.628934
0.626247
0.623554
0.620856
0.618152
0.615442
0.612726
0.610004
0.607277
0.604545
0.601806
0.599062
0.596313
0.593557
0.590797
0.588031
0.585259
0.582482
0.579699
0.576911
0.574118
0.571319
0.568515
0.565706
0.562891
0.560072
0.557246
0.554416
0.551581
0.54874
0.545894
0.543044
0.540188
0.537327
0.534461
0.53159
0.528714
0.525833
0.522947
0.520057
0.517161
0.514261
0.511356
0.508446
0.505531
0.502612
0.499687
0.496759
0.493825
0.490887
0.487944
0.484997
0.482045
0.479089
0.476128
0.473163
0.470193
0.467219
0.46424
0.461257
0.45827
0.455278
0.452282
0.449282
0.446278
0.44327
0.440257
0.43724
0.434219
0.431194
0.428165
0.425132
0.422095
0.419054
0.416009
0.41296
0.409907
0.40685
0.403789
0.400725
0.397657
0.394585
0.391509
0.38843
0.385347
0.38226
0.37917
0.376076
0.372978
0.369877
0.366773
0.363665
0.360554
0.357439
0.35432
0.351199
0.348074
0.344946
0.341814
0.338679
0.335541
0.3324
0.329256
0.326108
0.322958
0.319804
0.316647
0.313488
0.310325
0.307159
0.303991
0.300819
0.297645
0.294467
0.291287
0.288104
0.284919
0.28173
0.278539
0.275346
0.272149
0.26895
0.265748
0.262544
0.259338
0.256128
0.252917
0.249703
0.246486
0.243267
0.240046
0.236822
0.233596
0.230368
0.227138
0.223905
0.22067
0.217433
0.214194
0.210953
0.20771
0.204464
0.201217
0.197968
0.194717
0.191464
0.188209
0.184952
0.181693
0.178433
0.17517
0.171906
0.168641
0.165373
0.162104
0.158834
0.155562
0.152288
0.149012
0.145736
0.142457
0.139178
0.135897
0.132614
0.12933
0.126045
0.122759
0.119471
0.116182
0.112892
0.1096
0.106308
0.103014
0.0997196
0.0964239
0.0931272
0.0898295
0.0865308
0.0832311
0.0799306
0.0766292
0.073327
0.0700239
0.0667201
0.0634155
0.0601102
0.0568042
0.0534976
0.0501903
0.0468824
0.043574
0.040265
0.0369555
0.0336455
0.0303351
0.0270242
0.023713
0.0204014
0.0170894
0.0137772
0.0104647
0.00715198
0.00383903
0.000525907
0.00278736
0.00610075
0.00941423
0.0127278
0.0160413
0.0193549
0.0226684
0.0259819
0.0292952
0.0326085
0.0359216
0.0392345
0.0425472
0.0458596
0.0491718
0.0524837
0.0557952
0.0591064
0.0624172
0.0657275
0.0690374
0.0723468
0.0756557
0.078964
0.0822718
0.085579
0.0888855
0.0921914
0.0954965
0.098801
0.102105
0.105408
0.10871
0.112011
0.115311
0.118611
0.121909
0.125207
0.128503
0.131799
0.135093
0.138386
0.141679
0.14497
0.14826
0.151548
0.154836
0.158122
0.161407
0.164691
0.167973
0.171254
0.174533
0.177811
0.181087
0.184362
0.187636
0.190908
0.194178
0.197447
0.200713
0.203979
0.207242
0.210504
0.213764
0.217022
0.220279
0.223533
0.226786
0.230037
0.233285
0.236532
0.239777
0.24302
0.24626
0.249499
0.252735
0.25597
0.259202
0.262431
0.265659
0.268884
0.272107
0.275328
0.278546
0.281762
0.284975
0.288186
0.291395
0.294601
0.297804
0.301005
0.304203
0.307399
0.310592
0.313782
0.31697
0.320155
0.323337
0.326516
0.329692
0.332866
0.336036
0.339204
0.342369
0.34553
0.348689
0.351845
0.354997
0.358147
0.361293
0.364437
0.367577
0.370713
0.373847
0.376977
0.380104
0.383228
0.386348
0.389465
0.392579
0.395689
0.398796
0.401899
0.404998
0.408094
0.411187
0.414276
0.417361
0.420442
0.42352
0.426594
0.429665
0.432731
0.435794
0.438853
0.441908
0.444959
0.448006
0.451049
0.454089
0.457124
0.460155
0.463183
0.466206
0.469225
0.472239
0.47525
0.478257
0.481259
0.484257
0.487251
0.49024
0.493225
0.496206
0.499182
0.502154
0.505121
0.508084
0.511043
0.513996
0.516946
0.519891
0.522831
0.525766
0.528697
0.531623
0.534545
0.537462
0.540373
0.543281
0.546183
0.54908
0.551973
0.554861
0.557743
0.560621
0.563494
0.566362
0.569224
0.572082
0.574935
0.577782
0.580625
0.583462
0.586294
0.58912
0.591942
0.594758
0.597569
0.600375
0.603175
0.60597
0.608759
0.611543
0.614322
0.617095
0.619863
0.622625
0.625381
0.628132
0.630878
0.633618
0.636352
0.63908
0.641803
0.64452
0.647231
0.649936
0.652636
0.65533
0.658017
0.6607
0.663376
0.666046
0.66871
0.671368
0.674021
0.676667
0.679307
0.681941
0.684569
0.687191
0.689807
0.692416
0.69502
0.697617
0.700208
0.702792
0.705371
0.707943
0.710508
0.713068
0.715621
0.718167
0.720707
0.723241
0.725768
0.728289
0.730803
0.73331
0.735811
0.738306
0.740793
0.743274
0.745749
0.748217
0.750678
0.753132
0.755579
0.75802
0.760454
0.762881
0.765302
0.767715
0.770122
0.772521
0.774914
0.7773
0.779678
0.78205
0.784415
0.786772
0.789123
0.791467
0.793803
0.796132
0.798454
0.800769
0.803077
0.805377
0.807671
0.809957
0.812235
0.814507
0.816771
0.819028
0.821277
0.823519
0.825754
0.827981
0.8302
0.832413
0.834617
0.836815
0.839004
0.841187
0.843361
0.845528
0.847687
0.849839
0.851983
0.85412
0.856248
0.858369
0.860483
0.862588
0.864686
0.866776
0.868858
0.870932
0.872999
0.875057
0.877108
0.879151
0.881186
0.883213
0.885232
0.887243
0.889246
0.891241
0.893228
0.895207
0.897177
0.89914
0.901095
0.903041
0.90498
0.90691
0.908832
0.910746
0.912651
0.914548
0.916438
0.918318
0.920191
0.922055
0.923911
0.925759
0.927598
0.929429
0.931251
0.933065
0.934871
0.936668
0.938456
0.940237
0.942008
0.943772
0.945526
0.947272
0.94901
0.950739
0.952459
0.954171
0.955874
0.957569
0.959255
0.960932
0.962601
0.96426
0.965911
0.967554
0.969187
0.970812
0.972428
0.974036
0.975634
0.977224
0.978805
0.980377
0.98194
0.983494
0.985039
0.986576
0.988103
0.989622
0.991131
0.992632
0.994124
0.995606
0.99708
0.998544
1
1.00145
1.00288
1.00431
1.00573
1.00714
1.00854
1.00993
1.01132
1.01269
1.01406
1.01541
1.01676
1.01809
1.01942
1.02074
1.02205
1.02335
1.02464
1.02592
1.02719
1.02846
1.02971
1.03095
1.03219
1.03341
1.03463
1.03584
1.03703
1.03822
1.0394
1.04057
1.04173
1.04288
1.04402
1.04515
1.04627
1.04738
1.04849
1.04958
1.05066
1.05174
1.0528
1.05386
1.0549
1.05594
1.05696
1.05798
1.05899
1.05999
1.06097
1.06195
1.06292
1.06388
1.06483
1.06577
1.0667
1.06762
1.06853
1.06943
1.07032
1.0712
1.07208
1.07294
1.07379
1.07463
1.07546
1.07629
1.0771
1.0779
1.0787
1.07948
1.08026
1.08102
1.08177
1.08252
1.08325
1.08398
1.08469
1.0854
1.08609
1.08678
1.08746
1.08812
1.08878
1.08942
1.09006
1.09069
1.0913
1.09191
1.0925
1.09309
1.09367
1.09423
1.09479
1.09534
1.09587
1.0964
1.09692
1.09742
1.09792
1.09841
1.09888
1.09935
1.09981
1.10025
1.10069
1.10112
1.10153
1.10194
1.10234
1.10272
1.1031
1.10347
1.10382
1.10417
1.10451
1.10483
1.10515
1.10545
1.10575
1.10604
1.10631
1.10658
1.10683
1.10708
1.10732
1.10754
1.10776
1.10796
1.10816
1.10834
1.10852
1.10868
1.10884
1.10898
1.10912
1.10924
1.10936
1.10946
1.10956
1.10964
1.10971
1.10978
1.10983
1.10987
1.10991
1.10993
1.10995
1.10995
1.10994
1.10992
1.1099
1.10986
1.10981
1.10976
1.10969
1.10961
1.10952
1.10942
1.10932
1.1092
1.10907
1.10893
1.10878
1.10862
1.10845
1.10828
1.10809
1.10789
1.10768
1.10746
1.10723
1.10699
1.10674
1.10648
1.10621
1.10593
1.10564
1.10534
1.10503
1.10471
1.10438
1.10404
1.10369
1.10333
1.10296
1.10257
1.10218
1.10178
1.10137
1.10095
1.10052
1.10008
1.09963
1.09917
1.09869
1.09821
1.09772
1.09722
1.09671
1.09619
1.09566
1.09511
1.09456
1.094
1.09343
1.09285
1.09226
1.09165
1.09104
1.09042
1.08979
1.08915
1.0885
1.08783
1.08716
1.08648
1.08579
1.08509
1.08438
1.08366
1.08293
1.08219
1.08143
1.08067
1.0799
1.07912
1.07833
1.07753
1.07672
1.0759
1.07507
1.07423
1.07338
1.07252
1.07166
1.07078
1.06989
1.06899
1.06808
1.06716
1.06624
1.0653
1.06435
1.06339
1.06243
1.06145
1.06046
1.05947
1.05846
1.05745
1.05642
1.05539
1.05434
1.05329
1.05222
1.05115
1.05007
1.04898
1.04787
1.04676
1.04564
1.04451
1.04337
1.04222
1.04106
1.03989
1.03871
1.03752
1.03632
1.03512
1.0339
1.03267
1.03144
1.03019
1.02894
1.02767
1.0264
1.02512
1.02382
1.02252
1.02121
1.01989
1.01856
1.01722
1.01587
1.01451
1.01315
1.01177
1.01038
1.00899
1.00758
1.00617
1.00475
1.00331
1.00187
1.00042
0.998963
0.997494
0.996016
0.994529
0.993032
0.991527
0.990012
0.988488
0.986955
0.985413
0.983862
0.982302
0.980733
0.979155
0.977568
0.975972
0.974367
0.972753
0.97113
0.969498
0.967857
0.966208
0.964549
0.962882
0.961205
0.95952
0.957826
0.956123
0.954412
0.952691
0.950962
0.949224
0.947478
0.945722
0.943958
0.942185
0.940404
0.938614
0.936815
0.935008
0.933192
0.931367
0.929534
0.927692
0.925842
0.923983
0.922116
0.92024
0.918356
0.916463
0.914562
0.912652
0.910734
0.908808
0.906873
0.90493
0.902978
0.901018
0.89905
0.897074
0.895089
0.893096
0.891095
0.889085
0.887068
0.885042
0.883008
0.880966
0.878916
0.876857
0.874791
0.872716
0.870634
0.868543
0.866444
0.864338
0.862223
0.8601
0.85797
0.855831
0.853685
0.851531
0.849369
0.847199
0.845021
0.842835
0.840642
0.838441
0.836232
0.834015
0.831791
0.829559
0.827319
0.825072
0.822817
0.820554
0.818284
0.816006
0.813721
0.811428
0.809128
0.80682
0.804504
0.802182
0.799851
0.797514
0.795169
0.792817
0.790457
0.78809
0.785716
0.783334
0.780945
0.778549
0.776146
0.773735
0.771318
0.768893
0.766461
0.764022
0.761576
0.759123
0.756663
0.754195
0.751721
0.74924
0.746752
0.744257
0.741755
0.739246
0.73673
0.734208
0.731678
0.729142
0.726599
0.72405
0.721493
0.71893
0.71636
0.713784
0.711201
0.708611
0.706015
0.703412
0.700803
0.698187
0.695564
0.692936
0.6903
0.687659
0.685011
0.682356
0.679695
0.677028
0.674355
0.671675
0.668989
0.666297
0.663598
0.660894
0.658183
0.655466
0.652743
0.650014
0.647279
0.644538
0.641791
0.639037
0.636278
0.633513
0.630742
0.627966
0.625183
0.622394
0.6196
0.6168
0.613994
0.611182
0.608365
0.605542
0.602713
0.599879
0.597039
0.594194
0.591343
0.588486
0.585624
0.582756
0.579883
0.577005
0.574121
0.571232
0.568337
0.565438
0.562532
0.559622
0.556706
0.553785
0.550859
0.547928
0.544992
0.54205
0.539104
0.536152
0.533195
0.530234
0.527267
0.524295
0.521319
0.518337
0.515351
0.51236
0.509364
0.506363
0.503358
0.500347
0.497333
0.494313
0.491289
0.48826
0.485226
0.482188
0.479145
0.476098
0.473047
0.469991
0.46693
0.463865
0.460796
0.457722
0.454644
0.451562
0.448475
0.445385
0.44229
0.439191
0.436087
0.43298
0.429868
0.426753
0.423633
0.420509
0.417382
0.41425
0.411114
0.407975
0.404832
0.401684
0.398533
0.395379
0.39222
0.389058
0.385892
0.382722
0.379549
0.376372
0.373192
0.370008
0.36682
0.363629
0.360435
0.357237
0.354035
0.35083
0.347622
0.344411
0.341196
0.337978
0.334757
0.331532
0.328305
0.325074
0.32184
0.318603
0.315363
0.31212
0.308874
0.305625
0.302373
0.299118
0.29586
0.292599
0.289336
0.28607
0.2828
0.279529
0.276254
0.272977
0.269697
0.266415
0.26313
0.259842
0.256552
0.253259
0.249964
0.246667
0.243367
0.240064
0.23676
0.233453
0.230143
0.226832
0.223518
0.220202
0.216884
0.213564
0.210241
0.206917
0.20359
0.200262
0.196931
0.193599
0.190264
0.186928
0.18359
0.18025
0.176908
0.173564
0.170219
0.166872
0.163523
0.160173
0.15682
0.153467
0.150112
0.146755
0.143397
0.140037
0.136676
0.133313
0.129949
0.126584
0.123218
0.11985
0.11648
0.11311
0.109739
0.106366
0.102992
0.099617
0.0962409
0.0928638
0.0894857
0.0861066
0.0827266
0.0793456
0.0759638
0.0725811
0.0691976
0.0658132
0.0624281
0.0590423
0.0556558
0.0522686
0.0488807
0.0454922
0.0421032
0.0387136
0.0353235
0.0319329
0.0285418
0.0251503
0.0217585
0.0183662
0.0149736
0.0115808
0.0081876
0.0047942
0.00140059
0.0019932
0.00538713
0.00878119
0.0121753
0.0155695
0.0189637
0.022358
0.0257521
0.0291463
0.0325403
0.0359342
0.0393279
0.0427214
0.0461147
0.0495078
0.0529005
0.056293
0.0596851
0.0630768
0.0664682
0.069859
0.0732495
0.0766394
0.0800288
0.0834176
0.0868058
0.0901934
0.0935803
0.0969666
0.100352
0.103737
0.107121
0.110504
0.113887
0.117268
0.120649
0.124028
0.127407
0.130785
0.134161
0.137537
0.140911
0.144285
0.147657
0.151028
0.154398
0.157767
0.161134
0.1645
0.167865
0.171228
0.17459
0.177951
0.18131
0.184667
0.188023
0.191378
0.194731
0.198082
0.201432
0.20478
0.208126
0.211471
0.214814
0.218155
0.221494
0.224831
0.228167
0.2315
0.234832
0.238162
0.241489
0.244815
0.248138
0.25146
0.254779
0.258096
0.261411
0.264724
0.268034
0.271343
0.274649
0.277952
0.281253
0.284552
0.287848
0.291142
0.294434
0.297723
0.301009
0.304293
0.307574
0.310852
0.314128
0.317401
0.320672
0.323939
0.327204
0.330466
0.333725
0.336981
0.340235
0.343485
0.346733
0.349977
0.353219
0.356457
0.359692
0.362924
0.366153
0.369379
0.372602
0.375821
0.379037
0.38225
0.38546
0.388666
0.391869
0.395068
0.398264
0.401456
0.404645
0.407831
0.411013
0.414191
0.417365
0.420536
0.423704
0.426867
0.430027
0.433183
0.436336
0.439484
0.442629
0.44577
0.448906
0.452039
0.455168
0.458293
0.461414
0.464531
0.467644
0.470753
0.473857
0.476958
0.480054
0.483146
0.486233
0.489317
0.492396
0.495471
0.498541
0.501607
0.504669
0.507726
0.510779
0.513827
0.516871
0.51991
0.522944
0.525974
0.528999
0.53202
0.535036
0.538047
0.541053
0.544055
0.547052
0.550044
0.553031
0.556013
0.55899
0.561963
0.56493
0.567893
0.57085
0.573802
0.576749
0.579691
0.582628
0.58556
0.588487
0.591408
0.594324
0.597235
0.600141
0.603041
0.605936
0.608825
0.611709
0.614588
0.617461
0.620329
0.623191
0.626048
0.628899
0.631744
0.634584
0.637418
0.640247
0.64307
0.645887
0.648698
0.651504
0.654304
0.657098
0.659886
0.662668
0.665445
0.668215
0.67098
0.673738
0.676491
0.679237
0.681977
0.684712
0.68744
0.690162
0.692878
0.695588
0.698291
0.700989
0.70368
0.706365
0.709043
0.711715
0.714381
0.717041
0.719694
0.72234
0.72498
0.727614
0.730241
0.732862
0.735476
0.738083
0.740684
0.743279
0.745866
0.748447
0.751021
0.753589
0.75615
0.758704
0.761251
0.763792
0.766325
0.768852
0.771372
0.773885
0.776391
0.77889
0.781382
0.783867
0.786345
0.788816
0.79128
0.793737
0.796187
0.79863
0.801065
0.803493
0.805914
0.808328
0.810735
0.813134
0.815526
0.817911
0.820288
0.822658
0.825021
0.827376
0.829724
0.832065
0.834398
0.836723
0.839041
0.841351
0.843654
0.845949
0.848237
0.850517
0.852789
0.855054
0.857311
0.859561
0.861802
0.864036
0.866262
0.868481
0.870691
0.872894
0.875089
0.877276
0.879455
0.881626
0.883789
0.885944
0.888092
0.890231
0.892363
0.894486
0.896601
0.898708
0.900807
0.902898
0.904981
0.907056
0.909123
0.911181
0.913231
0.915273
0.917307
0.919332
0.921349
0.923358
0.925359
0.927351
0.929335
0.931311
0.933278
0.935236
0.937187
0.939128
0.941062
0.942987
0.944903
0.946811
0.94871
0.950601
0.952483
0.954357
0.956222
0.958078
0.959926
0.961765
0.963595
0.965417
0.96723
0.969034
0.97083
0.972617
0.974395
0.976164
0.977924
0.979676
0.981418
0.983152
0.984877
0.986593
0.988301
0.989999
0.991688
0.993368
0.99504
0.996702
0.998356
1
1.00164
1.00326
1.00488
1.00649
1.00809
1.00968
1.01126
1.01283
1.01439
1.01594
1.01749
1.01902
1.02055
1.02207
1.02357
1.02507
1.02656
1.02804
1.02951
1.03097
1.03242
1.03386
1.0353
1.03672
1.03813
1.03954
1.04093
1.04232
1.0437
1.04506
1.04642
1.04777
1.04911
1.05044
1.05176
1.05307
1.05437
1.05566
1.05694
1.05821
1.05947
1.06073
1.06197
1.0632
1.06443
1.06564
1.06685
1.06804
1.06923
1.0704
1.07157
1.07272
1.07387
1.07501
1.07613
1.07725
1.07836
1.07945
1.08054
1.08162
1.08269
1.08375
1.0848
1.08583
1.08686
1.08788
1.08889
1.08989
1.09088
1.09186
1.09283
1.09379
1.09474
1.09568
1.09661
1.09753
1.09844
1.09934
1.10023
1.10111
1.10198
1.10284
1.10369
1.10453
1.10536
1.10618
1.10699
1.10779
1.10858
1.10936
1.11013
1.11089
1.11163
1.11237
1.1131
1.11382
1.11453
1.11523
1.11592
1.1166
1.11727
1.11792
1.11857
1.11921
1.11984
1.12046
1.12106
1.12166
1.12225
1.12282
1.12339
1.12395
1.12449
1.12503
1.12556
1.12607
1.12658
1.12707
1.12756
1.12803
1.12849
1.12895
1.12939
1.12983
1.13025
1.13066
1.13106
1.13146
1.13184
1.13221
1.13257
1.13292
1.13326
1.13359
1.13391
1.13422
1.13452
1.13481
1.13509
1.13536
1.13562
1.13587
1.1361
1.13633
1.13655
1.13675
1.13695
1.13714
1.13731
1.13748
1.13763
1.13778
1.13791
1.13803
1.13815
1.13825
1.13834
1.13842
1.13849
1.13856
1.13861
1.13865
1.13868
1.1387
1.13871
1.13871
1.13869
1.13867
1.13864
1.1386
1.13854
1.13848
1.13841
1.13832
1.13823
1.13812
1.13801
1.13788
1.13775
1.1376
1.13744
1.13728
1.1371
1.13691
1.13671
1.1365
1.13629
1.13606
1.13582
1.13557
1.13531
1.13504
1.13475
1.13446
1.13416
1.13385
1.13353
1.13319
1.13285
1.1325
1.13213
1.13176
1.13137
1.13098
1.13057
1.13016
1.12973
1.12929
1.12885
1.12839
1.12792
1.12744
1.12696
1.12646
1.12595
1.12543
1.1249
1.12436
1.12381
1.12325
1.12268
1.1221
1.12151
1.12091
1.1203
1.11968
1.11905
1.1184
1.11775
1.11709
1.11642
1.11573
1.11504
1.11434
1.11362
1.1129
1.11217
1.11142
1.11067
1.1099
1.10913
1.10834
1.10755
1.10674
1.10593
1.1051
1.10427
1.10342
1.10257
1.1017
1.10082
1.09994
1.09904
1.09814
1.09722
1.09629
1.09536
1.09441
1.09346
1.09249
1.09151
1.09053
1.08953
1.08852
1.08751
1.08648
1.08545
1.0844
1.08334
1.08228
1.0812
1.08011
1.07902
1.07791
1.0768
1.07567
1.07454
1.07339
1.07224
1.07107
1.0699
1.06871
1.06752
1.06631
1.0651
1.06388
1.06264
1.0614
1.06015
1.05888
1.05761
1.05633
1.05504
1.05374
1.05243
1.0511
1.04977
1.04843
1.04708
1.04572
1.04436
1.04298
1.04159
1.04019
1.03878
1.03737
1.03594
1.0345
1.03306
1.0316
1.03014
1.02867
1.02718
1.02569
1.02419
1.02268
1.02115
1.01962
1.01808
1.01654
1.01498
1.01341
1.01183
1.01025
1.00865
1.00704
1.00543
1.00381
1.00217
1.00053
0.99888
0.99722
0.99555
0.993871
0.992183
0.990486
0.98878
0.987065
0.98534
0.983607
0.981864
0.980113
0.978352
0.976582
0.974804
0.973016
0.971219
0.969414
0.967599
0.965776
0.963944
0.962102
0.960252
0.958393
0.956526
0.954649
0.952764
0.950869
0.948967
0.947055
0.945134
0.943205
0.941267
0.939321
0.937366
0.935402
0.933429
0.931448
0.929458
0.92746
0.925453
0.923438
0.921414
0.919381
0.91734
0.915291
0.913233
0.911167
0.909092
0.907009
0.904917
0.902817
0.900709
0.898592
0.896468
0.894334
0.892193
0.890043
0.887885
0.885719
0.883545
0.881363
0.879172
0.876973
0.874766
0.872551
0.870328
0.868097
0.865858
0.863611
0.861356
0.859093
0.856821
0.854542
0.852255
0.849961
0.847658
0.845347
0.843029
0.840703
0.838369
0.836027
0.833678
0.83132
0.828955
0.826583
0.824202
0.821815
0.819419
0.817016
0.814605
0.812187
0.809761
0.807328
0.804887
0.802438
0.799983
0.797519
0.795049
0.792571
0.790086
0.787593
0.785093
0.782586
0.780071
0.777549
0.77502
0.772484
0.769941
0.76739
0.764832
0.762268
0.759696
0.757117
0.754531
0.751938
0.749338
0.746731
0.744117
0.741496
0.738868
0.736233
0.733592
0.730943
0.728288
0.725626
0.722958
0.720282
0.7176
0.714911
0.712216
0.709514
0.706805
0.704089
0.701368
0.698639
0.695904
0.693163
0.690415
0.68766
0.6849
0.682132
0.679359
0.676579
0.673793
0.671
0.668201
0.665396
0.662585
0.659768
0.656944
0.654114
0.651278
0.648436
0.645588
0.642734
0.639874
0.637008
0.634136
0.631258
0.628374
0.625484
0.622589
0.619687
0.61678
0.613867
0.610948
0.608023
0.605093
0.602157
0.599216
0.596268
0.593316
0.590357
0.587393
0.584424
0.581449
0.578469
0.575483
0.572492
0.569495
0.566493
0.563486
0.560473
0.557455
0.554432
0.551404
0.54837
0.545332
0.542288
0.539239
0.536185
0.533126
0.530061
0.526992
0.523918
0.520839
0.517755
0.514666
0.511573
0.508474
0.505371
0.502263
0.49915
0.496032
0.49291
0.489783
0.486652
0.483515
0.480375
0.477229
0.474079
0.470925
0.467766
0.464603
0.461435
0.458263
0.455087
0.451906
0.448721
0.445532
0.442339
0.439141
0.435939
0.432733
0.429523
0.426309
0.42309
0.419868
0.416642
0.413411
0.410177
0.406939
0.403697
0.400451
0.397201
0.393947
0.39069
0.387429
0.384164
0.380896
0.377624
0.374348
0.371069
0.367786
0.364499
0.361209
0.357916
0.354619
0.351319
0.348015
0.344708
0.341398
0.338084
0.334767
0.331447
0.328124
0.324797
0.321468
0.318135
0.314799
0.31146
0.308118
0.304773
0.301426
0.298075
0.294721
0.291365
0.288005
0.284643
0.281278
0.27791
0.27454
0.271167
0.267791
0.264412
0.261031
0.257648
0.254261
0.250873
0.247482
0.244088
0.240692
0.237294
0.233893
0.23049
0.227085
0.223677
0.220267
0.216855
0.213441
0.210025
0.206607
0.203186
0.199764
0.196339
0.192913
0.189484
0.186054
0.182621
0.179187
0.175751
0.172314
0.168874
0.165433
0.16199
0.158546
0.155099
0.151652
0.148202
0.144751
0.141299
0.137845
0.13439
0.130933
0.127475
0.124015
0.120554
0.117092
0.113629
0.110164
0.106698
0.103231
0.0997632
0.096294
0.0928237
0.0893524
0.0858801
0.0824068
0.0789326
0.0754574
0.0719814
0.0685045
0.0650268
0.0615483
0.0580691
0.0545891
0.0511085
0.0476272
0.0441453
0.0406627
0.0371797
0.033696
0.0302119
0.0267273
0.0232423
0.0197569
0.0162711
0.0127849
0.00929848
0.00581175
0.00232477
0.00116242
0.00464979
0.00813731
0.011625
0.0151127
0.0186005
0.0220883
0.0255761
0.0290638
0.0325515
0.0360391
0.0395266
0.0430138
0.0465009
0.0499878
0.0534744
0.0569607
0.0604466
0.0639322
0.0674175
0.0709023
0.0743866
0.0778705
0.0813538
0.0848366
0.0883188
0.0918004
0.0952814
0.0987617
0.102241
0.10572
0.109198
0.112675
0.116152
0.119627
0.123102
0.126576
0.130049
0.13352
0.136991
0.140461
0.143929
0.147397
0.150863
0.154328
0.157792
0.161255
0.164717
0.168177
0.171635
0.175093
0.178549
0.182003
0.185457
0.188908
0.192358
0.195807
0.199254
0.202699
0.206143
0.209584
0.213025
0.216463
0.2199
0.223335
0.226768
0.230199
0.233628
0.237055
0.240481
0.243904
0.247325
0.250745
0.254162
0.257577
0.26099
0.2644
0.267809
0.271215
0.274619
0.27802
0.28142
0.284817
0.288211
0.291603
0.294993
0.29838
0.301764
0.305146
0.308526
0.311902
0.315276
0.318648
0.322017
0.325382
0.328746
0.332106
0.335464
0.338818
0.34217
0.345519
0.348865
0.352207
0.355547
0.358884
0.362218
0.365548
0.368876
0.3722
0.375521
0.378839
0.382153
0.385465
0.388772
0.392077
0.395378
0.398676
0.40197
0.405261
0.408548
0.411832
0.415112
0.418389
0.421662
0.424931
0.428197
0.431458
0.434717
0.437971
0.441221
0.444468
0.447711
0.45095
0.454185
0.457416
0.460643
0.463866
0.467085
0.4703
0.473511
0.476717
0.47992
0.483118
0.486312
0.489502
0.492687
0.495869
0.499046
0.502218
0.505386
0.50855
0.511709
0.514864
0.518014
0.52116
0.524301
0.527437
0.530569
0.533696
0.536819
0.539936
0.543049
0.546158
0.549261
0.55236
0.555453
0.558542
0.561626
0.564705
0.567779
0.570848
0.573912
0.576971
0.580025
0.583074
0.586117
0.589156
0.592189
0.595217
0.598239
0.601257
0.604269
0.607276
0.610277
0.613273
0.616264
0.619249
0.622229
0.625203
0.628171
0.631134
0.634092
0.637044
0.63999
0.64293
0.645865
0.648794
0.651718
0.654635
0.657547
0.660453
0.663353
0.666248
0.669136
0.672018
0.674895
0.677765
0.680629
0.683488
0.68634
0.689186
0.692026
0.69486
0.697688
0.700509
0.703325
0.706134
0.708937
0.711733
0.714523
0.717307
0.720084
0.722855
0.72562
0.728378
0.73113
0.733875
0.736613
0.739345
0.742071
0.74479
0.747502
0.750207
0.752906
0.755598
0.758283
0.760962
0.763634
0.766299
0.768957
0.771608
0.774253
0.77689
0.779521
0.782145
0.784761
0.787371
0.789973
0.792569
0.795157
0.797739
0.800313
0.80288
0.80544
0.807993
0.810538
0.813077
0.815607
0.818131
0.820648
0.823157
0.825658
0.828152
0.830639
0.833119
0.835591
0.838055
0.840512
0.842962
0.845404
0.847838
0.850265
0.852684
0.855095
0.857499
0.859895
0.862284
0.864665
0.867038
0.869403
0.87176
0.87411
0.876452
0.878786
0.881112
0.88343
0.88574
0.888042
0.890337
0.892623
0.894901
0.897172
0.899434
0.901688
0.903934
0.906172
0.908402
0.910623
0.912837
0.915042
0.917239
0.919428
0.921609
0.923781
0.925945
0.928101
0.930248
0.932387
0.934518
0.93664
0.938753
0.940859
0.942956
0.945044
0.947124
0.949195
0.951258
0.953313
0.955358
0.957395
0.959424
0.961444
0.963455
0.965458
0.967451
0.969437
0.971413
0.973381
0.97534
0.97729
0.979231
0.981164
0.983087
0.985002
0.986908
0.988805
0.990693
0.992573
0.994443
0.996304
0.998157
1
1.00183
1.00366
1.00548
1.00728
1.00908
1.01087
1.01265
1.01442
1.01618
1.01794
1.01968
1.02141
1.02314
1.02485
1.02656
1.02826
1.02994
1.03162
1.03329
1.03495
1.0366
1.03824
1.03988
1.0415
1.04311
1.04472
1.04631
1.04789
1.04947
1.05104
1.05259
1.05414
1.05568
1.0572
1.05872
1.06023
1.06173
1.06322
1.0647
1.06617
1.06763
1.06908
1.07052
1.07195
1.07338
1.07479
1.07619
1.07758
1.07897
1.08034
1.0817
1.08306
1.0844
1.08573
1.08706
1.08837
1.08968
1.09097
1.09226
1.09353
1.0948
1.09605
1.0973
1.09853
1.09976
1.10097
1.10218
1.10337
1.10456
1.10574
1.1069
1.10806
1.1092
1.11034
1.11146
1.11258
1.11368
1.11478
1.11586
1.11694
1.118
1.11906
1.1201
1.12114
1.12216
1.12317
1.12418
1.12517
1.12615
1.12713
1.12809
1.12904
1.12999
1.13092
1.13184
1.13275
1.13365
1.13454
1.13542
1.13629
1.13716
1.13801
1.13884
1.13967
1.14049
1.1413
1.1421
1.14289
1.14366
1.14443
1.14519
1.14593
1.14667
1.1474
1.14811
1.14882
1.14951
1.15019
1.15087
1.15153
1.15218
1.15282
1.15345
1.15408
1.15469
1.15529
1.15588
1.15645
1.15702
1.15758
1.15813
1.15867
1.15919
1.15971
1.16021
1.16071
1.16119
1.16166
1.16213
1.16258
1.16302
1.16345
1.16387
1.16428
1.16468
1.16507
1.16545
1.16582
1.16618
1.16652
1.16686
1.16718
1.1675
1.1678
1.1681
1.16838
1.16865
1.16891
1.16916
1.1694
1.16963
1.16985
1.17006
1.17026
1.17044
1.17062
1.17079
1.17094
1.17108
1.17122
1.17134
1.17145
1.17156
1.17165
1.17173
1.1718
1.17185
1.1719
1.17194
1.17197
1.17198
1.17199
1.17198
1.17197
1.17194
1.1719
1.17186
1.1718
1.17173
1.17165
1.17156
1.17145
1.17134
1.17122
1.17109
1.17094
1.17079
1.17062
1.17045
1.17026
1.17006
1.16985
1.16963
1.1694
1.16916
1.16891
1.16865
1.16838
1.1681
1.1678
1.1675
1.16718
1.16686
1.16652
1.16617
1.16582
1.16545
1.16507
1.16468
1.16428
1.16387
1.16345
1.16301
1.16257
1.16212
1.16165
1.16118
1.16069
1.1602
1.15969
1.15917
1.15865
1.15811
1.15756
1.157
1.15643
1.15585
1.15526
1.15466
1.15404
1.15342
1.15279
1.15214
1.15149
1.15082
1.15015
1.14946
1.14876
1.14806
1.14734
1.14661
1.14587
1.14512
1.14436
1.14359
1.14281
1.14202
1.14122
1.14041
1.13959
1.13875
1.13791
1.13706
1.13619
1.13532
1.13443
1.13354
1.13263
1.13171
1.13079
1.12985
1.1289
1.12795
1.12698
1.126
1.12501
1.12401
1.123
1.12198
1.12095
1.11991
1.11886
1.1178
1.11673
1.11565
1.11456
1.11346
1.11235
1.11122
1.11009
1.10895
1.1078
1.10663
1.10546
1.10428
1.10308
1.10188
1.10067
1.09944
1.09821
1.09697
1.09571
1.09445
1.09317
1.09189
1.0906
1.08929
1.08798
1.08665
1.08532
1.08398
1.08262
1.08126
1.07988
1.0785
1.07711
1.0757
1.07429
1.07287
1.07143
1.06999
1.06854
1.06707
1.0656
1.06412
1.06263
1.06112
1.05961
1.05809
1.05656
1.05502
1.05347
1.05191
1.05034
1.04876
1.04717
1.04557
1.04396
1.04234
1.04071
1.03908
1.03743
1.03577
1.03411
1.03243
1.03075
1.02905
1.02735
1.02563
1.02391
1.02218
1.02044
1.01868
1.01692
1.01515
1.01337
1.01159
1.00979
1.00798
1.00616
1.00434
1.0025
1.00066
0.998803
0.99694
0.995068
0.993186
0.991295
0.989396
0.987487
0.985569
0.983642
0.981705
0.97976
0.977806
0.975842
0.97387
0.971889
0.969898
0.967899
0.965891
0.963873
0.961847
0.959812
0.957768
0.955716
0.953654
0.951584
0.949505
0.947417
0.94532
0.943214
0.9411
0.938977
0.936846
0.934705
0.932556
0.930399
0.928233
0.926058
0.923874
0.921683
0.919482
0.917273
0.915056
0.91283
0.910595
0.908353
0.906101
0.903842
0.901574
0.899297
0.897013
0.89472
0.892418
0.890109
0.887791
0.885465
0.88313
0.880788
0.878437
0.876078
0.873711
0.871336
0.868953
0.866562
0.864163
0.861756
0.85934
0.856917
0.854486
0.852047
0.849599
0.847144
0.844682
0.842211
0.839732
0.837246
0.834752
0.83225
0.82974
0.827223
0.824698
0.822165
0.819625
0.817077
0.814521
0.811958
0.809388
0.806809
0.804224
0.80163
0.79903
0.796421
0.793806
0.791183
0.788552
0.785915
0.78327
0.780617
0.777958
0.775291
0.772617
0.769935
0.767247
0.764551
0.761849
0.759139
0.756422
0.753698
0.750967
0.748228
0.745483
0.742731
0.739972
0.737206
0.734434
0.731654
0.728868
0.726074
0.723274
0.720467
0.717654
0.714833
0.712006
0.709173
0.706332
0.703485
0.700632
0.697772
0.694905
0.692032
0.689153
0.686267
0.683374
0.680475
0.67757
0.674658
0.67174
0.668816
0.665886
0.662949
0.660006
0.657057
0.654101
0.65114
0.648172
0.645198
0.642218
0.639233
0.636241
0.633243
0.630239
0.62723
0.624214
0.621192
0.618165
0.615132
0.612093
0.609048
0.605998
0.602942
0.59988
0.596812
0.593739
0.590661
0.587576
0.584486
0.581391
0.57829
0.575184
0.572072
0.568955
0.565832
0.562704
0.559571
0.556433
0.553289
0.55014
0.546986
0.543826
0.540662
0.537492
0.534317
0.531138
0.527953
0.524763
0.521568
0.518368
0.515164
0.511954
0.508739
0.50552
0.502296
0.499067
0.495834
0.492595
0.489352
0.486104
0.482852
0.479595
0.476334
0.473068
0.469797
0.466522
0.463242
0.459958
0.45667
0.453377
0.45008
0.446779
0.443474
0.440164
0.43685
0.433531
0.430209
0.426882
0.423552
0.420217
0.416878
0.413536
0.410189
0.406838
0.403484
0.400125
0.396763
0.393397
0.390027
0.386653
0.383276
0.379895
0.37651
0.373121
0.369729
0.366334
0.362935
0.359532
0.356126
0.352716
0.349303
0.345886
0.342467
0.339044
0.335617
0.332187
0.328754
0.325318
0.321879
0.318436
0.314991
0.311542
0.30809
0.304636
0.301178
0.297717
0.294253
0.290787
0.287318
0.283845
0.28037
0.276892
0.273412
0.269929
0.266443
0.262954
0.259463
0.255969
0.252473
0.248974
0.245473
0.241969
0.238463
0.234954
0.231443
0.22793
0.224414
0.220897
0.217377
0.213854
0.21033
0.206803
0.203275
0.199744
0.196211
0.192676
0.18914
0.185601
0.18206
0.178518
0.174974
0.171428
0.16788
0.16433
0.160779
0.157226
0.153671
0.150114
0.146557
0.142997
0.139436
0.135874
0.13231
0.128744
0.125177
0.121609
0.11804
0.114469
0.110897
0.107324
0.103749
0.100174
0.0965969
0.093019
0.0894401
0.0858601
0.0822791
0.0786972
0.0751143
0.0715305
0.0679459
0.0643604
0.060774
0.057187
0.0535991
0.0500106
0.0464214
0.0428315
0.039241
0.03565
0.0320583
0.0284662
0.0248736
0.0212806
0.0176871
0.0140933
0.0104991
0.00690453
0.00330973
0.000285331
0.00388061
0.00747608
0.0110717
0.0146674
0.0182633
0.0218592
0.0254551
0.029051
0.0326468
0.0362426
0.0398383
0.0434338
0.0470292
0.0506243
0.0542193
0.0578139
0.0614083
0.0650023
0.0685959
0.0721891
0.0757819
0.0793743
0.0829661
0.0865574
0.0901481
0.0937383
0.0973278
0.100917
0.104505
0.108092
0.111679
0.115265
0.11885
0.122434
0.126017
0.129599
0.133181
0.136761
0.140341
0.143919
0.147496
0.151072
0.154647
0.158221
0.161793
0.165365
0.168935
0.172503
0.176071
0.179637
0.183201
0.186764
0.190326
0.193886
0.197444
0.201001
0.204557
0.20811
0.211662
0.215213
0.218761
0.222308
0.225853
0.229396
0.232938
0.236477
0.240014
0.24355
0.247083
0.250615
0.254144
0.257671
0.261197
0.26472
0.26824
0.271759
0.275275
0.278789
0.282301
0.28581
0.289317
0.292822
0.296324
0.299824
0.303321
0.306815
0.310307
0.313797
0.317283
0.320767
0.324249
0.327727
0.331203
0.334676
0.338146
0.341613
0.345078
0.348539
0.351998
0.355453
0.358906
0.362355
0.365802
0.369245
0.372685
0.376122
0.379556
0.382986
0.386413
0.389837
0.393258
0.396675
0.400089
0.403499
0.406906
0.410309
0.413709
0.417105
0.420498
0.423887
0.427272
0.430654
0.434032
0.437406
0.440777
0.444143
0.447506
0.450865
0.45422
0.457571
0.460918
0.464262
0.467601
0.470936
0.474267
0.477594
0.480917
0.484235
0.487549
0.49086
0.494165
0.497467
0.500764
0.504057
0.507346
0.51063
0.513909
0.517184
0.520455
0.523721
0.526983
0.53024
0.533492
0.536739
0.539982
0.543221
0.546454
0.549683
0.552907
0.556126
0.55934
0.562549
0.565753
0.568953
0.572147
0.575337
0.578521
0.5817
0.584874
0.588043
0.591207
0.594366
0.597519
0.600668
0.603811
0.606948
0.61008
0.613207
0.616329
0.619445
0.622556
0.625661
0.62876
0.631855
0.634943
0.638026
0.641103
0.644175
0.647241
0.650301
0.653356
0.656405
0.659448
0.662485
0.665516
0.668542
0.671561
0.674575
0.677583
0.680584
0.68358
0.686569
0.689553
0.69253
0.695502
0.698467
0.701426
0.704379
0.707325
0.710265
0.713199
0.716127
0.719048
0.721963
0.724872
0.727774
0.73067
0.733559
0.736442
0.739318
0.742187
0.74505
0.747907
0.750756
0.7536
0.756436
0.759266
0.762089
0.764905
0.767714
0.770517
0.773312
0.776101
0.778883
0.781658
0.784426
0.787187
0.789941
0.792688
0.795428
0.798161
0.800887
0.803606
0.806317
0.809021
0.811719
0.814409
0.817091
0.819767
0.822435
0.825095
0.827749
0.830395
0.833033
0.835664
0.838288
0.840904
0.843513
0.846114
0.848708
0.851294
0.853873
0.856443
0.859007
0.861562
0.86411
0.86665
0.869183
0.871707
0.874224
0.876733
0.879234
0.881728
0.884213
0.886691
0.88916
0.891622
0.894076
0.896521
0.898959
0.901389
0.90381
0.906224
0.908629
0.911026
0.913416
0.915796
0.918169
0.920534
0.92289
0.925238
0.927578
0.929909
0.932232
0.934547
0.936853
0.939151
0.941441
0.943722
0.945994
0.948259
0.950514
0.952761
0.955
0.95723
0.959451
0.961664
0.963868
0.966064
0.968251
0.970429
0.972598
0.974759
0.976911
0.979054
0.981189
0.983315
0.985431
0.987539
0.989638
0.991729
0.99381
0.995882
0.997946
1
1.00205
1.00408
1.00611
1.00813
1.01014
1.01214
1.01413
1.01611
1.01808
1.02005
1.022
1.02395
1.02588
1.02781
1.02973
1.03164
1.03353
1.03542
1.03731
1.03918
1.04104
1.04289
1.04473
1.04657
1.04839
1.05021
1.05201
1.05381
1.05559
1.05737
1.05914
1.0609
1.06264
1.06438
1.06611
1.06783
1.06954
1.07124
1.07293
1.07461
1.07628
1.07794
1.0796
1.08124
1.08287
1.08449
1.0861
1.08771
1.0893
1.09088
1.09246
1.09402
1.09557
1.09712
1.09865
1.10018
1.10169
1.10319
1.10469
1.10617
1.10765
1.10911
1.11056
1.11201
1.11344
1.11487
1.11628
1.11768
1.11908
1.12046
1.12183
1.1232
1.12455
1.12589
1.12723
1.12855
1.12986
1.13116
1.13246
1.13374
1.13501
1.13627
1.13752
1.13876
1.13999
1.14121
1.14242
1.14362
1.14481
1.14599
1.14716
1.14831
1.14946
1.1506
1.15172
1.15284
1.15395
1.15504
1.15613
1.1572
1.15826
1.15932
1.16036
1.16139
1.16242
1.16343
1.16443
1.16542
1.1664
1.16737
1.16832
1.16927
1.17021
1.17114
1.17205
1.17296
1.17385
1.17474
1.17561
1.17647
1.17733
1.17817
1.179
1.17982
1.18063
1.18143
1.18221
1.18299
1.18376
1.18451
1.18526
1.18599
1.18672
1.18743
1.18813
1.18882
1.1895
1.19017
1.19083
1.19148
1.19212
1.19274
1.19336
1.19396
1.19456
1.19514
1.19571
1.19627
1.19682
1.19736
1.19789
1.19841
1.19891
1.19941
1.19989
1.20037
1.20083
1.20128
1.20172
1.20216
1.20257
1.20298
1.20338
1.20377
1.20414
1.20451
1.20486
1.2052
1.20554
1.20586
1.20617
1.20647
1.20675
1.20703
1.2073
1.20755
1.20779
1.20803
1.20825
1.20846
1.20866
1.20885
1.20903
1.20919
1.20935
1.20949
1.20963
1.20975
1.20986
1.20996
1.21005
1.21013
1.2102
1.21026
1.2103
1.21034
1.21036
1.21037
1.21037
1.21036
1.21034
1.21031
1.21027
1.21022
1.21015
1.21008
1.20999
1.20989
1.20978
1.20966
1.20953
1.20939
1.20924
1.20907
1.2089
1.20871
1.20851
1.2083
1.20809
1.20785
1.20761
1.20736
1.2071
1.20682
1.20654
1.20624
1.20593
1.20562
1.20529
1.20495
1.20459
1.20423
1.20386
1.20347
1.20308
1.20267
1.20225
1.20183
1.20139
1.20094
1.20047
1.2
1.19952
1.19902
1.19852
1.198
1.19747
1.19694
1.19639
1.19583
1.19526
1.19467
1.19408
1.19348
1.19286
1.19224
1.1916
1.19095
1.19029
1.18962
1.18894
1.18825
1.18755
1.18684
1.18611
1.18538
1.18463
1.18388
1.18311
1.18233
1.18154
1.18074
1.17993
1.17911
1.17828
1.17744
1.17658
1.17572
1.17484
1.17396
1.17306
1.17215
1.17124
1.17031
1.16937
1.16842
1.16746
1.16648
1.1655
1.16451
1.1635
1.16249
1.16146
1.16043
1.15938
1.15832
1.15726
1.15618
1.15509
1.15399
1.15288
1.15176
1.15063
1.14948
1.14833
1.14717
1.14599
1.14481
1.14362
1.14241
1.14119
1.13997
1.13873
1.13748
1.13623
1.13496
1.13368
1.13239
1.13109
1.12978
1.12846
1.12713
1.12579
1.12444
1.12308
1.12171
1.12032
1.11893
1.11753
1.11612
1.11469
1.11326
1.11181
1.11036
1.1089
1.10742
1.10594
1.10444
1.10294
1.10142
1.0999
1.09836
1.09681
1.09526
1.09369
1.09212
1.09053
1.08893
1.08733
1.08571
1.08409
1.08245
1.0808
1.07915
1.07748
1.07581
1.07412
1.07242
1.07072
1.069
1.06728
1.06554
1.0638
1.06204
1.06028
1.0585
1.05672
1.05493
1.05312
1.05131
1.04949
1.04765
1.04581
1.04396
1.0421
1.04022
1.03834
1.03645
1.03455
1.03264
1.03072
1.02879
1.02686
1.02491
1.02295
1.02098
1.01901
1.01702
1.01503
1.01302
1.01101
1.00899
1.00695
1.00491
1.00286
1.0008
0.99873
0.996651
0.994563
0.992466
0.990359
0.988244
0.986119
0.983985
0.981842
0.979689
0.977528
0.975358
0.973178
0.97099
0.968793
0.966586
0.964371
0.962147
0.959913
0.957671
0.95542
0.95316
0.950892
0.948614
0.946328
0.944033
0.941729
0.939416
0.937095
0.934765
0.932426
0.930079
0.927723
0.925358
0.922985
0.920603
0.918213
0.915814
0.913406
0.91099
0.908566
0.906133
0.903692
0.901242
0.898784
0.896318
0.893843
0.89136
0.888869
0.886369
0.883862
0.881345
0.878821
0.876289
0.873748
0.871199
0.868642
0.866077
0.863504
0.860923
0.858334
0.855737
0.853132
0.850519
0.847898
0.845269
0.842632
0.839988
0.837335
0.834675
0.832007
0.829331
0.826647
0.823956
0.821257
0.81855
0.815836
0.813114
0.810385
0.807648
0.804903
0.802151
0.799391
0.796624
0.793849
0.791067
0.788278
0.785481
0.782677
0.779865
0.777047
0.774221
0.771387
0.768547
0.765699
0.762844
0.759982
0.757113
0.754237
0.751353
0.748463
0.745566
0.742661
0.73975
0.736832
0.733906
0.730974
0.728035
0.725089
0.722137
0.719177
0.716211
0.713238
0.710259
0.707272
0.704279
0.70128
0.698274
0.695261
0.692242
0.689216
0.686184
0.683145
0.6801
0.677048
0.67399
0.670926
0.667855
0.664778
0.661695
0.658606
0.65551
0.652408
0.6493
0.646186
0.643066
0.63994
0.636807
0.633669
0.630524
0.627374
0.624218
0.621056
0.617888
0.614714
0.611534
0.608349
0.605157
0.60196
0.598758
0.595549
0.592335
0.589116
0.58589
0.582659
0.579423
0.576181
0.572934
0.569681
0.566423
0.563159
0.559891
0.556616
0.553337
0.550052
0.546762
0.543467
0.540166
0.536861
0.53355
0.530234
0.526913
0.523587
0.520257
0.516921
0.51358
0.510234
0.506884
0.503528
0.500168
0.496803
0.493433
0.490058
0.486679
0.483295
0.479907
0.476514
0.473116
0.469714
0.466307
0.462896
0.45948
0.45606
0.452635
0.449206
0.445773
0.442336
0.438894
0.435448
0.431998
0.428543
0.425085
0.421622
0.418155
0.414685
0.41121
0.407731
0.404248
0.400762
0.397271
0.393777
0.390278
0.386776
0.38327
0.379761
0.376248
0.372731
0.36921
0.365686
0.362158
0.358627
0.355092
0.351554
0.348012
0.344467
0.340919
0.337367
0.333812
0.330253
0.326691
0.323126
0.319558
0.315987
0.312413
0.308835
0.305254
0.301671
0.298084
0.294495
0.290902
0.287307
0.283709
0.280107
0.276504
0.272897
0.269287
0.265675
0.262061
0.258443
0.254823
0.251201
0.247575
0.243948
0.240318
0.236685
0.23305
0.229413
0.225773
0.222131
0.218487
0.214841
0.211192
0.207541
0.203888
0.200233
0.196576
0.192916
0.189255
0.185592
0.181927
0.17826
0.174591
0.17092
0.167247
0.163573
0.159897
0.156219
0.152539
0.148858
0.145176
0.141491
0.137805
0.134118
0.130429
0.126739
0.123047
0.119354
0.115659
0.111964
0.108267
0.104568
0.100869
0.0971682
0.0934664
0.0897635
0.0860595
0.0823545
0.0786485
0.0749415
0.0712335
0.0675247
0.063815
0.0601045
0.0563931
0.052681
0.0489681
0.0452546
0.0415403
0.0378255
0.03411
0.030394
0.0266774
0.0229604
0.0192429
0.0155249
0.0118065
0.00808783
0.00436878
0.000649437
0.00307017
0.00679
0.01051
0.0142302
0.0179505
0.021671
0.0253914
0.0291119
0.0328324
0.0365528
0.0402732
0.0439935
0.0477136
0.0514335
0.0551532
0.0588727
0.0625919
0.0663108
0.0700293
0.0737475
0.0774652
0.0811825
0.0848993
0.0886156
0.0923313
0.0960464
0.099761
0.103475
0.107188
0.110901
0.114612
0.118323
0.122033
0.125742
0.129451
0.133158
0.136865
0.14057
0.144275
0.147978
0.15168
0.155382
0.159082
0.16278
0.166478
0.170174
0.173869
0.177563
0.181255
0.184946
0.188636
0.192324
0.196011
0.199696
0.203379
0.207061
0.210741
0.21442
0.218097
0.221772
0.225445
0.229117
0.232786
0.236454
0.24012
0.243784
0.247446
0.251106
0.254764
0.25842
0.262074
0.265726
0.269375
0.273023
0.276668
0.28031
0.283951
0.287589
0.291225
0.294858
0.298489
0.302118
0.305744
0.309367
0.312988
0.316607
0.320222
0.323835
0.327446
0.331053
0.334658
0.33826
0.341859
0.345455
0.349049
0.352639
0.356227
0.359811
0.363393
0.366971
0.370546
0.374118
0.377687
0.381253
0.384816
0.388375
0.391931
0.395484
0.399033
0.402579
0.406122
0.409661
0.413196
0.416728
0.420257
0.423782
0.427303
0.430821
0.434335
0.437845
0.441352
0.444854
0.448353
0.451848
0.455339
0.458827
0.46231
0.465789
0.469265
0.472736
0.476203
0.479667
0.483126
0.48658
0.490031
0.493478
0.49692
0.500358
0.503791
0.50722
0.510645
0.514066
0.517482
0.520893
0.5243
0.527703
0.5311
0.534494
0.537882
0.541266
0.544646
0.54802
0.55139
0.554755
0.558115
0.56147
0.564821
0.568166
0.571507
0.574842
0.578173
0.581498
0.584819
0.588134
0.591444
0.594749
0.598049
0.601344
0.604633
0.607917
0.611196
0.61447
0.617738
0.621
0.624258
0.627509
0.630756
0.633997
0.637232
0.640461
0.643685
0.646904
0.650116
0.653323
0.656525
0.65972
0.66291
0.666094
0.669272
0.672444
0.67561
0.678771
0.681925
0.685073
0.688216
0.691352
0.694482
0.697606
0.700724
0.703836
0.706941
0.710041
0.713134
0.716221
0.719301
0.722375
0.725443
0.728504
0.731559
0.734608
0.73765
0.740685
0.743714
0.746737
0.749752
0.752762
0.755764
0.75876
0.761749
0.764731
0.767707
0.770676
0.773638
0.776593
0.779541
0.782483
0.785417
0.788345
0.791265
0.794179
0.797085
0.799985
0.802877
0.805762
0.80864
0.811511
0.814375
0.817231
0.82008
0.822922
0.825757
0.828584
0.831404
0.834217
0.837022
0.83982
0.84261
0.845393
0.848168
0.850936
0.853696
0.856449
0.859194
0.861931
0.864661
0.867383
0.870097
0.872803
0.875502
0.878193
0.880876
0.883552
0.886219
0.888878
0.89153
0.894174
0.896809
0.899437
0.902057
0.904669
0.907272
0.909868
0.912455
0.915034
0.917605
0.920168
0.922723
0.92527
0.927808
0.930338
0.932859
0.935373
0.937878
0.940374
0.942862
0.945342
0.947813
0.950276
0.952731
0.955176
0.957614
0.960043
0.962463
0.964874
0.967277
0.969671
0.972057
0.974434
0.976802
0.979162
0.981512
0.983854
0.986187
0.988512
0.990827
0.993134
0.995431
0.99772
1
1.00227
1.00453
1.00679
1.00903
1.01126
1.01349
1.01571
1.01791
1.02011
1.0223
1.02448
1.02665
1.02882
1.03097
1.03311
1.03524
1.03737
1.03949
1.04159
1.04369
1.04578
1.04785
1.04992
1.05198
1.05403
1.05607
1.0581
1.06012
1.06213
1.06414
1.06613
1.06811
1.07009
1.07205
1.074
1.07595
1.07788
1.07981
1.08172
1.08363
1.08553
1.08741
1.08929
1.09116
1.09301
1.09486
1.0967
1.09852
1.10034
1.10215
1.10395
1.10573
1.10751
1.10928
1.11104
1.11278
1.11452
1.11625
1.11797
1.11967
1.12137
1.12306
1.12474
1.1264
1.12806
1.12971
1.13134
1.13297
1.13459
1.13619
1.13779
1.13937
1.14095
1.14251
1.14407
1.14561
1.14715
1.14867
1.15018
1.15169
1.15318
1.15466
1.15613
1.15759
1.15904
1.16048
1.16191
1.16333
1.16474
1.16614
1.16753
1.16891
1.17027
1.17163
1.17297
1.17431
1.17563
1.17695
1.17825
1.17954
1.18082
1.18209
1.18335
1.1846
1.18584
1.18707
1.18829
1.18949
1.19069
1.19188
1.19305
1.19421
1.19537
1.19651
1.19764
1.19876
1.19987
1.20097
1.20206
1.20313
1.2042
1.20525
1.2063
1.20733
1.20835
1.20936
1.21036
1.21135
1.21233
1.2133
1.21426
1.2152
1.21614
1.21706
1.21797
1.21887
1.21976
1.22064
1.22151
1.22237
1.22321
1.22405
1.22487
1.22568
1.22649
1.22728
1.22806
1.22882
1.22958
1.23033
1.23106
1.23178
1.2325
1.2332
1.23389
1.23457
1.23523
1.23589
1.23654
1.23717
1.23779
1.2384
1.239
1.23959
1.24017
1.24074
1.24129
1.24184
1.24237
1.24289
1.2434
1.2439
1.24438
1.24486
1.24533
1.24578
1.24622
1.24665
1.24707
1.24748
1.24788
1.24826
1.24864
1.249
1.24935
1.24969
1.25002
1.25033
1.25064
1.25093
1.25122
1.25149
1.25175
1.252
1.25224
1.25246
1.25268
1.25288
1.25307
1.25325
1.25342
1.25358
1.25372
1.25386
1.25398
1.25409
1.25419
1.25428
1.25436
1.25443
1.25448
1.25453
1.25456
1.25458
1.25459
1.25458
1.25457
1.25455
1.25451
1.25446
1.2544
1.25433
1.25425
1.25415
1.25405
1.25393
1.2538
1.25366
1.25351
1.25335
1.25317
1.25299
1.25279
1.25258
1.25236
1.25213
1.25189
1.25164
1.25137
1.25109
1.2508
1.2505
1.25019
1.24987
1.24954
1.24919
1.24883
1.24847
1.24809
1.24769
1.24729
1.24688
1.24645
1.24602
1.24557
1.24511
1.24464
1.24415
1.24366
1.24316
1.24264
1.24211
1.24157
1.24102
1.24046
1.23989
1.2393
1.23871
1.2381
1.23748
1.23685
1.23621
1.23556
1.23489
1.23422
1.23353
1.23283
1.23212
1.2314
1.23067
1.22993
1.22917
1.22841
1.22763
1.22684
1.22604
1.22523
1.22441
1.22358
1.22273
1.22188
1.22101
1.22013
1.21925
1.21835
1.21743
1.21651
1.21558
1.21463
1.21368
1.21271
1.21173
1.21074
1.20974
1.20873
1.20771
1.20667
1.20563
1.20457
1.20351
1.20243
1.20134
1.20024
1.19913
1.19801
1.19687
1.19573
1.19457
1.19341
1.19223
1.19104
1.18984
1.18863
1.18741
1.18618
1.18494
1.18368
1.18242
1.18114
1.17986
1.17856
1.17725
1.17593
1.1746
1.17326
1.17191
1.17055
1.16918
1.16779
1.1664
1.165
1.16358
1.16215
1.16072
1.15927
1.15781
1.15634
1.15486
1.15337
1.15187
1.15036
1.14884
1.1473
1.14576
1.14421
1.14264
1.14107
1.13948
1.13788
1.13628
1.13466
1.13303
1.13139
1.12975
1.12809
1.12642
1.12474
1.12305
1.12135
1.11964
1.11792
1.11618
1.11444
1.11269
1.11093
1.10916
1.10737
1.10558
1.10378
1.10196
1.10014
1.09831
1.09646
1.09461
1.09274
1.09087
1.08899
1.08709
1.08519
1.08327
1.08135
1.07941
1.07747
1.07551
1.07355
1.07157
1.06959
1.0676
1.06559
1.06358
1.06155
1.05952
1.05748
1.05542
1.05336
1.05129
1.04921
1.04711
1.04501
1.0429
1.04078
1.03865
1.03651
1.03436
1.0322
1.03003
1.02785
1.02566
1.02346
1.02125
1.01904
1.01681
1.01458
1.01233
1.01008
1.00781
1.00554
1.00326
1.00096
0.998663
0.996352
0.994032
0.991703
0.989365
0.987017
0.984661
0.982295
0.97992
0.977536
0.975143
0.97274
0.970329
0.967909
0.965479
0.963041
0.960594
0.958138
0.955673
0.953199
0.950716
0.948224
0.945723
0.943214
0.940696
0.938169
0.935633
0.933089
0.930536
0.927974
0.925403
0.922824
0.920237
0.91764
0.915036
0.912422
0.9098
0.90717
0.904531
0.901884
0.899228
0.896564
0.893892
0.891211
0.888522
0.885824
0.883119
0.880405
0.877683
0.874952
0.872214
0.869467
0.866712
0.863949
0.861178
0.858399
0.855612
0.852816
0.850013
0.847202
0.844383
0.841556
0.838721
0.835878
0.833028
0.83017
0.827303
0.82443
0.821548
0.818659
0.815762
0.812857
0.809945
0.807025
0.804097
0.801162
0.79822
0.79527
0.792312
0.789347
0.786375
0.783395
0.780408
0.777413
0.774411
0.771402
0.768386
0.765362
0.762332
0.759294
0.756248
0.753196
0.750137
0.74707
0.743997
0.740917
0.737829
0.734735
0.731633
0.728525
0.72541
0.722288
0.719159
0.716024
0.712881
0.709732
0.706576
0.703414
0.700245
0.697069
0.693887
0.690698
0.687502
0.6843
0.681092
0.677877
0.674656
0.671428
0.668194
0.664954
0.661707
0.658454
0.655195
0.651929
0.648658
0.64538
0.642096
0.638806
0.63551
0.632207
0.628899
0.625585
0.622265
0.618939
0.615607
0.612269
0.608926
0.605576
0.602221
0.59886
0.595493
0.592121
0.588743
0.58536
0.58197
0.578576
0.575175
0.571769
0.568358
0.564941
0.561519
0.558092
0.554659
0.551221
0.547777
0.544329
0.540875
0.537416
0.533951
0.530482
0.527007
0.523528
0.520043
0.516554
0.513059
0.50956
0.506055
0.502546
0.499032
0.495513
0.491989
0.48846
0.484927
0.481389
0.477847
0.474299
0.470748
0.467191
0.46363
0.460065
0.456495
0.452921
0.449342
0.445759
0.442172
0.43858
0.434984
0.431384
0.427779
0.424171
0.420558
0.416941
0.41332
0.409695
0.406066
0.402434
0.398797
0.395156
0.391511
0.387863
0.38421
0.380554
0.376894
0.373231
0.369564
0.365893
0.362218
0.35854
0.354858
0.351173
0.347485
0.343793
0.340097
0.336398
0.332696
0.32899
0.325282
0.321569
0.317854
0.314136
0.310414
0.306689
0.302962
0.299231
0.295497
0.29176
0.28802
0.284278
0.280532
0.276784
0.273032
0.269278
0.265522
0.261762
0.258
0.254235
0.250468
0.246698
0.242926
0.239151
0.235373
0.231593
0.227811
0.224026
0.220239
0.21645
0.212659
0.208865
0.205069
0.201271
0.197471
0.193668
0.189864
0.186058
0.182249
0.178439
0.174627
0.170813
0.166997
0.163179
0.159359
0.155538
0.151715
0.14789
0.144064
0.140236
0.136406
0.132575
0.128743
0.124909
0.121073
0.117237
0.113398
0.109559
0.105718
0.101876
0.0980326
0.0941882
0.0903425
0.0864958
0.0826479
0.078799
0.0749492
0.0710983
0.0672465
0.0633937
0.0595402
0.0556857
0.0518305
0.0479745
0.0441178
0.0402603
0.0364022
0.0325435
0.0286842
0.0248243
0.020964
0.0171031
0.0132418
0.00938003
0.00551791
0.00165544
0.00220734
0.00607039
0.00993368
0.0137972
0.0176608
0.0215246
0.0253885
0.0292525
0.0331165
0.0369805
0.0408444
0.0447083
0.0485721
0.0524357
0.0562991
0.0601623
0.0640253
0.0678879
0.0717503
0.0756123
0.0794739
0.083335
0.0871957
0.0910559
0.0949156
0.0987747
0.102633
0.106491
0.110348
0.114205
0.11806
0.121915
0.125769
0.129623
0.133475
0.137327
0.141177
0.145027
0.148875
0.152723
0.156569
0.160414
0.164258
0.168101
0.171942
0.175783
0.179622
0.183459
0.187296
0.191131
0.194964
0.198796
0.202626
0.206455
0.210283
0.214108
0.217932
0.221755
0.225575
0.229394
0.233211
0.237026
0.240839
0.244651
0.24846
0.252268
0.256073
0.259877
0.263678
0.267477
0.271275
0.27507
0.278862
0.282653
0.286441
0.290227
0.29401
0.297791
0.30157
0.305346
0.30912
0.312891
0.31666
0.320426
0.324189
0.32795
0.331708
0.335464
0.339216
0.342966
0.346713
0.350457
0.354198
0.357936
0.361671
0.365404
0.369133
0.372859
0.376582
0.380302
0.384018
0.387732
0.391442
0.395149
0.398852
0.402553
0.40625
0.409943
0.413633
0.417319
0.421002
0.424682
0.428358
0.43203
0.435698
0.439363
0.443024
0.446682
0.450335
0.453985
0.457631
0.461273
0.464911
0.468545
0.472175
0.475802
0.479424
0.483042
0.486655
0.490265
0.493871
0.497472
0.501069
0.504662
0.50825
0.511834
0.515414
0.518989
0.52256
0.526126
0.529688
0.533245
0.536798
0.540346
0.543889
0.547428
0.550962
0.554491
0.558015
0.561535
0.56505
0.56856
0.572065
0.575565
0.57906
0.58255
0.586035
0.589515
0.592989
0.596459
0.599924
0.603383
0.606837
0.610286
0.613729
0.617168
0.6206
0.624028
0.62745
0.630866
0.634277
0.637683
0.641083
0.644477
0.647866
0.651249
0.654627
0.657999
0.661365
0.664725
0.668079
0.671428
0.674771
0.678108
0.681439
0.684764
0.688083
0.691396
0.694703
0.698004
0.701298
0.704587
0.707869
0.711146
0.714416
0.71768
0.720937
0.724188
0.727433
0.730672
0.733904
0.737129
0.740348
0.743561
0.746767
0.749967
0.753159
0.756346
0.759525
0.762698
0.765865
0.769024
0.772177
0.775323
0.778462
0.781595
0.78472
0.787839
0.79095
0.794055
0.797152
0.800243
0.803326
0.806403
0.809472
0.812534
0.815589
0.818637
0.821678
0.824711
0.827737
0.830756
0.833768
0.836772
0.839768
0.842757
0.845739
0.848714
0.85168
0.85464
0.857591
0.860535
0.863472
0.866401
0.869322
0.872235
0.875141
0.878039
0.880929
0.883812
0.886686
0.889553
0.892412
0.895263
0.898106
0.900941
0.903768
0.906587
0.909398
0.912201
0.914995
0.917782
0.920561
0.923331
0.926093
0.928847
0.931593
0.93433
0.937059
0.93978
0.942492
0.945196
0.947892
0.950579
0.953258
0.955928
0.95859
0.961243
0.963887
0.966523
0.969151
0.97177
0.97438
0.976981
0.979574
0.982158
0.984733
0.9873
0.989858
0.992407
0.994947
0.997478
1
1.00251
1.00502
1.00751
1.01
1.01248
1.01495
1.0174
1.01986
1.0223
1.02473
1.02715
1.02956
1.03197
1.03436
1.03675
1.03913
1.04149
1.04385
1.0462
1.04854
1.05087
1.05319
1.0555
1.05781
1.0601
1.06238
1.06465
1.06692
1.06917
1.07142
1.07365
1.07588
1.07809
1.0803
1.0825
1.08468
1.08686
1.08903
1.09118
1.09333
1.09547
1.0976
1.09972
1.10183
1.10392
1.10601
1.10809
1.11016
1.11222
1.11427
1.11631
1.11834
1.12036
1.12236
1.12436
1.12635
1.12833
1.1303
1.13226
1.13421
1.13614
1.13807
1.13999
1.1419
1.14379
1.14568
1.14756
1.14942
1.15128
1.15312
1.15496
1.15678
1.1586
1.1604
1.16219
1.16398
1.16575
1.16751
1.16926
1.171
1.17273
1.17445
1.17616
1.17786
1.17955
1.18123
1.18289
1.18455
1.1862
1.18783
1.18946
1.19107
1.19267
1.19426
1.19584
1.19741
1.19897
1.20052
1.20206
1.20359
1.2051
1.20661
1.2081
1.20959
1.21106
1.21252
1.21397
1.21541
1.21684
1.21826
1.21967
1.22106
1.22245
1.22382
1.22518
1.22654
1.22788
1.22921
1.23052
1.23183
1.23313
1.23441
1.23569
1.23695
1.2382
1.23944
1.24067
1.24189
1.2431
1.24429
1.24548
1.24665
1.24781
1.24896
1.2501
1.25123
1.25234
1.25345
1.25454
1.25563
1.2567
1.25776
1.25881
1.25984
1.26087
1.26188
1.26288
1.26388
1.26486
1.26582
1.26678
1.26773
1.26866
1.26958
1.27049
1.27139
1.27228
1.27316
1.27402
1.27488
1.27572
1.27655
1.27737
1.27817
1.27897
1.27975
1.28052
1.28129
1.28203
1.28277
1.2835
1.28421
1.28491
1.2856
1.28628
1.28695
1.28761
1.28825
1.28888
1.2895
1.29011
1.29071
1.2913
1.29187
1.29243
1.29298
1.29352
1.29405
1.29456
1.29507
1.29556
1.29604
1.29651
1.29696
1.29741
1.29784
1.29826
1.29867
1.29907
1.29945
1.29982
1.30019
1.30054
1.30087
1.3012
1.30151
1.30182
1.30211
1.30239
1.30265
1.30291
1.30315
1.30338
1.3036
1.30381
1.30401
1.30419
1.30436
1.30452
1.30467
1.30481
1.30493
1.30504
1.30515
1.30523
1.30531
1.30538
1.30543
1.30547
1.3055
1.30552
1.30552
1.30552
1.3055
1.30547
1.30543
1.30537
1.30531
1.30523
1.30514
1.30504
1.30492
1.3048
1.30466
1.30451
1.30435
1.30418
1.30399
1.3038
1.30359
1.30337
1.30313
1.30289
1.30263
1.30236
1.30208
1.30179
1.30149
1.30117
1.30085
1.30051
1.30015
1.29979
1.29942
1.29903
1.29863
1.29822
1.2978
1.29736
1.29691
1.29646
1.29599
1.2955
1.29501
1.2945
1.29399
1.29346
1.29292
1.29236
1.2918
1.29122
1.29063
1.29003
1.28942
1.2888
1.28816
1.28751
1.28685
1.28618
1.2855
1.2848
1.2841
1.28338
1.28265
1.28191
1.28115
1.28039
1.27961
1.27882
1.27802
1.27721
1.27638
1.27555
1.2747
1.27384
1.27297
1.27209
1.2712
1.27029
1.26937
1.26844
1.2675
1.26655
1.26559
1.26461
1.26362
1.26262
1.26161
1.26059
1.25956
1.25851
1.25746
1.25639
1.25531
1.25422
1.25311
1.252
1.25087
1.24974
1.24859
1.24743
1.24626
1.24507
1.24388
1.24267
1.24145
1.24023
1.23898
1.23773
1.23647
1.2352
1.23391
1.23261
1.2313
1.22998
1.22865
1.22731
1.22596
1.22459
1.22321
1.22183
1.22043
1.21902
1.2176
1.21616
1.21472
1.21326
1.2118
1.21032
1.20883
1.20733
1.20582
1.2043
1.20277
1.20122
1.19967
1.1981
1.19652
1.19493
1.19333
1.19172
1.1901
1.18847
1.18683
1.18517
1.18351
1.18183
1.18014
1.17845
1.17674
1.17502
1.17329
1.17154
1.16979
1.16803
1.16626
1.16447
1.16268
1.16087
1.15905
1.15722
1.15539
1.15354
1.15168
1.14981
1.14793
1.14603
1.14413
1.14222
1.1403
1.13836
1.13642
1.13446
1.1325
1.13052
1.12853
1.12654
1.12453
1.12251
1.12048
1.11844
1.1164
1.11434
1.11227
1.11019
1.1081
1.106
1.10389
1.10176
1.09963
1.09749
1.09534
1.09318
1.09101
1.08882
1.08663
1.08443
1.08222
1.08
1.07776
1.07552
1.07327
1.07101
1.06873
1.06645
1.06416
1.06186
1.05955
1.05722
1.05489
1.05255
1.0502
1.04784
1.04547
1.04309
1.0407
1.0383
1.03589
1.03347
1.03104
1.0286
1.02615
1.0237
1.02123
1.01875
1.01627
1.01377
1.01127
1.00875
1.00623
1.00369
1.00115
0.998599
0.996038
0.993468
0.990888
0.988299
0.985701
0.983093
0.980477
0.977851
0.975216
0.972572
0.969919
0.967256
0.964585
0.961905
0.959216
0.956518
0.95381
0.951094
0.948369
0.945636
0.942893
0.940141
0.937381
0.934612
0.931834
0.929048
0.926252
0.923448
0.920636
0.917815
0.914985
0.912146
0.909299
0.906444
0.90358
0.900707
0.897827
0.894937
0.892039
0.889133
0.886219
0.883296
0.880365
0.877426
0.874478
0.871522
0.868558
0.865586
0.862606
0.859618
0.856621
0.853616
0.850604
0.847583
0.844555
0.841518
0.838474
0.835421
0.832361
0.829293
0.826217
0.823134
0.820042
0.816943
0.813836
0.810722
0.807599
0.80447
0.801332
0.798187
0.795035
0.791875
0.788707
0.785532
0.78235
0.77916
0.775963
0.772758
0.769547
0.766328
0.763101
0.759868
0.756627
0.753379
0.750124
0.746862
0.743592
0.740316
0.737033
0.733742
0.730445
0.727141
0.72383
0.720512
0.717187
0.713855
0.710517
0.707171
0.703819
0.700461
0.697095
0.693724
0.690345
0.68696
0.683568
0.68017
0.676765
0.673354
0.669937
0.666513
0.663082
0.659646
0.656203
0.652754
0.649298
0.645836
0.642369
0.638895
0.635415
0.631928
0.628436
0.624938
0.621434
0.617923
0.614407
0.610885
0.607357
0.603824
0.600284
0.596739
0.593188
0.589631
0.586069
0.582501
0.578927
0.575348
0.571763
0.568173
0.564577
0.560976
0.557369
0.553757
0.55014
0.546517
0.542889
0.539256
0.535617
0.531974
0.528325
0.524671
0.521012
0.517348
0.513679
0.510005
0.506326
0.502642
0.498953
0.495259
0.491561
0.487857
0.484149
0.480436
0.476719
0.472997
0.46927
0.465539
0.461803
0.458062
0.454317
0.450568
0.446814
0.443056
0.439293
0.435526
0.431755
0.42798
0.4242
0.420416
0.416628
0.412836
0.40904
0.40524
0.401436
0.397628
0.393815
0.389999
0.386179
0.382356
0.378528
0.374697
0.370861
0.367023
0.36318
0.359334
0.355484
0.351631
0.347774
0.343914
0.34005
0.336183
0.332312
0.328439
0.324561
0.320681
0.316797
0.31291
0.30902
0.305126
0.30123
0.297331
0.293428
0.289522
0.285614
0.281702
0.277788
0.273871
0.269951
0.266028
0.262102
0.258174
0.254243
0.25031
0.246373
0.242434
0.238493
0.234549
0.230603
0.226654
0.222703
0.218749
0.214793
0.210835
0.206875
0.202912
0.198947
0.19498
0.191011
0.18704
0.183067
0.179092
0.175115
0.171136
0.167155
0.163172
0.159187
0.155201
0.151212
0.147222
0.143231
0.139238
0.135243
0.131246
0.127248
0.123249
0.119248
0.115246
0.111242
0.107237
0.10323
0.0992226
0.0952137
0.0912035
0.0871922
0.0831798
0.0791662
0.0751516
0.071136
0.0671194
0.0631018
0.0590834
0.055064
0.0510438
0.0470228
0.043001
0.0389785
0.0349553
0.0309315
0.026907
0.0228819
0.0188563
0.0148302
0.0108036
0.00677655
0.0027491
0.00127871
0.00530685
0.00933528
0.013364
0.0173929
0.021422
0.0254512
0.0294805
0.03351
0.0375394
0.0415689
0.0455983
0.0496276
0.0536568
0.0576859
0.0617148
0.0657435
0.0697719
0.0738
0.0778278
0.0818552
0.0858823
0.0899088
0.0939349
0.0979605
0.101986
0.10601
0.110034
0.114057
0.118079
0.122101
0.126122
0.130142
0.134161
0.13818
0.142197
0.146214
0.150229
0.154244
0.158257
0.16227
0.166281
0.170291
0.1743
0.178307
0.182314
0.186319
0.190322
0.194324
0.198325
0.202325
0.206322
0.210319
0.214313
0.218306
0.222298
0.226288
0.230276
0.234262
0.238246
0.242229
0.24621
0.250188
0.254165
0.25814
0.262113
0.266084
0.270053
0.274019
0.277984
0.281946
0.285906
0.289864
0.29382
0.297773
0.301723
0.305672
0.309618
0.313561
0.317502
0.32144
0.325376
0.329309
0.333239
0.337167
0.341092
0.345014
0.348934
0.35285
0.356764
0.360675
0.364583
0.368487
0.372389
0.376288
0.380183
0.384076
0.387965
0.391851
0.395734
0.399614
0.40349
0.407363
0.411232
0.415099
0.418961
0.42282
0.426676
0.430528
0.434377
0.438222
0.442063
0.4459
0.449734
0.453564
0.45739
0.461212
0.465031
0.468845
0.472656
0.476463
0.480265
0.484064
0.487858
0.491649
0.495435
0.499217
0.502994
0.506768
0.510537
0.514302
0.518062
0.521818
0.52557
0.529317
0.53306
0.536798
0.540532
0.544261
0.547985
0.551704
0.555419
0.55913
0.562835
0.566535
0.570231
0.573922
0.577608
0.581289
0.584965
0.588636
0.592302
0.595963
0.599618
0.603269
0.606914
0.610554
0.614189
0.617819
0.621443
0.625062
0.628676
0.632284
0.635886
0.639484
0.643075
0.646661
0.650242
0.653817
0.657386
0.660949
0.664507
0.668059
0.671606
0.675146
0.678681
0.682209
0.685732
0.689249
0.69276
0.696265
0.699764
0.703256
0.706743
0.710223
0.713698
0.717166
0.720628
0.724083
0.727533
0.730975
0.734412
0.737842
0.741266
0.744683
0.748094
0.751498
0.754896
0.758287
0.761672
0.765049
0.76842
0.771785
0.775143
0.778493
0.781838
0.785175
0.788505
0.791829
0.795145
0.798455
0.801757
0.805053
0.808341
0.811623
0.814897
0.818164
0.821424
0.824677
0.827922
0.831161
0.834392
0.837615
0.840832
0.84404
0.847242
0.850436
0.853622
0.856801
0.859973
0.863137
0.866293
0.869442
0.872583
0.875716
0.878842
0.88196
0.88507
0.888172
0.891267
0.894353
0.897432
0.900503
0.903566
0.906621
0.909668
0.912706
0.915737
0.91876
0.921775
0.924781
0.927779
0.930769
0.933751
0.936725
0.93969
0.942647
0.945596
0.948536
0.951468
0.954392
0.957307
0.960213
0.963111
0.966001
0.968882
0.971754
0.974618
0.977473
0.98032
0.983157
0.985986
0.988807
0.991618
0.994421
0.997215
1
1.00278
1.00554
1.0083
1.01105
1.01379
1.01652
1.01925
1.02196
1.02466
1.02736
1.03004
1.03272
1.03539
1.03805
1.0407
1.04334
1.04597
1.04859
1.0512
1.0538
1.0564
1.05898
1.06155
1.06412
1.06668
1.06922
1.07176
1.07428
1.0768
1.07931
1.08181
1.0843
1.08678
1.08924
1.0917
1.09415
1.09659
1.09902
1.10144
1.10385
1.10626
1.10865
1.11103
1.1134
1.11576
1.11811
1.12045
1.12278
1.1251
1.12741
1.12971
1.132
1.13429
1.13656
1.13882
1.14107
1.14331
1.14554
1.14776
1.14996
1.15216
1.15435
1.15653
1.1587
1.16086
1.163
1.16514
1.16727
1.16938
1.17149
1.17358
1.17567
1.17774
1.1798
1.18186
1.1839
1.18593
1.18795
1.18996
1.19196
1.19395
1.19593
1.19789
1.19985
1.2018
1.20373
1.20565
1.20757
1.20947
1.21136
1.21324
1.21511
1.21697
1.21882
1.22066
1.22248
1.2243
1.2261
1.22789
1.22968
1.23145
1.23321
1.23496
1.23669
1.23842
1.24014
1.24184
1.24353
1.24522
1.24689
1.24855
1.25019
1.25183
1.25346
1.25507
1.25667
1.25827
1.25985
1.26142
1.26297
1.26452
1.26605
1.26758
1.26909
1.27059
1.27208
1.27356
1.27502
1.27648
1.27792
1.27935
1.28077
1.28218
1.28358
1.28497
1.28634
1.2877
1.28905
1.29039
1.29172
1.29304
1.29434
1.29563
1.29691
1.29818
1.29944
1.30068
1.30192
1.30314
1.30435
1.30555
1.30674
1.30791
1.30907
1.31022
1.31136
1.31249
1.31361
1.31471
1.3158
1.31688
1.31795
1.31901
1.32005
1.32108
1.3221
1.32311
1.32411
1.32509
1.32606
1.32702
1.32797
1.32891
1.32983
1.33075
1.33165
1.33253
1.33341
1.33427
1.33513
1.33597
1.33679
1.33761
1.33841
1.3392
1.33998
1.34075
1.3415
1.34225
1.34298
1.3437
1.3444
1.3451
1.34578
1.34645
1.3471
1.34775
1.34838
1.349
1.34961
1.35021
1.35079
1.35136
1.35192
1.35247
1.353
1.35353
1.35404
1.35453
1.35502
1.35549
1.35595
1.3564
1.35684
1.35726
1.35767
1.35807
1.35846
1.35883
1.3592
1.35955
1.35988
1.36021
1.36052
1.36082
1.36111
1.36139
1.36165
1.3619
1.36214
1.36236
1.36258
1.36278
1.36297
1.36314
1.36331
1.36346
1.3636
1.36372
1.36384
1.36394
1.36403
1.36411
1.36417
1.36422
1.36426
1.36429
1.36431
1.36431
1.3643
1.36427
1.36424
1.36419
1.36413
1.36406
1.36398
1.36388
1.36377
1.36365
1.36351
1.36336
1.36321
1.36303
1.36285
1.36265
1.36244
1.36222
1.36199
1.36174
1.36148
1.36121
1.36093
1.36063
1.36032
1.36
1.35967
1.35932
1.35896
1.35859
1.35821
1.35781
1.3574
1.35698
1.35655
1.35611
1.35565
1.35518
1.3547
1.3542
1.35369
1.35317
1.35264
1.3521
1.35154
1.35097
1.35039
1.3498
1.34919
1.34857
1.34794
1.3473
1.34664
1.34597
1.34529
1.3446
1.34389
1.34318
1.34245
1.3417
1.34095
1.34018
1.3394
1.33861
1.33781
1.33699
1.33617
1.33533
1.33447
1.33361
1.33273
1.33184
1.33094
1.33003
1.3291
1.32816
1.32721
1.32625
1.32528
1.32429
1.32329
1.32228
1.32126
1.32022
1.31917
1.31811
1.31704
1.31596
1.31486
1.31375
1.31263
1.3115
1.31036
1.3092
1.30803
1.30685
1.30566
1.30446
1.30324
1.30201
1.30077
1.29952
1.29825
1.29698
1.29569
1.29439
1.29308
1.29175
1.29042
1.28907
1.28771
1.28634
1.28495
1.28356
1.28215
1.28073
1.2793
1.27786
1.27641
1.27494
1.27346
1.27197
1.27047
1.26896
1.26743
1.2659
1.26435
1.26279
1.26122
1.25963
1.25804
1.25643
1.25482
1.25319
1.25155
1.24989
1.24823
1.24655
1.24487
1.24317
1.24146
1.23973
1.238
1.23626
1.2345
1.23273
1.23095
1.22916
1.22736
1.22555
1.22373
1.22189
1.22004
1.21819
1.21632
1.21444
1.21254
1.21064
1.20873
1.2068
1.20486
1.20292
1.20096
1.19899
1.197
1.19501
1.19301
1.19099
1.18897
1.18693
1.18488
1.18283
1.18076
1.17868
1.17658
1.17448
1.17237
1.17024
1.16811
1.16596
1.16381
1.16164
1.15946
1.15727
1.15507
1.15286
1.15064
1.14841
1.14616
1.14391
1.14165
1.13937
1.13709
1.13479
1.13249
1.13017
1.12784
1.1255
1.12316
1.1208
1.11843
1.11605
1.11366
1.11126
1.10885
1.10643
1.10399
1.10155
1.0991
1.09664
1.09417
1.09168
1.08919
1.08669
1.08418
1.08165
1.07912
1.07658
1.07402
1.07146
1.06889
1.0663
1.06371
1.0611
1.05849
1.05587
1.05324
1.05059
1.04794
1.04528
1.04261
1.03992
1.03723
1.03453
1.03182
1.0291
1.02637
1.02363
1.02088
1.01812
1.01535
1.01257
1.00979
1.00699
1.00418
1.00137
0.998541
0.995706
0.992862
0.990009
0.987146
0.984274
0.981393
0.978503
0.975603
0.972694
0.969776
0.96685
0.963914
0.960968
0.958014
0.955051
0.952079
0.949098
0.946108
0.943109
0.940102
0.937085
0.93406
0.931025
0.927982
0.924931
0.92187
0.918801
0.915723
0.912637
0.909542
0.906438
0.903326
0.900206
0.897076
0.893939
0.890793
0.887638
0.884475
0.881304
0.878125
0.874937
0.871741
0.868536
0.865324
0.862103
0.858874
0.855637
0.852392
0.849139
0.845878
0.842608
0.839331
0.836046
0.832753
0.829452
0.826143
0.822826
0.819502
0.81617
0.81283
0.809482
0.806126
0.802763
0.799393
0.796014
0.792628
0.789235
0.785834
0.782426
0.77901
0.775586
0.772156
0.768718
0.765272
0.76182
0.75836
0.754893
0.751418
0.747937
0.744448
0.740952
0.73745
0.73394
0.730423
0.726899
0.723368
0.71983
0.716286
0.712734
0.709176
0.705611
0.702039
0.69846
0.694875
0.691283
0.687684
0.684079
0.680467
0.676849
0.673224
0.669593
0.665955
0.662311
0.658661
0.655004
0.651341
0.647671
0.643995
0.640314
0.636625
0.632931
0.629231
0.625524
0.621812
0.618094
0.614369
0.610639
0.606902
0.60316
0.599412
0.595658
0.591899
0.588133
0.584362
0.580585
0.576803
0.573015
0.569222
0.565422
0.561618
0.557808
0.553992
0.550171
0.546345
0.542513
0.538676
0.534834
0.530987
0.527134
0.523276
0.519413
0.515545
0.511672
0.507794
0.503911
0.500023
0.49613
0.492232
0.488329
0.484422
0.48051
0.476593
0.472671
0.468744
0.464813
0.460878
0.456937
0.452993
0.449043
0.44509
0.441132
0.437169
0.433202
0.429231
0.425256
0.421276
0.417292
0.413304
0.409312
0.405315
0.401315
0.39731
0.393302
0.389289
0.385273
0.381253
0.377229
0.373201
0.369169
0.365134
0.361095
0.357052
0.353006
0.348956
0.344902
0.340845
0.336785
0.332721
0.328653
0.324583
0.320508
0.316431
0.31235
0.308266
0.304179
0.300089
0.295996
0.291899
0.2878
0.283697
0.279592
0.275483
0.271372
0.267258
0.263141
0.259021
0.254899
0.250774
0.246646
0.242515
0.238382
0.234247
0.230108
0.225968
0.221825
0.217679
0.213531
0.209381
0.205229
0.201074
0.196917
0.192758
0.188596
0.184433
0.180267
0.1761
0.17193
0.167759
0.163585
0.15941
0.155233
0.151054
0.146873
0.142691
0.138507
0.134321
0.130134
0.125945
0.121754
0.117562
0.113369
0.109174
0.104978
0.10078
0.0965813
0.0923811
0.0881796
0.083977
0.0797732
0.0755683
0.0713623
0.0671553
0.0629473
0.0587383
0.0545283
0.0503175
0.0461058
0.0418934
0.0376801
0.0334661
0.0292514
0.025036
0.0208201
0.0166035
0.0123864
0.00816875
0.00395066
0.000267855
0.00448677
0.00870603
0.0129256
0.0171455
0.0213656
0.0255859
0.0298063
0.0340269
0.0382476
0.0424683
0.046689
0.0509097
0.0551303
0.0593508
0.0635712
0.0677913
0.0720113
0.076231
0.0804504
0.0846695
0.0888881
0.0931064
0.0973242
0.101542
0.105758
0.109975
0.11419
0.118405
0.122619
0.126833
0.131046
0.135258
0.139469
0.143679
0.147889
0.152097
0.156304
0.160511
0.164716
0.16892
0.173123
0.177325
0.181526
0.185725
0.189923
0.19412
0.198316
0.20251
0.206702
0.210893
0.215083
0.219271
0.223457
0.227642
0.231825
0.236006
0.240185
0.244363
0.248539
0.252713
0.256885
0.261055
0.265224
0.26939
0.273554
0.277716
0.281876
0.286033
0.290189
0.294342
0.298493
0.302641
0.306787
0.310931
0.315073
0.319211
0.323348
0.327482
0.331613
0.335741
0.339867
0.34399
0.348111
0.352228
0.356343
0.360455
0.364564
0.36867
0.372773
0.376874
0.380971
0.385065
0.389155
0.393243
0.397328
0.401409
0.405487
0.409562
0.413633
0.417701
0.421765
0.425826
0.429884
0.433938
0.437988
0.442035
0.446078
0.450118
0.454154
0.458186
0.462214
0.466238
0.470259
0.474275
0.478288
0.482297
0.486301
0.490302
0.494298
0.498291
0.502279
0.506263
0.510243
0.514218
0.518189
0.522156
0.526119
0.530077
0.53403
0.537979
0.541924
0.545864
0.549799
0.55373
0.557656
0.561577
0.565494
0.569406
0.573313
0.577215
0.581112
0.585004
0.588892
0.592774
0.596651
0.600523
0.60439
0.608252
0.612109
0.615961
0.619807
0.623648
0.627484
0.631314
0.635139
0.638959
0.642773
0.646581
0.650384
0.654182
0.657974
0.66176
0.66554
0.669315
0.673084
0.676848
0.680605
0.684357
0.688102
0.691842
0.695576
0.699304
0.703026
0.706742
0.710452
0.714155
0.717853
0.721544
0.725229
0.728908
0.73258
0.736246
0.739906
0.743559
0.747206
0.750847
0.754481
0.758108
0.761729
0.765343
0.768951
0.772552
0.776146
0.779734
0.783314
0.786888
0.790455
0.794016
0.797569
0.801116
0.804655
0.808187
0.811713
0.815231
0.818742
0.822247
0.825744
0.829233
0.832716
0.836191
0.839659
0.84312
0.846573
0.850019
0.853457
0.856888
0.860312
0.863728
0.867137
0.870537
0.873931
0.877316
0.880694
0.884065
0.887427
0.890782
0.894129
0.897468
0.900799
0.904122
0.907438
0.910745
0.914045
0.917336
0.92062
0.923895
0.927162
0.930421
0.933672
0.936915
0.940149
0.943376
0.946593
0.949803
0.953004
0.956197
0.959381
0.962557
0.965725
0.968884
0.972034
0.975176
0.97831
0.981434
0.98455
0.987658
0.990757
0.993846
0.996928
1
1.00306
1.00612
1.00916
1.0122
1.01523
1.01825
1.02126
1.02426
1.02725
1.03023
1.03321
1.03617
1.03913
1.04207
1.04501
1.04794
1.05086
1.05377
1.05667
1.05956
1.06244
1.06531
1.06817
1.07102
1.07387
1.0767
1.07953
1.08234
1.08515
1.08794
1.09073
1.0935
1.09627
1.09903
1.10177
1.10451
1.10724
1.10996
1.11266
1.11536
1.11805
1.12073
1.12339
1.12605
1.1287
1.13134
1.13397
1.13658
1.13919
1.14179
1.14438
1.14695
1.14952
1.15208
1.15462
1.15716
1.15969
1.1622
1.16471
1.1672
1.16969
1.17216
1.17462
1.17708
1.17952
1.18195
1.18437
1.18678
1.18918
1.19157
1.19395
1.19632
1.19868
1.20103
1.20336
1.20569
1.208
1.21031
1.2126
1.21488
1.21715
1.21941
1.22166
1.2239
1.22613
1.22835
1.23055
1.23275
1.23493
1.23711
1.23927
1.24142
1.24356
1.24569
1.2478
1.24991
1.252
1.25409
1.25616
1.25822
1.26027
1.26231
1.26434
1.26635
1.26836
1.27035
1.27233
1.2743
1.27626
1.27821
1.28015
1.28207
1.28398
1.28589
1.28778
1.28965
1.29152
1.29338
1.29522
1.29705
1.29887
1.30068
1.30248
1.30426
1.30604
1.3078
1.30955
1.31129
1.31301
1.31473
1.31643
1.31812
1.3198
1.32147
1.32313
1.32477
1.3264
1.32802
1.32963
1.33122
1.33281
1.33438
1.33594
1.33749
1.33902
1.34055
1.34206
1.34356
1.34505
1.34652
1.34798
1.34944
1.35087
1.3523
1.35372
1.35512
1.35651
1.35789
1.35925
1.36061
1.36195
1.36328
1.36459
1.3659
1.36719
1.36847
1.36973
1.37099
1.37223
1.37346
1.37468
1.37588
1.37708
1.37826
1.37942
1.38058
1.38172
1.38285
1.38397
1.38508
1.38617
1.38725
1.38832
1.38937
1.39042
1.39145
1.39246
1.39347
1.39446
1.39544
1.39641
1.39736
1.3983
1.39923
1.40015
1.40105
1.40194
1.40282
1.40369
1.40454
1.40538
1.40621
1.40702
1.40783
1.40862
1.40939
1.41016
1.41091
1.41164
1.41237
1.41308
1.41378
1.41447
1.41514
1.4158
1.41645
1.41709
1.41771
1.41832
1.41892
1.4195
1.42007
1.42063
1.42118
1.42171
1.42223
1.42273
1.42323
1.42371
1.42418
1.42463
1.42507
1.4255
1.42592
1.42632
1.42671
1.42709
1.42745
1.4278
1.42814
1.42847
1.42878
1.42908
1.42937
1.42964
1.4299
1.43015
1.43038
1.4306
1.43081
1.43101
1.43119
1.43136
1.43151
1.43166
1.43179
1.4319
1.43201
1.4321
1.43217
1.43224
1.43229
1.43233
1.43235
1.43237
1.43237
1.43235
1.43233
1.43229
1.43223
1.43217
1.43209
1.432
1.43189
1.43177
1.43164
1.4315
1.43134
1.43117
1.43099
1.43079
1.43058
1.43036
1.43012
1.42987
1.42961
1.42934
1.42905
1.42875
1.42843
1.42811
1.42777
1.42741
1.42705
1.42667
1.42627
1.42587
1.42545
1.42502
1.42457
1.42412
1.42365
1.42316
1.42266
1.42215
1.42163
1.4211
1.42055
1.41999
1.41941
1.41882
1.41822
1.41761
1.41698
1.41634
1.41569
1.41502
1.41434
1.41365
1.41295
1.41223
1.4115
1.41076
1.41
1.40923
1.40845
1.40765
1.40685
1.40602
1.40519
1.40434
1.40348
1.40261
1.40173
1.40083
1.39992
1.39899
1.39806
1.39711
1.39614
1.39517
1.39418
1.39318
1.39216
1.39114
1.3901
1.38905
1.38798
1.3869
1.38581
1.38471
1.38359
1.38247
1.38132
1.38017
1.379
1.37782
1.37663
1.37543
1.37421
1.37298
1.37174
1.37048
1.36921
1.36793
1.36664
1.36533
1.36401
1.36268
1.36134
1.35998
1.35862
1.35723
1.35584
1.35443
1.35302
1.35158
1.35014
1.34868
1.34722
1.34574
1.34424
1.34274
1.34122
1.33969
1.33814
1.33659
1.33502
1.33344
1.33185
1.33024
1.32863
1.327
1.32536
1.3237
1.32204
1.32036
1.31867
1.31697
1.31525
1.31353
1.31179
1.31004
1.30827
1.3065
1.30471
1.30291
1.3011
1.29927
1.29744
1.29559
1.29373
1.29186
1.28998
1.28808
1.28617
1.28425
1.28232
1.28038
1.27842
1.27646
1.27448
1.27249
1.27049
1.26847
1.26645
1.26441
1.26236
1.2603
1.25822
1.25614
1.25404
1.25194
1.24982
1.24768
1.24554
1.24339
1.24122
1.23904
1.23686
1.23466
1.23244
1.23022
1.22799
1.22574
1.22348
1.22121
1.21893
1.21664
1.21434
1.21202
1.2097
1.20736
1.20501
1.20265
1.20028
1.1979
1.19551
1.19311
1.19069
1.18826
1.18583
1.18338
1.18092
1.17845
1.17597
1.17348
1.17097
1.16846
1.16593
1.1634
1.16085
1.15829
1.15572
1.15314
1.15055
1.14795
1.14534
1.14272
1.14009
1.13744
1.13479
1.13212
1.12945
1.12676
1.12407
1.12136
1.11864
1.11591
1.11317
1.11043
1.10767
1.1049
1.10212
1.09933
1.09653
1.09371
1.09089
1.08806
1.08522
1.08237
1.07951
1.07663
1.07375
1.07086
1.06796
1.06504
1.06212
1.05919
1.05625
1.0533
1.05033
1.04736
1.04438
1.04139
1.03839
1.03537
1.03235
1.02932
1.02628
1.02323
1.02017
1.0171
1.01402
1.01094
1.00784
1.00473
1.00161
0.998486
0.99535
0.992205
0.98905
0.985886
0.982713
0.97953
0.976338
0.973137
0.969927
0.966708
0.963479
0.960241
0.956995
0.953739
0.950474
0.9472
0.943917
0.940626
0.937325
0.934015
0.930697
0.92737
0.924034
0.920689
0.917335
0.913973
0.910602
0.907223
0.903835
0.900438
0.897033
0.893619
0.890197
0.886766
0.883327
0.879879
0.876423
0.872959
0.869486
0.866005
0.862516
0.859019
0.855513
0.851999
0.848478
0.844948
0.84141
0.837864
0.83431
0.830748
0.827178
0.8236
0.820014
0.816421
0.812819
0.80921
0.805593
0.801969
0.798336
0.794696
0.791049
0.787394
0.783731
0.780061
0.776383
0.772698
0.769006
0.765306
0.761598
0.757884
0.754162
0.750433
0.746696
0.742953
0.739202
0.735444
0.731679
0.727907
0.724128
0.720342
0.716549
0.712749
0.708943
0.705129
0.701309
0.697481
0.693648
0.689807
0.68596
0.682106
0.678245
0.674378
0.670504
0.666624
0.662737
0.658844
0.654944
0.651038
0.647126
0.643208
0.639283
0.635352
0.631415
0.627471
0.623522
0.619566
0.615604
0.611637
0.607663
0.603683
0.599698
0.595706
0.591709
0.587706
0.583697
0.579683
0.575663
0.571637
0.567605
0.563568
0.559525
0.555477
0.551424
0.547364
0.5433
0.53923
0.535155
0.531074
0.526989
0.522898
0.518802
0.5147
0.510594
0.506482
0.502366
0.498244
0.494118
0.489986
0.48585
0.481709
0.477563
0.473412
0.469257
0.465096
0.460931
0.456762
0.452588
0.448409
0.444226
0.440038
0.435846
0.43165
0.427449
0.423244
0.419034
0.41482
0.410603
0.40638
0.402154
0.397924
0.393689
0.389451
0.385209
0.380962
0.376712
0.372458
0.3682
0.363938
0.359672
0.355403
0.35113
0.346854
0.342573
0.33829
0.334002
0.329712
0.325418
0.32112
0.316819
0.312515
0.308207
0.303896
0.299582
0.295265
0.290945
0.286621
0.282295
0.277965
0.273632
0.269297
0.264959
0.260617
0.256273
0.251927
0.247577
0.243225
0.23887
0.234512
0.230152
0.225789
0.221424
0.217056
0.212686
0.208314
0.203939
0.199562
0.195182
0.190801
0.186417
0.182031
0.177643
0.173253
0.16886
0.164466
0.16007
0.155672
0.151272
0.14687
0.142467
0.138061
0.133654
0.129246
0.124835
0.120423
0.11601
0.111595
0.107178
0.10276
0.0983412
0.0939205
0.0894986
0.0850753
0.0806509
0.0762252
0.0717984
0.0673705
0.0629415
0.0585115
0.0540805
0.0496485
0.0452156
0.0407819
0.0363473
0.031912
0.0274759
0.023039
0.0186015
0.0141634
0.00972473
0.00528548
0.000845722
0.0035945
0.00803515
0.0124762
0.0169176
0.0213593
0.0258012
0.0302434
0.0346857
0.0391282
0.0435708
0.0480135
0.0524562
0.0568989
0.0613415
0.065784
0.0702263
0.0746685
0.0791105
0.0835522
0.0879936
0.0924347
0.0968753
0.101316
0.105755
0.110195
0.114633
0.119072
0.123509
0.127946
0.132382
0.136818
0.141252
0.145686
0.150119
0.154551
0.158982
0.163412
0.167841
0.172269
0.176696
0.181122
0.185546
0.189969
0.194391
0.198812
0.203231
0.207649
0.212066
0.216481
0.220894
0.225306
0.229717
0.234126
0.238533
0.242938
0.247342
0.251743
0.256143
0.260541
0.264937
0.269332
0.273724
0.278114
0.282502
0.286888
0.291272
0.295653
0.300033
0.30441
0.308785
0.313157
0.317527
0.321894
0.32626
0.330622
0.334982
0.339339
0.343694
0.348046
0.352396
0.356742
0.361086
0.365427
0.369765
0.3741
0.378432
0.382761
0.387088
0.391411
0.395731
0.400047
0.404361
0.408671
0.412978
0.417282
0.421583
0.42588
0.430173
0.434463
0.43875
0.443033
0.447312
0.451588
0.45586
0.460129
0.464393
0.468654
0.472911
0.477164
0.481414
0.485659
0.4899
0.494138
0.498371
0.5026
0.506825
0.511046
0.515262
0.519475
0.523683
0.527887
0.532086
0.536281
0.540471
0.544657
0.548839
0.553016
0.557188
0.561356
0.565519
0.569677
0.57383
0.577979
0.582123
0.586262
0.590396
0.594525
0.598649
0.602768
0.606882
0.610991
0.615095
0.619194
0.623287
0.627375
0.631458
0.635536
0.639608
0.643674
0.647736
0.651792
0.655842
0.659887
0.663926
0.667959
0.671987
0.676009
0.680026
0.684036
0.688041
0.69204
0.696033
0.70002
0.704001
0.707977
0.711946
0.715909
0.719866
0.723816
0.727761
0.731699
0.735632
0.739557
0.743477
0.74739
0.751297
0.755197
0.759091
0.762978
0.766859
0.770733
0.774601
0.778462
0.782316
0.786163
0.790004
0.793838
0.797665
0.801485
0.805298
0.809105
0.812904
0.816696
0.820482
0.82426
0.828031
0.831795
0.835552
0.839301
0.843044
0.846779
0.850506
0.854227
0.85794
0.861645
0.865343
0.869034
0.872716
0.876392
0.88006
0.88372
0.887372
0.891017
0.894654
0.898283
0.901905
0.905518
0.909124
0.912722
0.916312
0.919894
0.923468
0.927034
0.930591
0.934141
0.937683
0.941216
0.944741
0.948258
0.951767
0.955267
0.958759
0.962242
0.965718
0.969184
0.972643
0.976092
0.979534
0.982966
0.98639
0.989806
0.993213
0.996611
1
1.00338
1.00675
1.01012
1.01347
1.01681
1.02015
1.02348
1.0268
1.03011
1.03341
1.0367
1.03998
1.04325
1.04652
1.04977
1.05302
1.05625
1.05948
1.0627
1.06591
1.0691
1.07229
1.07547
1.07864
1.08181
1.08496
1.0881
1.09123
1.09435
1.09747
1.10057
1.10366
1.10675
1.10982
1.11289
1.11594
1.11899
1.12202
1.12505
1.12806
1.13107
1.13406
1.13705
1.14002
1.14299
1.14594
1.14888
1.15182
1.15474
1.15766
1.16056
1.16345
1.16634
1.16921
1.17207
1.17493
1.17777
1.1806
1.18342
1.18623
1.18903
1.19182
1.1946
1.19737
1.20012
1.20287
1.20561
1.20833
1.21105
1.21375
1.21644
1.21913
1.2218
1.22446
1.22711
1.22975
1.23238
1.23499
1.2376
1.24019
1.24278
1.24535
1.24791
1.25046
1.253
1.25553
1.25805
1.26055
1.26305
1.26553
1.26801
1.27047
1.27292
1.27535
1.27778
1.2802
1.2826
1.28499
1.28738
1.28975
1.2921
1.29445
1.29679
1.29911
1.30142
1.30372
1.30601
1.30829
1.31055
1.31281
1.31505
1.31728
1.3195
1.3217
1.3239
1.32608
1.32825
1.33041
1.33256
1.3347
1.33682
1.33893
1.34103
1.34312
1.34519
1.34726
1.34931
1.35135
1.35338
1.35539
1.35739
1.35938
1.36136
1.36333
1.36528
1.36723
1.36915
1.37107
1.37298
1.37487
1.37675
1.37862
1.38047
1.38232
1.38415
1.38597
1.38777
1.38957
1.39135
1.39312
1.39487
1.39662
1.39835
1.40007
1.40177
1.40347
1.40515
1.40681
1.40847
1.41011
1.41174
1.41336
1.41497
1.41656
1.41814
1.4197
1.42126
1.4228
1.42433
1.42584
1.42734
1.42883
1.43031
1.43177
1.43322
1.43466
1.43609
1.4375
1.4389
1.44028
1.44166
1.44302
1.44436
1.4457
1.44702
1.44833
1.44962
1.45091
1.45217
1.45343
1.45467
1.4559
1.45712
1.45832
1.45951
1.46069
1.46185
1.463
1.46414
1.46526
1.46637
1.46747
1.46856
1.46963
1.47068
1.47173
1.47276
1.47378
1.47478
1.47577
1.47675
1.47772
1.47867
1.4796
1.48053
1.48144
1.48234
1.48322
1.48409
1.48495
1.48579
1.48662
1.48744
1.48824
1.48903
1.48981
1.49057
1.49132
1.49206
1.49278
1.49349
1.49418
1.49486
1.49553
1.49619
1.49683
1.49745
1.49807
1.49867
1.49925
1.49983
1.50039
1.50093
1.50146
1.50198
1.50249
1.50298
1.50346
1.50392
1.50437
1.50481
1.50523
1.50564
1.50604
1.50642
1.50678
1.50714
1.50748
1.50781
1.50812
1.50842
1.50871
1.50898
1.50924
1.50948
1.50971
1.50993
1.51013
1.51032
1.5105
1.51066
1.51081
1.51094
1.51106
1.51117
1.51126
1.51134
1.51141
1.51146
1.5115
1.51152
1.51154
1.51153
1.51152
1.51148
1.51144
1.51138
1.51131
1.51122
1.51112
1.51101
1.51088
1.51074
1.51059
1.51042
1.51024
1.51004
1.50983
1.50961
1.50937
1.50912
1.50885
1.50857
1.50828
1.50798
1.50766
1.50732
1.50697
1.50661
1.50624
1.50585
1.50544
1.50503
1.5046
1.50415
1.5037
1.50322
1.50274
1.50224
1.50173
1.5012
1.50066
1.5001
1.49954
1.49895
1.49836
1.49775
1.49713
1.49649
1.49584
1.49518
1.4945
1.49381
1.4931
1.49238
1.49165
1.4909
1.49014
1.48937
1.48858
1.48778
1.48697
1.48614
1.4853
1.48444
1.48357
1.48269
1.48179
1.48088
1.47996
1.47902
1.47807
1.47711
1.47613
1.47514
1.47413
1.47312
1.47208
1.47104
1.46998
1.46891
1.46782
1.46672
1.46561
1.46448
1.46334
1.46219
1.46102
1.45984
1.45864
1.45744
1.45622
1.45498
1.45373
1.45247
1.4512
1.44991
1.44861
1.4473
1.44597
1.44463
1.44327
1.4419
1.44052
1.43913
1.43772
1.4363
1.43487
1.43342
1.43196
1.43048
1.429
1.4275
1.42598
1.42446
1.42292
1.42136
1.4198
1.41822
1.41663
1.41502
1.4134
1.41177
1.41013
1.40847
1.4068
1.40511
1.40342
1.40171
1.39998
1.39825
1.3965
1.39474
1.39296
1.39118
1.38938
1.38756
1.38574
1.3839
1.38205
1.38018
1.37831
1.37642
1.37451
1.3726
1.37067
1.36873
1.36678
1.36481
1.36283
1.36084
1.35884
1.35682
1.35479
1.35275
1.35069
1.34863
1.34655
1.34445
1.34235
1.34023
1.3381
1.33596
1.33381
1.33164
1.32946
1.32727
1.32507
1.32285
1.32062
1.31838
1.31613
1.31386
1.31158
1.30929
1.30699
1.30468
1.30235
1.30001
1.29766
1.2953
1.29293
1.29054
1.28814
1.28573
1.28331
1.28087
1.27843
1.27597
1.2735
1.27101
1.26852
1.26601
1.2635
1.26097
1.25842
1.25587
1.25331
1.25073
1.24814
1.24554
1.24293
1.24031
1.23767
1.23502
1.23237
1.2297
1.22702
1.22432
1.22162
1.2189
1.21618
1.21344
1.21069
1.20793
1.20516
1.20237
1.19958
1.19677
1.19395
1.19112
1.18828
1.18543
1.18257
1.1797
1.17681
1.17392
1.17101
1.1681
1.16517
1.16223
1.15928
1.15632
1.15334
1.15036
1.14737
1.14436
1.14135
1.13832
1.13529
1.13224
1.12918
1.12611
1.12303
1.11994
1.11684
1.11373
1.11061
1.10748
1.10434
1.10118
1.09802
1.09485
1.09166
1.08847
1.08527
1.08205
1.07883
1.07559
1.07235
1.06909
1.06582
1.06255
1.05926
1.05597
1.05266
1.04935
1.04602
1.04269
1.03934
1.03598
1.03262
1.02924
1.02586
1.02247
1.01906
1.01565
1.01222
1.00879
1.00535
1.0019
0.998436
0.994964
0.991484
0.987994
0.984494
0.980986
0.977468
0.97394
0.970404
0.966858
0.963303
0.959738
0.956165
0.952582
0.94899
0.94539
0.94178
0.938161
0.934534
0.930897
0.927251
0.923597
0.919934
0.916262
0.912581
0.908891
0.905193
0.901486
0.897771
0.894047
0.890314
0.886573
0.882823
0.879065
0.875298
0.871523
0.86774
0.863948
0.860148
0.85634
0.852523
0.848698
0.844865
0.841024
0.837175
0.833318
0.829453
0.825579
0.821698
0.817809
0.813912
0.810007
0.806094
0.802174
0.798246
0.79431
0.790366
0.786415
0.782456
0.778489
0.774515
0.770533
0.766544
0.762548
0.758544
0.754533
0.750514
0.746488
0.742455
0.738415
0.734367
0.730313
0.726251
0.722182
0.718106
0.714023
0.709933
0.705836
0.701732
0.697622
0.693504
0.68938
0.685249
0.681111
0.676967
0.672816
0.668659
0.664494
0.660324
0.656146
0.651963
0.647773
0.643576
0.639374
0.635164
0.630949
0.626727
0.6225
0.618266
0.614026
0.60978
0.605527
0.601269
0.597005
0.592735
0.588459
0.584177
0.57989
0.575596
0.571297
0.566993
0.562682
0.558366
0.554044
0.549717
0.545385
0.541046
0.536703
0.532354
0.528
0.52364
0.519275
0.514905
0.51053
0.506149
0.501764
0.497373
0.492977
0.488577
0.484171
0.479761
0.475345
0.470925
0.4665
0.46207
0.457636
0.453196
0.448753
0.444304
0.439851
0.435394
0.430932
0.426466
0.421995
0.41752
0.41304
0.408557
0.404069
0.399576
0.39508
0.39058
0.386075
0.381567
0.377054
0.372538
0.368017
0.363493
0.358965
0.354433
0.349898
0.345358
0.340816
0.336269
0.331719
0.327165
0.322608
0.318047
0.313483
0.308916
0.304345
0.299771
0.295193
0.290613
0.286029
0.281442
0.276852
0.272259
0.267663
0.263065
0.258463
0.253858
0.24925
0.24464
0.240027
0.235411
0.230792
0.226171
0.221548
0.216921
0.212292
0.207661
0.203028
0.198391
0.193753
0.189112
0.184469
0.179824
0.175177
0.170528
0.165876
0.161222
0.156567
0.151909
0.14725
0.142589
0.137925
0.13326
0.128594
0.123925
0.119255
0.114584
0.10991
0.105236
0.100559
0.0958817
0.0912025
0.086522
0.0818402
0.0771571
0.0724728
0.0677872
0.0631006
0.0584128
0.0537239
0.049034
0.0443431
0.0396513
0.0349586
0.030265
0.0255707
0.0208755
0.0161796
0.0114831
0.00678589
0.00208809
0.00261026
0.00730913
0.0120085
0.0167082
0.0214084
0.0261089
0.0308097
0.0355107
0.040212
0.0449134
0.049615
0.0543166
0.0590183
0.06372
0.0684216
0.0731232
0.0778246
0.0825259
0.0872269
0.0919277
0.0966282
0.101328
0.106028
0.110727
0.115426
0.120125
0.124822
0.12952
0.134216
0.138912
0.143607
0.148301
0.152995
0.157688
0.162379
0.16707
0.17176
0.176449
0.181137
0.185823
0.190509
0.195193
0.199876
0.204558
0.209238
0.213917
0.218595
0.223271
0.227946
0.232619
0.237291
0.241961
0.246629
0.251295
0.25596
0.260623
0.265284
0.269944
0.274601
0.279256
0.28391
0.288561
0.29321
0.297857
0.302502
0.307145
0.311785
0.316423
0.321059
0.325693
0.330323
0.334952
0.339578
0.344201
0.348822
0.35344
0.358055
0.362668
0.367278
0.371885
0.376489
0.381091
0.385689
0.390284
0.394877
0.399466
0.404052
0.408635
0.413215
0.417791
0.422365
0.426935
0.431501
0.436064
0.440624
0.44518
0.449733
0.454282
0.458828
0.46337
0.467908
0.472442
0.476973
0.4815
0.486023
0.490542
0.495057
0.499568
0.504075
0.508578
0.513077
0.517571
0.522062
0.526548
0.53103
0.535508
0.539981
0.54445
0.548914
0.553374
0.55783
0.56228
0.566727
0.571168
0.575605
0.580037
0.584465
0.588887
0.593305
0.597718
0.602125
0.606528
0.610926
0.615319
0.619707
0.624089
0.628466
0.632839
0.637205
0.641567
0.645923
0.650274
0.654619
0.658959
0.663294
0.667623
0.671946
0.676264
0.680576
0.684882
0.689182
0.693477
0.697766
0.702049
0.706326
0.710598
0.714863
0.719122
0.723375
0.727622
0.731863
0.736098
0.740326
0.744549
0.748765
0.752974
0.757177
0.761374
0.765565
0.769749
0.773926
0.778097
0.782261
0.786418
0.790569
0.794713
0.79885
0.802981
0.807105
0.811221
0.815331
0.819434
0.82353
0.827619
0.831701
0.835776
0.839843
0.843904
0.847957
0.852003
0.856041
0.860072
0.864096
0.868113
0.872122
0.876123
0.880117
0.884104
0.888083
0.892054
0.896018
0.899973
0.903921
0.907862
0.911794
0.915719
0.919636
0.923544
0.927445
0.931338
0.935223
0.9391
0.942968
0.946829
0.950681
0.954525
0.958361
0.962189
0.966008
0.969819
0.973621
0.977415
0.981201
0.984978
0.988746
0.992506
0.996257
1
1.00373
1.00746
1.01118
1.01488
1.01858
1.02227
1.02595
1.02963
1.03329
1.03694
1.04059
1.04422
1.04785
1.05147
1.05508
1.05868
1.06227
1.06585
1.06942
1.07298
1.07654
1.08008
1.08361
1.08714
1.09066
1.09416
1.09766
1.10114
1.10462
1.10809
1.11155
1.11499
1.11843
1.12186
1.12528
1.12869
1.13209
1.13547
1.13885
1.14222
1.14558
1.14893
1.15227
1.1556
1.15892
1.16222
1.16552
1.16881
1.17209
1.17535
1.17861
1.18186
1.18509
1.18832
1.19153
1.19474
1.19793
1.20112
1.20429
1.20745
1.2106
1.21375
1.21688
1.22
1.22311
1.2262
1.22929
1.23237
1.23543
1.23849
1.24153
1.24456
1.24759
1.2506
1.2536
1.25659
1.25956
1.26253
1.26549
1.26843
1.27136
1.27428
1.27719
1.28009
1.28298
1.28586
1.28872
1.29158
1.29442
1.29725
1.30007
1.30288
1.30567
1.30846
1.31123
1.31399
1.31674
1.31948
1.32221
1.32492
1.32762
1.33031
1.33299
1.33566
1.33832
1.34096
1.34359
1.34621
1.34882
1.35141
1.354
1.35657
1.35913
1.36168
1.36421
1.36674
1.36925
1.37175
1.37423
1.37671
1.37917
1.38162
1.38406
1.38648
1.38889
1.3913
1.39368
1.39606
1.39842
1.40077
1.40311
1.40544
1.40775
1.41005
1.41234
1.41461
1.41688
1.41913
1.42137
1.42359
1.4258
1.428
1.43019
1.43236
1.43452
1.43667
1.43881
1.44093
1.44304
1.44514
1.44722
1.44929
1.45135
1.45339
1.45543
1.45744
1.45945
1.46144
1.46342
1.46539
1.46734
1.46928
1.47121
1.47312
1.47502
1.47691
1.47879
1.48065
1.48249
1.48433
1.48615
1.48796
1.48975
1.49153
1.4933
1.49505
1.4968
1.49852
1.50024
1.50194
1.50362
1.5053
1.50696
1.5086
1.51024
1.51185
1.51346
1.51505
1.51663
1.5182
1.51975
1.52128
1.52281
1.52432
1.52581
1.5273
1.52877
1.53022
1.53166
1.53309
1.5345
1.5359
1.53729
1.53866
1.54002
1.54136
1.54269
1.54401
1.54531
1.5466
1.54788
1.54914
1.55038
1.55162
1.55284
1.55404
1.55523
1.55641
1.55757
1.55872
1.55985
1.56097
1.56208
1.56317
1.56425
1.56531
1.56636
1.5674
1.56842
1.56943
1.57042
1.5714
1.57237
1.57332
1.57425
1.57517
1.57608
1.57698
1.57785
1.57872
1.57957
1.58041
1.58123
1.58204
1.58283
1.58361
1.58437
1.58512
1.58586
1.58658
1.58729
1.58798
1.58866
1.58932
1.58997
1.59061
1.59123
1.59184
1.59243
1.59301
1.59357
1.59412
1.59465
1.59517
1.59568
1.59617
1.59664
1.5971
1.59755
1.59798
1.5984
1.5988
1.59919
1.59957
1.59993
1.60027
1.6006
1.60092
1.60122
1.60151
1.60178
1.60204
1.60228
1.60251
1.60273
1.60293
1.60311
1.60328
1.60344
1.60358
1.60371
1.60382
1.60392
1.604
1.60407
1.60412
1.60416
1.60418
1.60419
1.60419
1.60417
1.60413
1.60409
1.60402
1.60394
1.60385
1.60374
1.60362
1.60349
1.60333
1.60317
1.60299
1.60279
1.60258
1.60236
1.60212
1.60187
1.6016
1.60131
1.60102
1.6007
1.60038
1.60004
1.59968
1.59931
1.59892
1.59852
1.59811
1.59768
1.59724
1.59678
1.5963
1.59582
1.59531
1.5948
1.59427
1.59372
1.59316
1.59258
1.59199
1.59139
1.59077
1.59014
1.58949
1.58882
1.58815
1.58746
1.58675
1.58603
1.58529
1.58454
1.58378
1.583
1.5822
1.5814
1.58057
1.57974
1.57888
1.57802
1.57714
1.57624
1.57533
1.57441
1.57347
1.57251
1.57155
1.57057
1.56957
1.56856
1.56753
1.56649
1.56544
1.56437
1.56329
1.56219
1.56108
1.55995
1.55881
1.55766
1.55649
1.5553
1.5541
1.55289
1.55167
1.55042
1.54917
1.5479
1.54662
1.54532
1.54401
1.54268
1.54134
1.53998
1.53862
1.53723
1.53583
1.53442
1.533
1.53156
1.5301
1.52863
1.52715
1.52566
1.52415
1.52262
1.52108
1.51953
1.51796
1.51638
1.51479
1.51318
1.51156
1.50992
1.50827
1.5066
1.50492
1.50323
1.50152
1.4998
1.49807
1.49632
1.49456
1.49278
1.49099
1.48919
1.48737
1.48554
1.4837
1.48184
1.47997
1.47808
1.47618
1.47427
1.47234
1.4704
1.46844
1.46648
1.46449
1.4625
1.46049
1.45847
1.45643
1.45438
1.45232
1.45024
1.44815
1.44605
1.44393
1.4418
1.43966
1.4375
1.43533
1.43315
1.43095
1.42874
1.42651
1.42428
1.42203
1.41976
1.41749
1.4152
1.41289
1.41058
1.40825
1.4059
1.40355
1.40118
1.3988
1.3964
1.394
1.39157
1.38914
1.38669
1.38423
1.38176
1.37927
1.37678
1.37426
1.37174
1.3692
1.36665
1.36409
1.36152
1.35893
1.35633
1.35371
1.35109
1.34845
1.3458
1.34313
1.34046
1.33777
1.33506
1.33235
1.32962
1.32688
1.32413
1.32137
1.31859
1.3158
1.313
1.31019
1.30736
1.30452
1.30167
1.29881
1.29594
1.29305
1.29015
1.28724
1.28432
1.28138
1.27843
1.27547
1.2725
1.26952
1.26652
1.26352
1.2605
1.25747
1.25443
1.25137
1.2483
1.24523
1.24214
1.23903
1.23592
1.2328
1.22966
1.22651
1.22335
1.22018
1.217
1.2138
1.2106
1.20738
1.20415
1.20091
1.19766
1.1944
1.19112
1.18784
1.18454
1.18124
1.17792
1.17459
1.17125
1.16789
1.16453
1.16116
1.15777
1.15437
1.15097
1.14755
1.14412
1.14068
1.13723
1.13377
1.1303
1.12681
1.12332
1.11982
1.1163
1.11277
1.10924
1.10569
1.10213
1.09857
1.09499
1.0914
1.0878
1.08419
1.08057
1.07694
1.0733
1.06965
1.06599
1.06232
1.05864
1.05495
1.05125
1.04753
1.04381
1.04008
1.03634
1.03259
1.02883
1.02506
1.02128
1.01749
1.01369
1.00988
1.00606
1.00223
0.998389
0.994541
0.990683
0.986815
0.982938
0.979052
0.975156
0.971251
0.967336
0.963412
0.959479
0.955537
0.951585
0.947625
0.943655
0.939676
0.935688
0.931691
0.927685
0.92367
0.919646
0.915613
0.911571
0.907521
0.903462
0.899394
0.895317
0.891232
0.887138
0.883035
0.878924
0.874804
0.870676
0.86654
0.862395
0.858241
0.854079
0.849909
0.845731
0.841545
0.83735
0.833147
0.828936
0.824717
0.82049
0.816254
0.812011
0.80776
0.803501
0.799234
0.79496
0.790677
0.786387
0.782089
0.777784
0.773471
0.76915
0.764822
0.760486
0.756143
0.751792
0.747434
0.743068
0.738695
0.734315
0.729928
0.725533
0.721132
0.716723
0.712307
0.707884
0.703454
0.699017
0.694573
0.690123
0.685665
0.681201
0.676729
0.672252
0.667767
0.663276
0.658778
0.654273
0.649762
0.645245
0.640721
0.636191
0.631654
0.627111
0.622562
0.618006
0.613445
0.608877
0.604303
0.599723
0.595137
0.590545
0.585946
0.581342
0.576733
0.572117
0.567495
0.562868
0.558235
0.553596
0.548952
0.544302
0.539647
0.534986
0.53032
0.525648
0.520971
0.516288
0.5116
0.506907
0.502209
0.497506
0.492797
0.488083
0.483365
0.478641
0.473912
0.469179
0.46444
0.459697
0.454949
0.450196
0.445439
0.440677
0.43591
0.431138
0.426363
0.421582
0.416797
0.412008
0.407215
0.402417
0.397615
0.392808
0.387998
0.383183
0.378364
0.373541
0.368715
0.363884
0.359049
0.35421
0.349368
0.344522
0.339671
0.334818
0.32996
0.325099
0.320235
0.315367
0.310495
0.30562
0.300741
0.29586
0.290975
0.286086
0.281195
0.2763
0.271402
0.266501
0.261597
0.25669
0.25178
0.246867
0.241951
0.237032
0.232111
0.227187
0.22226
0.21733
0.212398
0.207463
0.202526
0.197587
0.192645
0.1877
0.182753
0.177804
0.172853
0.167899
0.162944
0.157986
0.153026
0.148064
0.1431
0.138135
0.133167
0.128197
0.123226
0.118253
0.113278
0.108302
0.103324
0.0983441
0.093363
0.0883804
0.0833963
0.0784108
0.073424
0.068436
0.0634466
0.058456
0.0534643
0.0484715
0.0434776
0.0384826
0.0334867
0.0284898
0.0234921
0.0184935
0.0134941
0.00849393
0.00349307
0.00150847
0.00651062
0.0115133
0.0165166
0.0215203
0.0265245
0.0315291
0.036534
0.0415392
0.0465447
0.0515503
0.0565562
0.0615621
0.0665682
0.0715742
0.0765803
0.0815863
0.0865921
0.0915979
0.0966034
0.101609
0.106614
0.111618
0.116623
0.121626
0.12663
0.131633
0.136635
0.141636
0.146637
0.151638
0.156637
0.161636
0.166634
0.171631
0.176627
0.181622
0.186616
0.191609
0.196601
0.201592
0.206582
0.21157
0.216557
0.221543
0.226527
0.23151
0.236491
0.241471
0.246449
0.251426
0.256401
0.261374
0.266346
0.271316
0.276284
0.28125
0.286214
0.291176
0.296136
0.301094
0.30605
0.311004
0.315955
0.320905
0.325852
0.330796
0.335738
0.340678
0.345616
0.350551
0.355483
0.360413
0.36534
0.370264
0.375185
0.380104
0.38502
0.389933
0.394843
0.39975
0.404655
0.409556
0.414454
0.419348
0.42424
0.429128
0.434013
0.438895
0.443773
0.448648
0.45352
0.458388
0.463252
0.468113
0.47297
0.477823
0.482673
0.487519
0.492361
0.497199
0.502034
0.506864
0.51169
0.516513
0.521331
0.526145
0.530955
0.535761
0.540562
0.545359
0.550152
0.55494
0.559724
0.564503
0.569278
0.574048
0.578814
0.583575
0.588331
0.593083
0.597829
0.602571
0.607308
0.61204
0.616767
0.621489
0.626206
0.630918
0.635625
0.640327
0.645023
0.649714
0.6544
0.65908
0.663755
0.668424
0.673088
0.677747
0.682399
0.687047
0.691688
0.696324
0.700954
0.705578
0.710197
0.71481
0.719416
0.724017
0.728612
0.7332
0.737783
0.742359
0.746929
0.751493
0.756051
0.760602
0.765147
0.769686
0.774218
0.778744
0.783263
0.787776
0.792282
0.796781
0.801274
0.80576
0.810239
0.814712
0.819177
0.823636
0.828088
0.832532
0.83697
0.841401
0.845824
0.850241
0.85465
0.859052
0.863447
0.867834
0.872214
0.876587
0.880952
0.88531
0.88966
0.894003
0.898338
0.902666
0.906986
0.911298
0.915602
0.919899
0.924187
0.928468
0.932741
0.937006
0.941263
0.945512
0.949753
0.953986
0.958211
0.962427
0.966635
0.970835
0.975027
0.97921
0.983385
0.987552
0.99171
0.995859
1
1.00413
1.00826
1.01237
1.01648
1.02058
1.02466
1.02874
1.03282
1.03688
1.04093
1.04498
1.04901
1.05304
1.05705
1.06106
1.06506
1.06905
1.07303
1.077
1.08097
1.08492
1.08886
1.0928
1.09672
1.10063
1.10454
1.10844
1.11232
1.1162
1.12007
1.12392
1.12777
1.13161
1.13544
1.13925
1.14306
1.14686
1.15065
1.15443
1.15819
1.16195
1.1657
1.16944
1.17317
1.17688
1.18059
1.18429
1.18797
1.19165
1.19532
1.19897
1.20262
1.20625
1.20987
1.21349
1.21709
1.22068
1.22426
1.22784
1.2314
1.23494
1.23848
1.24201
1.24553
1.24903
1.25253
1.25601
1.25949
1.26295
1.2664
1.26984
1.27327
1.27668
1.28009
1.28349
1.28687
1.29024
1.2936
1.29695
1.30029
1.30362
1.30693
1.31024
1.31353
1.31681
1.32008
1.32334
1.32659
1.32982
1.33304
1.33625
1.33945
1.34264
1.34582
1.34898
1.35213
1.35527
1.3584
1.36152
1.36462
1.36771
1.37079
1.37386
1.37692
1.37996
1.38299
1.38601
1.38902
1.39201
1.39499
1.39796
1.40092
1.40387
1.4068
1.40972
1.41263
1.41552
1.41841
1.42128
1.42413
1.42698
1.42981
1.43263
1.43544
1.43823
1.44102
1.44378
1.44654
1.44928
1.45201
1.45473
1.45744
1.46013
1.46281
1.46547
1.46813
1.47077
1.47339
1.47601
1.47861
1.48119
1.48377
1.48633
1.48888
1.49141
1.49393
1.49644
1.49893
1.50142
1.50388
1.50634
1.50878
1.51121
1.51362
1.51602
1.51841
1.52078
1.52314
1.52549
1.52782
1.53014
1.53245
1.53474
1.53702
1.53928
1.54153
1.54377
1.54599
1.5482
1.5504
1.55258
1.55475
1.5569
1.55904
1.56117
1.56328
1.56538
1.56746
1.56953
1.57159
1.57363
1.57566
1.57767
1.57967
1.58166
1.58363
1.58559
1.58753
1.58946
1.59137
1.59327
1.59516
1.59703
1.59889
1.60073
1.60256
1.60438
1.60618
1.60796
1.60973
1.61149
1.61323
1.61496
1.61667
1.61837
1.62006
1.62173
1.62338
1.62502
1.62665
1.62826
1.62986
1.63144
1.63301
1.63456
1.6361
1.63762
1.63913
1.64062
1.6421
1.64357
1.64502
1.64645
1.64787
1.64928
1.65067
1.65204
1.6534
1.65475
1.65608
1.65739
1.65869
1.65998
1.66125
1.66251
1.66375
1.66497
1.66618
1.66738
1.66856
1.66973
1.67088
1.67201
1.67313
1.67424
1.67533
1.6764
1.67746
1.67851
1.67954
1.68055
1.68155
1.68254
1.6835
1.68446
1.6854
1.68632
1.68723
1.68812
1.689
1.68986
1.69071
1.69154
1.69235
1.69315
1.69394
1.69471
1.69546
1.6962
1.69693
1.69764
1.69833
1.69901
1.69967
1.70032
1.70095
1.70157
1.70217
1.70275
1.70332
1.70388
1.70441
1.70494
1.70545
1.70594
1.70642
1.70688
1.70732
1.70775
1.70817
1.70857
1.70895
1.70932
1.70967
1.71001
1.71033
1.71064
1.71093
1.71121
1.71147
1.71171
1.71194
1.71215
1.71235
1.71253
1.7127
1.71285
1.71298
1.7131
1.7132
1.71329
1.71336
1.71342
1.71346
1.71349
1.7135
1.71349
1.71347
1.71343
1.71338
1.71331
1.71323
1.71313
1.71302
1.71289
1.71274
1.71258
1.7124
1.71221
1.712
1.71177
1.71153
1.71128
1.71101
1.71072
1.71042
1.7101
1.70976
1.70941
1.70905
1.70867
1.70827
1.70786
1.70743
1.70699
1.70653
1.70605
1.70556
1.70506
1.70454
1.704
1.70345
1.70288
1.70229
1.70169
1.70108
1.70045
1.6998
1.69914
1.69846
1.69777
1.69706
1.69634
1.6956
1.69484
1.69407
1.69328
1.69248
1.69167
1.69083
1.68998
1.68912
1.68824
1.68734
1.68643
1.68551
1.68457
1.68361
1.68264
1.68165
1.68064
1.67963
1.67859
1.67754
1.67648
1.6754
1.6743
1.67319
1.67206
1.67092
1.66976
1.66859
1.6674
1.66619
1.66497
1.66374
1.66249
1.66122
1.65994
1.65865
1.65734
1.65601
1.65467
1.65331
1.65194
1.65055
1.64915
1.64773
1.6463
1.64485
1.64339
1.64191
1.64041
1.6389
1.63738
1.63584
1.63428
1.63272
1.63113
1.62953
1.62792
1.62629
1.62464
1.62298
1.62131
1.61961
1.61791
1.61619
1.61445
1.6127
1.61094
1.60916
1.60736
1.60555
1.60373
1.60189
1.60004
1.59817
1.59628
1.59438
1.59247
1.59054
1.5886
1.58664
1.58467
1.58268
1.58068
1.57866
1.57663
1.57458
1.57252
1.57045
1.56836
1.56625
1.56414
1.562
1.55985
1.55769
1.55551
1.55332
1.55112
1.5489
1.54666
1.54441
1.54215
1.53987
1.53758
1.53527
1.53295
1.53061
1.52826
1.5259
1.52352
1.52113
1.51872
1.5163
1.51387
1.51142
1.50895
1.50648
1.50399
1.50148
1.49896
1.49643
1.49388
1.49132
1.48874
1.48615
1.48355
1.48093
1.4783
1.47566
1.473
1.47033
1.46764
1.46494
1.46223
1.4595
1.45676
1.454
1.45124
1.44845
1.44566
1.44285
1.44003
1.43719
1.43434
1.43148
1.4286
1.42571
1.42281
1.41989
1.41696
1.41402
1.41106
1.40809
1.40511
1.40211
1.3991
1.39608
1.39304
1.38999
1.38693
1.38386
1.38077
1.37767
1.37455
1.37143
1.36829
1.36513
1.36197
1.35879
1.3556
1.35239
1.34918
1.34595
1.3427
1.33945
1.33618
1.3329
1.32961
1.3263
1.32298
1.31965
1.31631
1.31295
1.30958
1.3062
1.30281
1.2994
1.29599
1.29256
1.28912
1.28566
1.28219
1.27872
1.27522
1.27172
1.26821
1.26468
1.26114
1.25759
1.25403
1.25045
1.24686
1.24327
1.23966
1.23603
1.2324
1.22875
1.2251
1.22143
1.21775
1.21405
1.21035
1.20663
1.20291
1.19917
1.19542
1.19166
1.18788
1.1841
1.1803
1.1765
1.17268
1.16885
1.16501
1.16116
1.15729
1.15342
1.14954
1.14564
1.14173
1.13782
1.13389
1.12995
1.126
1.12204
1.11806
1.11408
1.11009
1.10608
1.10207
1.09804
1.09401
1.08996
1.0859
1.08184
1.07776
1.07367
1.06957
1.06546
1.06134
1.05721
1.05307
1.04892
1.04476
1.04059
1.03641
1.03222
1.02802
1.02381
1.01959
1.01536
1.01112
1.00687
1.00262
0.998346
0.994068
0.989779
0.985481
0.981174
0.976857
0.97253
0.968194
0.963848
0.959494
0.955129
0.950756
0.946373
0.941981
0.93758
0.933169
0.92875
0.924321
0.919884
0.915437
0.910981
0.906517
0.902043
0.897561
0.89307
0.88857
0.884062
0.879544
0.875019
0.870484
0.865941
0.861389
0.856829
0.852261
0.847684
0.843099
0.838505
0.833903
0.829293
0.824675
0.820048
0.815414
0.810771
0.806121
0.801462
0.796795
0.792121
0.787438
0.782748
0.77805
0.773344
0.768631
0.76391
0.759181
0.754444
0.749701
0.744949
0.74019
0.735424
0.730651
0.72587
0.721081
0.716286
0.711483
0.706674
0.701857
0.697033
0.692202
0.687364
0.682519
0.677667
0.672808
0.667943
0.66307
0.658192
0.653306
0.648414
0.643515
0.638609
0.633697
0.628779
0.623854
0.618923
0.613985
0.609042
0.604092
0.599135
0.594173
0.589205
0.58423
0.579249
0.574263
0.56927
0.564272
0.559268
0.554258
0.549242
0.544221
0.539193
0.534161
0.529122
0.524079
0.519029
0.513975
0.508914
0.503849
0.498778
0.493702
0.488621
0.483534
0.478443
0.473346
0.468245
0.463138
0.458026
0.45291
0.447789
0.442663
0.437532
0.432396
0.427256
0.422111
0.416962
0.411808
0.40665
0.401487
0.39632
0.391148
0.385972
0.380792
0.375608
0.37042
0.365227
0.360031
0.35483
0.349626
0.344417
0.339205
0.333989
0.328769
0.323545
0.318318
0.313087
0.307853
0.302615
0.297373
0.292128
0.28688
0.281628
0.276373
0.271114
0.265853
0.260588
0.255321
0.25005
0.244776
0.239499
0.234219
0.228937
0.223651
0.218363
0.213072
0.207778
0.202482
0.197183
0.191882
0.186578
0.181271
0.175963
0.170652
0.165338
0.160022
0.154705
0.149385
0.144062
0.138738
0.133412
0.128084
0.122754
0.117422
0.112088
0.106753
0.101415
0.0960764
0.0907359
0.0853937
0.0800501
0.0747049
0.0693584
0.0640104
0.0586611
0.0533105
0.0479587
0.0426057
0.0372516
0.0318963
0.0265401
0.0211828
0.0158246
0.0104654
0.00510548
0.000255292
0.00561681
0.010979
0.0163419
0.0217054
0.0270694
0.032434
0.037799
0.0431644
0.0485302
0.0538963
0.0592626
0.0646292
0.0699959
0.0753628
0.0807297
0.0860967
0.0914636
0.0968304
0.102197
0.107564
0.11293
0.118296
0.123662
0.129027
0.134392
0.139756
0.14512
0.150484
0.155846
0.161209
0.16657
0.171931
0.17729
0.182649
0.188007
0.193364
0.19872
0.204075
0.209429
0.214782
0.220134
0.225484
0.230833
0.236181
0.241527
0.246872
0.252215
0.257557
0.262897
0.268235
0.273572
0.278907
0.284241
0.289572
0.294902
0.300229
0.305555
0.310879
0.3162
0.32152
0.326837
0.332152
0.337464
0.342775
0.348083
0.353389
0.358692
0.363992
0.36929
0.374586
0.379879
0.385169
0.390456
0.39574
0.401022
0.406301
0.411576
0.416849
0.422119
0.427385
0.432649
0.437909
0.443166
0.44842
0.45367
0.458917
0.464161
0.469401
0.474637
0.47987
0.485099
0.490325
0.495547
0.500765
0.505979
0.51119
0.516396
0.521599
0.526797
0.531991
0.537182
0.542368
0.54755
0.552728
0.557901
0.56307
0.568235
0.573395
0.57855
0.583702
0.588848
0.59399
0.599127
0.60426
0.609387
0.61451
0.619628
0.624741
0.62985
0.634953
0.640051
0.645144
0.650231
0.655314
0.660391
0.665463
0.67053
0.675591
0.680647
0.685697
0.690742
0.695781
0.700815
0.705843
0.710865
0.715882
0.720892
0.725897
0.730896
0.735889
0.740876
0.745857
0.750832
0.7558
0.760763
0.765719
0.770669
0.775613
0.78055
0.785481
0.790405
0.795323
0.800234
0.805139
0.810037
0.814929
0.819813
0.824691
0.829562
0.834427
0.839284
0.844134
0.848978
0.853814
0.858643
0.863465
0.86828
0.873088
0.877888
0.882681
0.887467
0.892245
0.897016
0.90178
0.906535
0.911284
0.916024
0.920757
0.925482
0.9302
0.934909
0.939611
0.944305
0.948991
0.953669
0.958339
0.963001
0.967655
0.9723
0.976938
0.981567
0.986188
0.9908
0.995404
1
1.00459
1.00917
1.01374
1.0183
1.02285
1.0274
1.03193
1.03646
1.04098
1.04549
1.04999
1.05448
1.05896
1.06343
1.0679
1.07235
1.0768
1.08124
1.08566
1.09008
1.09449
1.09889
1.10328
1.10766
1.11203
1.1164
1.12075
1.12509
1.12942
1.13375
1.13806
1.14237
1.14666
1.15094
1.15522
1.15948
1.16374
1.16798
1.17222
1.17644
1.18066
1.18486
1.18906
1.19324
1.19741
1.20158
1.20573
1.20987
1.214
1.21813
1.22224
1.22634
1.23043
1.23451
1.23858
1.24263
1.24668
1.25072
1.25474
1.25876
1.26276
1.26675
1.27074
1.27471
1.27867
1.28262
1.28655
1.29048
1.29439
1.2983
1.30219
1.30607
1.30994
1.3138
1.31765
1.32149
1.32531
1.32912
1.33292
1.33671
1.34049
1.34426
1.34801
1.35175
1.35549
1.35921
1.36291
1.36661
1.37029
1.37396
1.37762
1.38127
1.38491
1.38853
1.39214
1.39574
1.39933
1.4029
1.40646
1.41001
1.41355
1.41708
1.42059
1.42409
1.42758
1.43105
1.43452
1.43797
1.44141
1.44483
1.44824
1.45164
1.45503
1.4584
1.46177
1.46511
1.46845
1.47177
1.47508
1.47838
1.48166
1.48493
1.48819
1.49144
1.49467
1.49789
1.50109
1.50428
1.50746
1.51063
1.51378
1.51692
1.52004
1.52316
1.52626
1.52934
1.53241
1.53547
1.53851
1.54155
1.54456
1.54757
1.55056
1.55353
1.5565
1.55944
1.56238
1.5653
1.56821
1.5711
1.57398
1.57685
1.5797
1.58254
1.58536
1.58817
1.59096
1.59375
1.59651
1.59927
1.60201
1.60473
1.60744
1.61014
1.61282
1.61549
1.61814
1.62078
1.6234
1.62601
1.62861
1.63119
1.63376
1.63631
1.63885
1.64137
1.64388
1.64637
1.64885
1.65132
1.65377
1.6562
1.65862
1.66103
1.66342
1.66579
1.66816
1.6705
1.67283
1.67515
1.67745
1.67974
1.68201
1.68427
1.68651
1.68873
1.69095
1.69314
1.69532
1.69749
1.69964
1.70178
1.7039
1.706
1.70809
1.71017
1.71223
1.71427
1.7163
1.71831
1.72031
1.72229
1.72426
1.72621
1.72815
1.73007
1.73198
1.73387
1.73574
1.7376
1.73944
1.74127
1.74308
1.74488
1.74666
1.74842
1.75017
1.75191
1.75363
1.75533
1.75701
1.75869
1.76034
1.76198
1.7636
1.76521
1.7668
1.76838
1.76994
1.77148
1.77301
1.77452
1.77602
1.7775
1.77896
1.78041
1.78184
1.78326
1.78466
1.78604
1.78741
1.78876
1.7901
1.79142
1.79272
1.79401
1.79528
1.79653
1.79777
1.799
1.8002
1.80139
1.80257
1.80372
1.80486
1.80599
1.8071
1.80819
1.80927
1.81033
1.81137
1.8124
1.81341
1.8144
1.81538
1.81634
1.81728
1.81821
1.81913
1.82002
1.8209
1.82176
1.82261
1.82344
1.82425
1.82505
1.82583
1.82659
1.82734
1.82807
1.82878
1.82948
1.83016
1.83083
1.83147
1.83211
1.83272
1.83332
1.8339
1.83446
1.83501
1.83554
1.83606
1.83655
1.83704
1.8375
1.83795
1.83838
1.83879
1.83919
1.83957
1.83994
1.84028
1.84062
1.84093
1.84123
1.84151
1.84177
1.84202
1.84225
1.84246
1.84266
1.84284
1.843
1.84315
1.84328
1.84339
1.84349
1.84357
1.84363
1.84368
1.84371
1.84372
1.84371
1.84369
1.84365
1.8436
1.84353
1.84344
1.84333
1.84321
1.84307
1.84291
1.84274
1.84255
1.84234
1.84212
1.84188
1.84162
1.84135
1.84106
1.84075
1.84043
1.84009
1.83973
1.83935
1.83896
1.83855
1.83813
1.83769
1.83723
1.83675
1.83626
1.83575
1.83522
1.83468
1.83412
1.83354
1.83295
1.83234
1.83171
1.83107
1.83041
1.82973
1.82904
1.82832
1.8276
1.82685
1.82609
1.82531
1.82452
1.82371
1.82288
1.82203
1.82117
1.82029
1.8194
1.81848
1.81756
1.81661
1.81565
1.81467
1.81367
1.81266
1.81163
1.81059
1.80952
1.80845
1.80735
1.80624
1.80511
1.80396
1.8028
1.80162
1.80043
1.79921
1.79799
1.79674
1.79548
1.7942
1.79291
1.79159
1.79027
1.78892
1.78756
1.78618
1.78479
1.78338
1.78195
1.78051
1.77905
1.77757
1.77608
1.77457
1.77305
1.7715
1.76995
1.76837
1.76678
1.76517
1.76355
1.76191
1.76025
1.75858
1.75689
1.75518
1.75346
1.75173
1.74997
1.7482
1.74641
1.74461
1.74279
1.74096
1.73911
1.73724
1.73536
1.73346
1.73154
1.72961
1.72766
1.7257
1.72372
1.72172
1.71971
1.71768
1.71564
1.71358
1.7115
1.70941
1.70731
1.70518
1.70304
1.70089
1.69872
1.69653
1.69433
1.69211
1.68987
1.68763
1.68536
1.68308
1.68078
1.67847
1.67614
1.6738
1.67144
1.66906
1.66667
1.66426
1.66184
1.65941
1.65695
1.65448
1.652
1.6495
1.64699
1.64446
1.64191
1.63935
1.63677
1.63418
1.63158
1.62895
1.62632
1.62366
1.621
1.61831
1.61562
1.6129
1.61017
1.60743
1.60467
1.6019
1.59911
1.59631
1.59349
1.59066
1.58781
1.58494
1.58207
1.57917
1.57626
1.57334
1.5704
1.56745
1.56449
1.5615
1.55851
1.5555
1.55247
1.54943
1.54638
1.54331
1.54022
1.53712
1.53401
1.53088
1.52774
1.52458
1.52141
1.51823
1.51503
1.51182
1.50859
1.50535
1.50209
1.49882
1.49553
1.49223
1.48892
1.48559
1.48225
1.4789
1.47553
1.47215
1.46875
1.46534
1.46191
1.45847
1.45502
1.45155
1.44807
1.44458
1.44107
1.43755
1.43402
1.43047
1.42691
1.42333
1.41974
1.41614
1.41252
1.40889
1.40525
1.40159
1.39792
1.39424
1.39055
1.38684
1.38311
1.37938
1.37563
1.37187
1.36809
1.3643
1.3605
1.35669
1.35286
1.34902
1.34517
1.3413
1.33742
1.33353
1.32963
1.32571
1.32178
1.31784
1.31388
1.30992
1.30594
1.30194
1.29794
1.29392
1.28989
1.28585
1.28179
1.27773
1.27365
1.26956
1.26545
1.26134
1.25721
1.25307
1.24892
1.24475
1.24058
1.23639
1.23219
1.22798
1.22375
1.21952
1.21527
1.21101
1.20674
1.20246
1.19816
1.19386
1.18954
1.18521
1.18087
1.17652
1.17216
1.16778
1.1634
1.159
1.15459
1.15017
1.14574
1.1413
1.13685
1.13238
1.12791
1.12342
1.11893
1.11442
1.1099
1.10537
1.10083
1.09628
1.09172
1.08715
1.08257
1.07797
1.07337
1.06875
1.06413
1.05949
1.05485
1.05019
1.04553
1.04085
1.03616
1.03147
1.02676
1.02204
1.01732
1.01258
1.00783
1.00307
0.998307
0.993531
0.988744
0.983948
0.979142
0.974326
0.969501
0.964666
0.959822
0.954968
0.950105
0.945232
0.94035
0.935459
0.930558
0.925648
0.920729
0.915801
0.910863
0.905917
0.900961
0.895997
0.891023
0.886041
0.88105
0.87605
0.871041
0.866024
0.860998
0.855963
0.85092
0.845868
0.840807
0.835739
0.830661
0.825576
0.820482
0.81538
0.81027
0.805151
0.800024
0.79489
0.789747
0.784596
0.779437
0.774271
0.769096
0.763914
0.758724
0.753526
0.74832
0.743107
0.737887
0.732658
0.727423
0.722179
0.716929
0.711671
0.706406
0.701133
0.695854
0.690567
0.685273
0.679972
0.674664
0.669349
0.664027
0.658698
0.653362
0.64802
0.64267
0.637315
0.631952
0.626583
0.621207
0.615825
0.610437
0.605041
0.59964
0.594232
0.588819
0.583398
0.577972
0.57254
0.567101
0.561657
0.556206
0.55075
0.545288
0.53982
0.534346
0.528866
0.523381
0.51789
0.512394
0.506892
0.501384
0.495871
0.490353
0.484829
0.479301
0.473767
0.468227
0.462683
0.457133
0.451579
0.446019
0.440455
0.434886
0.429311
0.423733
0.418149
0.412561
0.406968
0.40137
0.395768
0.390161
0.38455
0.378935
0.373315
0.367691
0.362063
0.356431
0.350794
0.345154
0.339509
0.33386
0.328208
0.322551
0.316891
0.311227
0.305559
0.299888
0.294213
0.288534
0.282852
0.277167
0.271478
0.265785
0.26009
0.254391
0.248689
0.242983
0.237275
0.231564
0.225849
0.220132
0.214411
0.208688
0.202962
0.197234
0.191502
0.185768
0.180032
0.174292
0.168551
0.162807
0.15706
0.151311
0.14556
0.139807
0.134052
0.128294
0.122534
0.116773
0.111009
0.105243
0.0994759
0.0937066
0.0879356
0.0821629
0.0763885
0.0706126
0.064835
0.059056
0.0532756
0.0474937
0.0417105
0.0359261
0.0301403
0.0243535
0.0185654
0.0127763
0.0069862
0.0011951
0.00459691
0.0103898
0.0161835
0.021978
0.0277731
0.0335689
0.0393654
0.0451624
0.0509598
0.0567578
0.0625561
0.0683547
0.0741537
0.0799529
0.0857522
0.0915517
0.0973513
0.103151
0.10895
0.11475
0.120549
0.126348
0.132147
0.137946
0.143744
0.149542
0.15534
0.161137
0.166933
0.172729
0.178524
0.184318
0.190112
0.195905
0.201696
0.207487
0.213277
0.219066
0.224854
0.230641
0.236427
0.242211
0.247994
0.253776
0.259556
0.265335
0.271112
0.276888
0.282662
0.288434
0.294205
0.299974
0.305741
0.311506
0.31727
0.323031
0.32879
0.334548
0.340303
0.346056
0.351806
0.357555
0.363301
0.369044
0.374785
0.380524
0.38626
0.391994
0.397724
0.403452
0.409178
0.4149
0.42062
0.426336
0.43205
0.437761
0.443468
0.449172
0.454874
0.460572
0.466266
0.471958
0.477645
0.48333
0.489011
0.494688
0.500362
0.506032
0.511699
0.517361
0.52302
0.528675
0.534326
0.539973
0.545616
0.551255
0.55689
0.56252
0.568146
0.573769
0.579386
0.585
0.590609
0.596213
0.601813
0.607408
0.612999
0.618585
0.624166
0.629742
0.635313
0.64088
0.646442
0.651998
0.65755
0.663096
0.668637
0.674174
0.679704
0.68523
0.69075
0.696264
0.701774
0.707277
0.712775
0.718268
0.723755
0.729236
0.734711
0.74018
0.745644
0.751102
0.756553
0.761999
0.767439
0.772872
0.778299
0.78372
0.789135
0.794543
0.799945
0.805341
0.81073
0.816112
0.821488
0.826858
0.83222
0.837576
0.842925
0.848268
0.853603
0.858932
0.864253
0.869568
0.874875
0.880175
0.885468
0.890754
0.896033
0.901304
0.906568
0.911824
0.917073
0.922315
0.927548
0.932775
0.937993
0.943204
0.948407
0.953602
0.95879
0.963969
0.969141
0.974304
0.97946
0.984607
0.989746
0.994877
1
1.00511
1.01022
1.01532
1.02041
1.02549
1.03056
1.03562
1.04068
1.04573
1.05076
1.05579
1.06081
1.06582
1.07083
1.07582
1.0808
1.08578
1.09074
1.0957
1.10065
1.10559
1.11052
1.11544
1.12035
1.12525
1.13014
1.13502
1.13989
1.14476
1.14961
1.15445
1.15929
1.16411
1.16892
1.17373
1.17852
1.18331
1.18808
1.19285
1.1976
1.20234
1.20708
1.2118
1.21651
1.22122
1.22591
1.23059
1.23526
1.23992
1.24458
1.24922
1.25384
1.25846
1.26307
1.26767
1.27225
1.27683
1.28139
1.28595
1.29049
1.29502
1.29954
1.30405
1.30855
1.31304
1.31751
1.32198
1.32643
1.33087
1.3353
1.33972
1.34413
1.34852
1.35291
1.35728
1.36164
1.36599
1.37033
1.37465
1.37897
1.38327
1.38756
1.39184
1.3961
1.40036
1.4046
1.40883
1.41305
1.41725
1.42145
1.42563
1.42979
1.43395
1.43809
1.44223
1.44634
1.45045
1.45454
1.45863
1.46269
1.46675
1.47079
1.47482
1.47884
1.48285
1.48684
1.49082
1.49478
1.49874
1.50268
1.5066
1.51052
1.51442
1.5183
1.52218
1.52604
1.52989
1.53372
1.53754
1.54135
1.54514
1.54893
1.55269
1.55645
1.56019
1.56391
1.56763
1.57132
1.57501
1.57868
1.58234
1.58598
1.58961
1.59323
1.59683
1.60042
1.60399
1.60755
1.6111
1.61463
1.61815
1.62165
1.62514
1.62862
1.63208
1.63553
1.63896
1.64238
1.64578
1.64917
1.65254
1.6559
1.65925
1.66258
1.6659
1.6692
1.67248
1.67576
1.67901
1.68226
1.68548
1.6887
1.6919
1.69508
1.69825
1.7014
1.70454
1.70766
1.71077
1.71386
1.71694
1.72
1.72305
1.72608
1.7291
1.7321
1.73509
1.73806
1.74102
1.74396
1.74688
1.74979
1.75269
1.75556
1.75843
1.76128
1.76411
1.76692
1.76972
1.77251
1.77528
1.77803
1.78077
1.78349
1.7862
1.78889
1.79156
1.79422
1.79686
1.79949
1.8021
1.8047
1.80727
1.80984
1.81238
1.81491
1.81743
1.81993
1.82241
1.82487
1.82732
1.82976
1.83217
1.83457
1.83696
1.83933
1.84168
1.84401
1.84633
1.84863
1.85092
1.85319
1.85544
1.85768
1.8599
1.8621
1.86429
1.86646
1.86861
1.87074
1.87286
1.87497
1.87705
1.87912
1.88118
1.88321
1.88523
1.88723
1.88922
1.89119
1.89314
1.89507
1.89699
1.89889
1.90077
1.90264
1.90449
1.90632
1.90814
1.90993
1.91172
1.91348
1.91523
1.91696
1.91867
1.92036
1.92204
1.9237
1.92534
1.92697
1.92858
1.93017
1.93175
1.9333
1.93484
1.93636
1.93787
1.93936
1.94083
1.94228
1.94371
1.94513
1.94653
1.94791
1.94928
1.95062
1.95195
1.95327
1.95456
1.95584
1.9571
1.95834
1.95956
1.96077
1.96196
1.96313
1.96428
1.96542
1.96653
1.96763
1.96872
1.96978
1.97083
1.97186
1.97287
1.97386
1.97484
1.97579
1.97673
1.97766
1.97856
1.97945
1.98031
1.98116
1.982
1.98281
1.98361
1.98439
1.98515
1.98589
1.98661
1.98732
1.98801
1.98868
1.98933
1.98997
1.99058
1.99118
1.99176
1.99232
1.99287
1.99339
1.9939
1.99439
1.99486
1.99532
1.99575
1.99617
1.99657
1.99695
1.99731
1.99766
1.99798
1.99829
1.99858
1.99886
1.99911
1.99935
1.99956
1.99976
1.99994
2.00011
2.00025
2.00038
2.00049
2.00058
2.00065
2.0007
2.00074
2.00075
2.00075
2.00073
2.0007
2.00064
2.00057
2.00047
2.00036
2.00024
2.00009
1.99992
1.99974
1.99954
1.99932
1.99908
1.99882
1.99855
1.99825
1.99794
1.99761
1.99727
1.9969
1.99651
1.99611
1.99569
1.99525
1.99479
1.99432
1.99382
1.99331
1.99278
1.99223
1.99166
1.99108
1.99048
1.98985
1.98921
1.98855
1.98788
1.98718
1.98647
1.98574
1.98499
1.98422
1.98343
1.98263
1.98181
1.98097
1.98011
1.97923
1.97834
1.97742
1.97649
1.97554
1.97457
1.97359
1.97258
1.97156
1.97052
1.96946
1.96838
1.96729
1.96617
1.96504
1.96389
1.96273
1.96154
1.96034
1.95911
1.95787
1.95662
1.95534
1.95405
1.95273
1.9514
1.95006
1.94869
1.94731
1.9459
1.94448
1.94305
1.94159
1.94012
1.93862
1.93711
1.93559
1.93404
1.93248
1.9309
1.9293
1.92768
1.92604
1.92439
1.92272
1.92103
1.91933
1.9176
1.91586
1.9141
1.91232
1.91053
1.90871
1.90688
1.90504
1.90317
1.90129
1.89938
1.89747
1.89553
1.89358
1.8916
1.88961
1.88761
1.88558
1.88354
1.88148
1.8794
1.87731
1.8752
1.87307
1.87092
1.86876
1.86658
1.86438
1.86216
1.85993
1.85767
1.85541
1.85312
1.85082
1.8485
1.84616
1.8438
1.84143
1.83904
1.83664
1.83421
1.83177
1.82932
1.82684
1.82435
1.82184
1.81931
1.81677
1.81421
1.81163
1.80904
1.80643
1.8038
1.80116
1.79849
1.79582
1.79312
1.79041
1.78768
1.78493
1.78217
1.77939
1.7766
1.77378
1.77095
1.76811
1.76525
1.76237
1.75947
1.75656
1.75363
1.75069
1.74773
1.74475
1.74175
1.73874
1.73572
1.73267
1.72961
1.72654
1.72344
1.72034
1.71721
1.71407
1.71091
1.70774
1.70455
1.70134
1.69812
1.69489
1.69163
1.68836
1.68508
1.68178
1.67846
1.67512
1.67178
1.66841
1.66503
1.66163
1.65822
1.65479
1.65135
1.64789
1.64442
1.64093
1.63742
1.6339
1.63036
1.62681
1.62324
1.61966
1.61606
1.61245
1.60882
1.60517
1.60151
1.59784
1.59415
1.59044
1.58672
1.58299
1.57924
1.57547
1.57169
1.56789
1.56408
1.56026
1.55642
1.55256
1.54869
1.54481
1.54091
1.53699
1.53306
1.52912
1.52516
1.52119
1.5172
1.5132
1.50918
1.50515
1.50111
1.49705
1.49297
1.48888
1.48478
1.48066
1.47653
1.47239
1.46823
1.46405
1.45987
1.45567
1.45145
1.44722
1.44298
1.43872
1.43445
1.43016
1.42586
1.42155
1.41723
1.41289
1.40853
1.40417
1.39979
1.39539
1.39098
1.38656
1.38213
1.37768
1.37322
1.36874
1.36426
1.35976
1.35524
1.35071
1.34617
1.34162
1.33705
1.33248
1.32788
1.32328
1.31866
1.31403
1.30939
1.30473
1.30006
1.29538
1.29068
1.28598
1.28126
1.27653
1.27178
1.26702
1.26226
1.25747
1.25268
1.24787
1.24306
1.23823
1.23338
1.22853
1.22366
1.21878
1.21389
1.20899
1.20408
1.19915
1.19421
1.18926
1.1843
1.17933
1.17434
1.16935
1.16434
1.15932
1.15429
1.14925
1.14419
1.13913
1.13405
1.12897
1.12387
1.11876
1.11364
1.10851
1.10336
1.09821
1.09304
1.08787
1.08268
1.07749
1.07228
1.06706
1.06183
1.05659
1.05134
1.04608
1.04081
1.03553
1.03024
1.02494
1.01962
1.0143
1.00897
1.00363
0.998272
0.992909
0.987536
0.982154
0.976761
0.971358
0.965946
0.960524
0.955092
0.949651
0.9442
0.938739
0.933269
0.927789
0.9223
0.916802
0.911294
0.905777
0.900251
0.894716
0.889172
0.883618
0.878056
0.872484
0.866904
0.861315
0.855717
0.85011
0.844494
0.83887
0.833237
0.827596
0.821946
0.816287
0.81062
0.804945
0.799261
0.79357
0.78787
0.782161
0.776445
0.770721
0.764988
0.759248
0.753499
0.747743
0.741979
0.736207
0.730428
0.724641
0.718846
0.713043
0.707234
0.701416
0.695591
0.689759
0.68392
0.678073
0.672219
0.666359
0.66049
0.654615
0.648733
0.642844
0.636948
0.631045
0.625136
0.619219
0.613297
0.607367
0.601431
0.595488
0.589539
0.583583
0.577621
0.571653
0.565679
0.559698
0.553711
0.547718
0.541719
0.535714
0.529704
0.523687
0.517664
0.511636
0.505602
0.499562
0.493517
0.487466
0.481409
0.475348
0.46928
0.463208
0.45713
0.451047
0.444959
0.438865
0.432767
0.426663
0.420555
0.414442
0.408323
0.4022
0.396073
0.38994
0.383803
0.377662
0.371516
0.365365
0.35921
0.353051
0.346887
0.340719
0.334547
0.328371
0.322191
0.316007
0.309818
0.303626
0.29743
0.29123
0.285027
0.27882
0.272609
0.266394
0.260176
0.253955
0.24773
0.241502
0.235271
0.229036
0.222798
0.216557
0.210313
0.204066
0.197816
0.191563
0.185307
0.179048
0.172787
0.166523
0.160257
0.153987
0.147716
0.141442
0.135165
0.128886
0.122605
0.116322
0.110036
0.103749
0.097459
0.0911673
0.0848738
0.0785783
0.072281
0.0659819
0.0596811
0.0533787
0.0470747
0.0407691
0.0344621
0.0281536
0.0218438
0.0155326
0.00922023
0.00290664
0.00340809
0.0097239
0.0160407
0.0223585
0.0286772
0.0349968
0.0413172
0.0476382
0.05396
0.0602824
0.0666054
0.0729288
0.0792528
0.0855771
0.0919017
0.0982266
0.104552
0.110877
0.117202
0.123528
0.129853
0.136179
0.142504
0.148829
0.155154
0.161478
0.167803
0.174126
0.18045
0.186772
0.193095
0.199416
0.205737
0.212057
0.218376
0.224695
0.231012
0.237329
0.243644
0.249958
0.256271
0.262583
0.268894
0.275203
0.281511
0.287818
0.294123
0.300426
0.306728
0.313028
0.319326
0.325623
0.331917
0.33821
0.344501
0.35079
0.357077
0.363361
0.369643
0.375924
0.382201
0.388477
0.39475
0.40102
0.407288
0.413554
0.419816
0.426076
0.432333
0.438588
0.444839
0.451088
0.457333
0.463576
0.469815
0.476051
0.482284
0.488514
0.49474
0.500963
0.507183
0.513398
0.519611
0.525819
0.532024
0.538226
0.544423
0.550617
0.556806
0.562992
0.569174
0.575351
0.581525
0.587694
0.593859
0.60002
0.606176
0.612328
0.618475
0.624618
0.630756
0.63689
0.643018
0.649142
0.655262
0.661376
0.667485
0.67359
0.679689
0.685783
0.691872
0.697956
0.704035
0.710108
0.716176
0.722238
0.728295
0.734347
0.740392
0.746432
0.752467
0.758495
0.764518
0.770535
0.776545
0.78255
0.788549
0.794542
0.800528
0.806508
0.812482
0.81845
0.824411
0.830366
0.836314
0.842256
0.848191
0.854119
0.860041
0.865956
0.871864
0.877765
0.883659
0.889546
0.895427
0.9013
0.907165
0.913024
0.918875
0.924719
0.930556
0.936385
0.942207
0.948021
0.953828
0.959627
0.965418
0.971201
0.976977
0.982745
0.988504
0.994256
1
1.00574
1.01146
1.01718
1.02289
1.0286
1.03429
1.03998
1.04565
1.05132
1.05698
1.06264
1.06828
1.07391
1.07954
1.08516
1.09076
1.09636
1.10195
1.10753
1.11311
1.11867
1.12422
1.12977
1.1353
1.14083
1.14634
1.15185
1.15735
1.16284
1.16831
1.17378
1.17924
1.18469
1.19013
1.19556
1.20098
1.20639
1.21179
1.21717
1.22255
1.22792
1.23328
1.23863
1.24397
1.2493
1.25461
1.25992
1.26522
1.2705
1.27578
1.28104
1.28629
1.29154
1.29677
1.30199
1.3072
1.3124
1.31759
1.32277
1.32793
1.33309
1.33823
1.34336
1.34848
1.35359
1.35869
1.36378
1.36885
1.37392
1.37897
1.38401
1.38904
1.39405
1.39906
1.40405
1.40903
1.414
1.41896
1.42391
1.42884
1.43376
1.43867
1.44357
1.44845
1.45332
1.45818
1.46303
1.46786
1.47269
1.4775
1.48229
1.48708
1.49185
1.49661
1.50136
1.50609
1.51081
1.51552
1.52021
1.52489
1.52956
1.53422
1.53886
1.54349
1.54811
1.55271
1.5573
1.56187
1.56644
1.57099
1.57552
1.58004
1.58455
1.58905
1.59353
1.598
1.60245
1.60689
1.61131
1.61573
1.62013
1.62451
1.62888
1.63324
1.63758
1.64191
1.64622
1.65052
1.6548
1.65908
1.66333
1.66757
1.6718
1.67602
1.68021
1.6844
1.68857
1.69272
1.69686
1.70099
1.7051
1.7092
1.71328
1.71734
1.7214
1.72543
1.72945
1.73346
1.73745
1.74143
1.74539
1.74933
1.75327
1.75718
1.76108
1.76497
1.76883
1.77269
1.77653
1.78035
1.78416
1.78795
1.79173
1.79549
1.79923
1.80296
1.80667
1.81037
1.81405
1.81772
1.82137
1.825
1.82862
1.83222
1.83581
1.83938
1.84293
1.84647
1.84999
1.8535
1.85699
1.86046
1.86392
1.86736
1.87078
1.87419
1.87758
1.88095
1.88431
1.88765
1.89098
1.89428
1.89757
1.90085
1.90411
1.90735
1.91057
1.91378
1.91697
1.92014
1.9233
1.92644
1.92956
1.93267
1.93576
1.93883
1.94188
1.94492
1.94794
1.95094
1.95393
1.9569
1.95985
1.96278
1.9657
1.9686
1.97148
1.97434
1.97719
1.98002
1.98283
1.98563
1.9884
1.99116
1.9939
1.99663
1.99933
2.00202
2.00469
2.00734
2.00998
2.0126
2.01519
2.01778
2.02034
2.02288
2.02541
2.02792
2.03041
2.03288
2.03534
2.03778
2.0402
2.0426
2.04498
2.04734
2.04969
2.05202
2.05433
2.05662
2.05889
2.06115
2.06338
2.0656
2.0678
2.06998
2.07214
2.07429
2.07641
2.07852
2.08061
2.08268
2.08473
2.08676
2.08877
2.09077
2.09275
2.0947
2.09664
2.09856
2.10046
2.10235
2.10421
2.10606
2.10788
2.10969
2.11148
2.11325
2.115
2.11673
2.11844
2.12014
2.12181
2.12347
2.1251
2.12672
2.12832
2.1299
2.13146
2.133
2.13452
2.13602
2.1375
2.13897
2.14041
2.14184
2.14325
2.14463
2.146
2.14735
2.14868
2.14999
2.15128
2.15255
2.1538
2.15503
2.15625
2.15744
2.15861
2.15977
2.1609
2.16202
2.16311
2.16419
2.16525
2.16628
2.1673
2.1683
2.16928
2.17024
2.17118
2.1721
2.173
2.17388
2.17474
2.17558
2.1764
2.1772
2.17799
2.17875
2.17949
2.18021
2.18092
2.1816
2.18226
2.18291
2.18353
2.18414
2.18472
2.18529
2.18583
2.18636
2.18686
2.18735
2.18781
2.18826
2.18868
2.18909
2.18947
2.18984
2.19019
2.19051
2.19082
2.19111
2.19137
2.19162
2.19185
2.19205
2.19224
2.19241
2.19255
2.19268
2.19279
2.19287
2.19294
2.19299
2.19301
2.19302
2.19301
2.19298
2.19292
2.19285
2.19276
2.19264
2.19251
2.19236
2.19218
2.19199
2.19178
2.19154
2.19129
2.19102
2.19072
2.19041
2.19008
2.18972
2.18935
2.18896
2.18854
2.18811
2.18766
2.18718
2.18669
2.18618
2.18564
2.18509
2.18452
2.18392
2.18331
2.18267
2.18202
2.18135
2.18065
2.17994
2.1792
2.17845
2.17768
2.17688
2.17607
2.17523
2.17438
2.17351
2.17261
2.1717
2.17076
2.16981
2.16884
2.16784
2.16683
2.1658
2.16474
2.16367
2.16258
2.16146
2.16033
2.15918
2.158
2.15681
2.1556
2.15436
2.15311
2.15184
2.15055
2.14923
2.1479
2.14655
2.14518
2.14379
2.14237
2.14094
2.13949
2.13802
2.13653
2.13502
2.13349
2.13194
2.13037
2.12878
2.12717
2.12554
2.12389
2.12223
2.12054
2.11883
2.1171
2.11536
2.11359
2.11181
2.11
2.10817
2.10633
2.10447
2.10258
2.10068
2.09876
2.09681
2.09485
2.09287
2.09087
2.08885
2.08681
2.08475
2.08267
2.08057
2.07846
2.07632
2.07416
2.07199
2.06979
2.06758
2.06535
2.0631
2.06082
2.05853
2.05622
2.05389
2.05155
2.04918
2.04679
2.04439
2.04196
2.03952
2.03705
2.03457
2.03207
2.02955
2.02701
2.02445
2.02188
2.01928
2.01666
2.01403
2.01138
2.00871
2.00602
2.00331
2.00058
1.99783
1.99507
1.99228
1.98948
1.98666
1.98382
1.98096
1.97808
1.97519
1.97227
1.96934
1.96639
1.96342
1.96043
1.95742
1.9544
1.95135
1.94829
1.94521
1.94211
1.93899
1.93586
1.9327
1.92953
1.92634
1.92313
1.91991
1.91666
1.9134
1.91012
1.90682
1.9035
1.90017
1.89682
1.89345
1.89006
1.88665
1.88323
1.87978
1.87632
1.87285
1.86935
1.86584
1.86231
1.85876
1.85519
1.85161
1.84801
1.84439
1.84075
1.8371
1.83343
1.82974
1.82603
1.82231
1.81857
1.81481
1.81103
1.80724
1.80343
1.7996
1.79576
1.7919
1.78802
1.78412
1.78021
1.77628
1.77234
1.76837
1.76439
1.76039
1.75638
1.75235
1.7483
1.74424
1.74016
1.73606
1.73195
1.72782
1.72367
1.7195
1.71532
1.71113
1.70691
1.70268
1.69844
1.69418
1.6899
1.6856
1.68129
1.67697
1.67262
1.66826
1.66389
1.6595
1.65509
1.65067
1.64623
1.64177
1.6373
1.63282
1.62831
1.62379
1.61926
1.61471
1.61015
1.60557
1.60097
1.59636
1.59173
1.58709
1.58243
1.57776
1.57307
1.56837
1.56365
1.55891
1.55416
1.5494
1.54462
1.53983
1.53502
1.53019
1.52535
1.5205
1.51563
1.51075
1.50585
1.50094
1.49601
1.49107
1.48611
1.48114
1.47615
1.47115
1.46614
1.46111
1.45607
1.45101
1.44594
1.44085
1.43575
1.43064
1.42551
1.42037
1.41521
1.41004
1.40486
1.39966
1.39445
1.38923
1.38399
1.37873
1.37347
1.36819
1.3629
1.35759
1.35227
1.34694
1.34159
1.33623
1.33086
1.32547
1.32007
1.31466
1.30923
1.3038
1.29834
1.29288
1.2874
1.28191
1.27641
1.2709
1.26537
1.25983
1.25427
1.24871
1.24313
1.23754
1.23194
1.22632
1.22069
1.21505
1.2094
1.20374
1.19806
1.19237
1.18667
1.18096
1.17524
1.1695
1.16375
1.15799
1.15222
1.14644
1.14064
1.13484
1.12902
1.12319
1.11735
1.1115
1.10564
1.09976
1.09388
1.08798
1.08208
1.07616
1.07023
1.06429
1.05834
1.05238
1.0464
1.04042
1.03443
1.02842
1.02241
1.01638
1.01034
1.0043
0.99824
0.992173
0.986096
0.980008
0.973911
0.967803
0.961685
0.955557
0.94942
0.943272
0.937115
0.930948
0.924771
0.918585
0.912389
0.906183
0.899968
0.893744
0.88751
0.881267
0.875015
0.868753
0.862482
0.856202
0.849914
0.843616
0.837309
0.830993
0.824669
0.818336
0.811994
0.805643
0.799284
0.792916
0.78654
0.780155
0.773762
0.767361
0.760952
0.754534
0.748108
0.741674
0.735232
0.728782
0.722324
0.715859
0.709385
0.702904
0.696415
0.689918
0.683414
0.676902
0.670383
0.663857
0.657323
0.650782
0.644233
0.637678
0.631115
0.624546
0.617969
0.611385
0.604795
0.598198
0.591594
0.584983
0.578365
0.571742
0.565111
0.558474
0.551831
0.545181
0.538525
0.531863
0.525195
0.51852
0.51184
0.505153
0.498461
0.491763
0.485059
0.478349
0.471633
0.464912
0.458186
0.451453
0.444716
0.437973
0.431224
0.424471
0.417712
0.410948
0.404179
0.397405
0.390626
0.383842
0.377053
0.370259
0.363461
0.356658
0.349851
0.343038
0.336222
0.329401
0.322576
0.315746
0.308912
0.302074
0.295232
0.288386
0.281536
0.274682
0.267824
0.260962
0.254096
0.247227
0.240354
0.233478
0.226598
0.219715
0.212828
0.205938
0.199045
0.192149
0.185249
0.178347
0.171441
0.164533
0.157621
0.150707
0.14379
0.136871
0.129948
0.123024
0.116096
0.109167
0.102235
0.0953002
0.0883635
0.0814247
0.0744838
0.0675408
0.0605958
0.0536488
0.0467
0.0397494
0.032797
0.025843
0.0188873
0.0119301
0.00497139
0.00198876
0.00895027
0.0159131
0.0228771
0.0298424
0.0368087
0.0437761
0.0507445
0.0577139
0.064684
0.071655
0.0786267
0.0855991
0.0925721
0.0995457
0.10652
0.113494
0.120469
0.127444
0.134419
0.141395
0.148371
0.155346
0.162322
0.169297
0.176273
0.183248
0.190223
0.197197
0.204171
0.211145
0.218118
0.225091
0.232063
0.239034
0.246004
0.252974
0.259942
0.26691
0.273877
0.280842
0.287806
0.294769
0.301731
0.308692
0.315651
0.322608
0.329564
0.336519
0.343471
0.350422
0.357371
0.364319
0.371264
0.378207
0.385149
0.392088
0.399025
0.40596
0.412892
0.419822
0.42675
0.433675
0.440598
0.447517
0.454435
0.461349
0.468261
0.47517
0.482076
0.488978
0.495878
0.502775
0.509668
0.516558
0.523445
0.530329
0.537209
0.544085
0.550958
0.557827
0.564693
0.571555
0.578412
0.585267
0.592117
0.598963
0.605805
0.612643
0.619476
0.626306
0.633131
0.639951
0.646767
0.653579
0.660386
0.667188
0.673986
0.680779
0.687567
0.69435
0.701128
0.707902
0.71467
0.721433
0.72819
0.734943
0.74169
0.748432
0.755168
0.761898
0.768624
0.775343
0.782057
0.788765
0.795467
0.802163
0.808853
0.815538
0.822216
0.828888
0.835554
0.842213
0.848866
0.855513
0.862153
0.868787
0.875415
0.882035
0.888649
0.895256
0.901856
0.90845
0.915036
0.921616
0.928188
0.934753
0.941311
0.947862
0.954406
0.960942
0.96747
0.973992
0.980505
0.987011
0.993509
1
1.00648
1.01296
1.01942
1.02588
1.03233
1.03878
1.04521
1.05164
1.05806
1.06447
1.07087
1.07726
1.08365
1.09002
1.09639
1.10275
1.1091
1.11544
1.12177
1.12809
1.13441
1.14071
1.14701
1.15329
1.15957
1.16584
1.1721
1.17835
1.18459
1.19082
1.19704
1.20325
1.20945
1.21564
1.22182
1.228
1.23416
1.24031
1.24645
1.25258
1.25871
1.26482
1.27092
1.27701
1.28309
1.28916
1.29522
1.30127
1.30731
1.31333
1.31935
1.32536
1.33135
1.33734
1.34331
1.34927
1.35522
1.36116
1.36709
1.37301
1.37891
1.38481
1.39069
1.39656
1.40243
1.40827
1.41411
1.41994
1.42575
1.43155
1.43734
1.44312
1.44889
1.45464
1.46038
1.46611
1.47183
1.47753
1.48323
1.48891
1.49458
1.50023
1.50588
1.51151
1.51713
1.52273
1.52832
1.5339
1.53947
1.54502
1.55057
1.55609
1.56161
1.56711
1.5726
1.57808
1.58354
1.58899
1.59442
1.59984
1.60525
1.61065
1.61603
1.6214
1.62675
1.63209
1.63742
1.64273
1.64803
1.65332
1.65859
1.66385
1.66909
1.67432
1.67953
1.68473
1.68992
1.69509
1.70025
1.70539
1.71052
1.71563
1.72073
1.72582
1.73089
1.73594
1.74098
1.74601
1.75102
1.75602
1.761
1.76596
1.77091
1.77585
1.78077
1.78568
1.79057
1.79544
1.8003
1.80514
1.80997
1.81478
1.81958
1.82436
1.82913
1.83388
1.83861
1.84333
1.84804
1.85272
1.85739
1.86205
1.86669
1.87131
1.87592
1.88051
1.88508
1.88964
1.89418
1.89871
1.90322
1.90771
1.91219
1.91665
1.92109
1.92552
1.92993
1.93432
1.9387
1.94306
1.9474
1.95173
1.95604
1.96033
1.96461
1.96887
1.97311
1.97733
1.98154
1.98573
1.9899
1.99406
1.9982
2.00232
2.00642
2.01051
2.01457
2.01862
2.02266
2.02667
2.03067
2.03465
2.03861
2.04256
2.04649
2.0504
2.05429
2.05816
2.06202
2.06585
2.06967
2.07347
2.07726
2.08102
2.08477
2.0885
2.09221
2.0959
2.09957
2.10323
2.10687
2.11049
2.11409
2.11767
2.12123
2.12477
2.1283
2.13181
2.13529
2.13876
2.14221
2.14565
2.14906
2.15245
2.15583
2.15919
2.16252
2.16584
2.16914
2.17242
2.17568
2.17892
2.18215
2.18535
2.18853
2.1917
2.19484
2.19797
2.20108
2.20416
2.20723
2.21028
2.21331
2.21632
2.21931
2.22228
2.22523
2.22816
2.23107
2.23396
2.23683
2.23969
2.24252
2.24533
2.24812
2.25089
2.25365
2.25638
2.25909
2.26178
2.26446
2.26711
2.26974
2.27235
2.27494
2.27752
2.28007
2.2826
2.28511
2.2876
2.29007
2.29252
2.29495
2.29736
2.29975
2.30211
2.30446
2.30679
2.3091
2.31138
2.31365
2.31589
2.31812
2.32032
2.3225
2.32466
2.32681
2.32893
2.33103
2.3331
2.33516
2.3372
2.33922
2.34121
2.34319
2.34514
2.34707
2.34898
2.35087
2.35274
2.35459
2.35642
2.35822
2.36001
2.36177
2.36352
2.36524
2.36694
2.36862
2.37028
2.37191
2.37353
2.37512
2.37669
2.37825
2.37978
2.38128
2.38277
2.38424
2.38568
2.3871
2.38851
2.38989
2.39124
2.39258
2.3939
2.39519
2.39646
2.39771
2.39894
2.40015
2.40134
2.4025
2.40364
2.40476
2.40586
2.40694
2.408
2.40903
2.41004
2.41103
2.412
2.41295
2.41387
2.41478
2.41566
2.41652
2.41736
2.41817
2.41897
2.41974
2.42049
2.42122
2.42192
2.42261
2.42327
2.42391
2.42453
2.42513
2.4257
2.42625
2.42678
2.42729
2.42778
2.42824
2.42869
2.42911
2.42951
2.42988
2.43024
2.43057
2.43088
2.43117
2.43143
2.43168
2.4319
2.4321
2.43227
2.43243
2.43256
2.43267
2.43276
2.43283
2.43287
2.4329
2.4329
2.43287
2.43283
2.43276
2.43267
2.43256
2.43243
2.43227
2.4321
2.4319
2.43168
2.43143
2.43116
2.43088
2.43057
2.43023
2.42988
2.4295
2.4291
2.42868
2.42823
2.42777
2.42728
2.42677
2.42623
2.42568
2.4251
2.4245
2.42388
2.42323
2.42257
2.42188
2.42117
2.42043
2.41968
2.4189
2.4181
2.41728
2.41643
2.41557
2.41468
2.41377
2.41283
2.41188
2.4109
2.4099
2.40888
2.40783
2.40677
2.40568
2.40457
2.40343
2.40228
2.4011
2.3999
2.39868
2.39744
2.39617
2.39488
2.39357
2.39224
2.39089
2.38951
2.38811
2.38669
2.38525
2.38378
2.3823
2.38079
2.37926
2.3777
2.37613
2.37453
2.37291
2.37127
2.36961
2.36792
2.36622
2.36449
2.36274
2.36097
2.35917
2.35735
2.35552
2.35366
2.35177
2.34987
2.34794
2.346
2.34403
2.34204
2.34002
2.33799
2.33593
2.33385
2.33175
2.32963
2.32749
2.32532
2.32314
2.32093
2.3187
2.31645
2.31417
2.31188
2.30956
2.30722
2.30487
2.30248
2.30008
2.29766
2.29521
2.29274
2.29026
2.28775
2.28522
2.28266
2.28009
2.27749
2.27488
2.27224
2.26958
2.2669
2.2642
2.26147
2.25873
2.25596
2.25318
2.25037
2.24754
2.24469
2.24182
2.23893
2.23601
2.23308
2.23012
2.22715
2.22415
2.22113
2.21809
2.21503
2.21195
2.20885
2.20573
2.20259
2.19942
2.19624
2.19303
2.18981
2.18656
2.18329
2.18
2.17669
2.17337
2.17002
2.16665
2.16325
2.15984
2.15641
2.15296
2.14949
2.14599
2.14248
2.13895
2.13539
2.13182
2.12823
2.12461
2.12098
2.11732
2.11365
2.10995
2.10624
2.1025
2.09875
2.09497
2.09118
2.08736
2.08353
2.07967
2.0758
2.07191
2.06799
2.06406
2.06011
2.05613
2.05214
2.04813
2.0441
2.04005
2.03598
2.03189
2.02778
2.02365
2.0195
2.01533
2.01115
2.00694
2.00272
1.99847
1.99421
1.98992
1.98562
1.9813
1.97696
1.9726
1.96823
1.96383
1.95941
1.95498
1.95053
1.94605
1.94156
1.93705
1.93253
1.92798
1.92341
1.91883
1.91423
1.90961
1.90497
1.90031
1.89564
1.89094
1.88623
1.8815
1.87675
1.87198
1.8672
1.86239
1.85757
1.85273
1.84788
1.843
1.83811
1.8332
1.82827
1.82332
1.81836
1.81338
1.80838
1.80336
1.79833
1.79328
1.78821
1.78312
1.77801
1.77289
1.76775
1.7626
1.75742
1.75223
1.74703
1.7418
1.73656
1.7313
1.72603
1.72073
1.71542
1.7101
1.70475
1.69939
1.69402
1.68863
1.68322
1.67779
1.67235
1.66689
1.66141
1.65592
1.65041
1.64489
1.63935
1.63379
1.62822
1.62263
1.61702
1.6114
1.60577
1.60011
1.59444
1.58876
1.58306
1.57734
1.57161
1.56586
1.5601
1.55432
1.54853
1.54272
1.5369
1.53106
1.5252
1.51933
1.51345
1.50755
1.50163
1.4957
1.48975
1.48379
1.47782
1.47183
1.46582
1.4598
1.45377
1.44772
1.44166
1.43558
1.42949
1.42338
1.41726
1.41113
1.40498
1.39881
1.39264
1.38644
1.38024
1.37402
1.36779
1.36154
1.35528
1.349
1.34271
1.33641
1.33009
1.32376
1.31742
1.31107
1.3047
1.29831
1.29192
1.28551
1.27908
1.27265
1.2662
1.25974
1.25326
1.24678
1.24028
1.23376
1.22724
1.2207
1.21415
1.20758
1.20101
1.19442
1.18782
1.1812
1.17458
1.16794
1.16129
1.15463
1.14796
1.14127
1.13457
1.12786
1.12114
1.11441
1.10766
1.10091
1.09414
1.08736
1.08057
1.07377
1.06696
1.06013
1.05329
1.04645
1.03959
1.03272
1.02584
1.01895
1.01205
1.00514
0.998212
0.991278
0.984334
0.977379
0.970414
0.963438
0.956452
0.949455
0.942448
0.935432
0.928405
0.921368
0.914321
0.907264
0.900197
0.893121
0.886034
0.878938
0.871833
0.864718
0.857593
0.850459
0.843316
0.836163
0.829001
0.82183
0.81465
0.807461
0.800263
0.793056
0.78584
0.778615
0.771382
0.76414
0.756889
0.74963
0.742363
0.735087
0.727802
0.72051
0.713209
0.7059
0.698583
0.691257
0.683924
0.676583
0.669235
0.661878
0.654514
0.647142
0.639763
0.632376
0.624982
0.61758
0.610171
0.602755
0.595331
0.587901
0.580464
0.573019
0.565568
0.558109
0.550645
0.543173
0.535695
0.52821
0.520718
0.51322
0.505716
0.498206
0.490689
0.483166
0.475637
0.468102
0.460561
0.453014
0.445461
0.437903
0.430339
0.422769
0.415193
0.407613
0.400026
0.392434
0.384837
0.377235
0.369628
0.362015
0.354398
0.346775
0.339148
0.331516
0.323879
0.316238
0.308591
0.300941
0.293285
0.285626
0.277962
0.270294
0.262621
0.254945
0.247264
0.239579
0.231891
0.224198
0.216502
0.208802
0.201099
0.193392
0.185681
0.177967
0.17025
0.162529
0.154805
0.147078
0.139347
0.131614
0.123878
0.116139
0.108397
0.100652
0.0929048
0.0851548
0.0774023
0.0696473
0.06189
0.0541303
0.0463683
0.0386042
0.0308379
0.0230697
0.0152994
0.0075272
0.000246822
0.00802261
0.0158001
0.0235792
0.0313598
0.039142
0.0469256
0.0547105
0.0624966
0.070284
0.0780725
0.0858621
0.0936527
0.101444
0.109236
0.11703
0.124823
0.132618
0.140413
0.148208
0.156004
0.163801
0.171597
0.179394
0.187191
0.194988
0.202785
0.210582
0.218379
0.226176
0.233972
0.241768
0.249563
0.257358
0.265153
0.272947
0.28074
0.288532
0.296324
0.304114
0.311904
0.319692
0.32748
0.335266
0.343051
0.350835
0.358617
0.366397
0.374176
0.381954
0.38973
0.397504
0.405276
0.413046
0.420814
0.428581
0.436345
0.444106
0.451866
0.459623
0.467378
0.475131
0.48288
0.490627
0.498372
0.506114
0.513853
0.521589
0.529322
0.537051
0.544778
0.552502
0.560222
0.567939
0.575653
0.583363
0.59107
0.598772
0.606472
0.614167
0.621859
0.629547
0.637231
0.64491
0.652586
0.660257
0.667925
0.675587
0.683246
0.6909
0.698549
0.706194
0.713834
0.72147
0.7291
0.736726
0.744347
0.751963
0.759573
0.767179
0.774779
0.782374
0.789963
0.797547
0.805126
0.812699
0.820266
0.827828
0.835383
0.842933
0.850477
0.858015
0.865547
0.873073
0.880592
0.888105
0.895612
0.903112
0.910606
0.918094
0.925574
0.933048
0.940515
0.947976
0.955429
0.962875
0.970315
0.977747
0.985172
0.99259
1
1.0074
1.0148
1.02219
1.02957
1.03694
1.0443
1.05166
1.05901
1.06635
1.07369
1.08101
1.08833
1.09564
1.10294
1.11023
1.11751
1.12479
1.13205
1.13931
1.14656
1.1538
1.16103
1.16826
1.17547
1.18268
1.18987
1.19706
1.20423
1.2114
1.21856
1.22571
1.23285
1.23998
1.2471
1.25421
1.26131
1.2684
1.27548
1.28255
1.28962
1.29667
1.30371
1.31074
1.31776
1.32477
1.33177
1.33876
1.34573
1.3527
1.35966
1.3666
1.37354
1.38046
1.38738
1.39428
1.40117
1.40805
1.41492
1.42178
1.42862
1.43546
1.44228
1.44909
1.45589
1.46268
1.46946
1.47622
1.48298
1.48972
1.49644
1.50316
1.50987
1.51656
1.52324
1.52991
1.53656
1.54321
1.54984
1.55645
1.56306
1.56965
1.57623
1.5828
1.58935
1.59589
1.60242
1.60894
1.61544
1.62193
1.6284
1.63487
1.64131
1.64775
1.65417
1.66058
1.66697
1.67335
1.67972
1.68608
1.69241
1.69874
1.70505
1.71135
1.71763
1.7239
1.73016
1.7364
1.74262
1.74883
1.75503
1.76121
1.76738
1.77353
1.77967
1.7858
1.79191
1.798
1.80408
1.81014
1.81619
1.82223
1.82824
1.83425
1.84024
1.84621
1.85217
1.85811
1.86403
1.86994
1.87584
1.88172
1.88758
1.89343
1.89926
1.90508
1.91088
1.91666
1.92243
1.92818
1.93392
1.93964
1.94534
1.95102
1.95669
1.96235
1.96798
1.9736
1.97921
1.98479
1.99036
1.99592
2.00145
2.00697
2.01247
2.01796
2.02343
2.02888
2.03431
2.03973
2.04513
2.05051
2.05587
2.06122
2.06655
2.07186
2.07716
2.08243
2.08769
2.09293
2.09816
2.10336
2.10855
2.11372
2.11887
2.124
2.12912
2.13421
2.13929
2.14435
2.14939
2.15442
2.15942
2.16441
2.16938
2.17433
2.17926
2.18417
2.18906
2.19394
2.19879
2.20363
2.20845
2.21324
2.21802
2.22278
2.22753
2.23225
2.23695
2.24164
2.2463
2.25094
2.25557
2.26018
2.26476
2.26933
2.27388
2.27841
2.28291
2.2874
2.29187
2.29632
2.30075
2.30516
2.30955
2.31391
2.31826
2.32259
2.3269
2.33119
2.33546
2.33971
2.34393
2.34814
2.35233
2.35649
2.36064
2.36476
2.36887
2.37295
2.37702
2.38106
2.38508
2.38908
2.39306
2.39702
2.40096
2.40488
2.40878
2.41265
2.41651
2.42034
2.42415
2.42794
2.43171
2.43546
2.43919
2.44289
2.44658
2.45024
2.45388
2.4575
2.4611
2.46468
2.46823
2.47177
2.47528
2.47877
2.48224
2.48569
2.48911
2.49251
2.49589
2.49925
2.50259
2.50591
2.5092
2.51247
2.51572
2.51894
2.52215
2.52533
2.52849
2.53163
2.53474
2.53784
2.54091
2.54396
2.54698
2.54999
2.55297
2.55592
2.55886
2.56177
2.56466
2.56753
2.57038
2.5732
2.576
2.57877
2.58153
2.58426
2.58697
2.58965
2.59231
2.59495
2.59757
2.60016
2.60273
2.60528
2.6078
2.6103
2.61278
2.61523
2.61766
2.62007
2.62245
2.62481
2.62715
2.62946
2.63175
2.63402
2.63627
2.63849
2.64068
2.64286
2.645
2.64713
2.64923
2.65131
2.65337
2.6554
2.6574
2.65939
2.66135
2.66328
2.6652
2.66709
2.66895
2.67079
2.67261
2.6744
2.67617
2.67791
2.67964
2.68133
2.683
2.68465
2.68628
2.68788
2.68946
2.69101
2.69254
2.69404
2.69552
2.69698
2.69841
2.69981
2.7012
2.70256
2.70389
2.7052
2.70649
2.70775
2.70898
2.7102
2.71138
2.71255
2.71369
2.7148
2.71589
2.71696
2.718
2.71901
2.72001
2.72097
2.72192
2.72283
2.72373
2.7246
2.72544
2.72626
2.72706
2.72783
2.72857
2.72929
2.72999
2.73066
2.73131
2.73193
2.73253
2.7331
2.73365
2.73417
2.73467
2.73514
2.73559
2.73601
2.73641
2.73679
2.73714
2.73746
2.73776
2.73803
2.73828
2.73851
2.73871
2.73888
2.73903
2.73916
2.73926
2.73933
2.73938
2.73941
2.73941
2.73938
2.73933
2.73926
2.73916
2.73903
2.73888
2.73871
2.73851
2.73829
2.73804
2.73776
2.73746
2.73714
2.73679
2.73641
2.73601
2.73558
2.73513
2.73466
2.73416
2.73363
2.73308
2.73251
2.73191
2.73128
2.73063
2.72995
2.72925
2.72853
2.72778
2.727
2.7262
2.72537
2.72452
2.72365
2.72274
2.72182
2.72087
2.71989
2.71889
2.71786
2.71681
2.71573
2.71463
2.71351
2.71235
2.71118
2.70998
2.70875
2.7075
2.70622
2.70492
2.70359
2.70224
2.70086
2.69946
2.69804
2.69658
2.69511
2.69361
2.69208
2.69053
2.68895
2.68735
2.68572
2.68407
2.6824
2.6807
2.67897
2.67722
2.67545
2.67365
2.67182
2.66997
2.6681
2.6662
2.66427
2.66232
2.66035
2.65835
2.65633
2.65428
2.65221
2.65011
2.64799
2.64584
2.64367
2.64147
2.63925
2.63701
2.63474
2.63244
2.63013
2.62778
2.62541
2.62302
2.6206
2.61816
2.6157
2.61321
2.61069
2.60815
2.60559
2.603
2.60039
2.59775
2.59509
2.5924
2.58969
2.58696
2.5842
2.58142
2.57861
2.57578
2.57292
2.57004
2.56714
2.56421
2.56126
2.55828
2.55528
2.55226
2.54921
2.54614
2.54304
2.53992
2.53678
2.53361
2.53042
2.5272
2.52396
2.5207
2.51741
2.5141
2.51077
2.50741
2.50402
2.50062
2.49719
2.49374
2.49026
2.48676
2.48323
2.47969
2.47612
2.47252
2.4689
2.46526
2.4616
2.45791
2.4542
2.45046
2.4467
2.44292
2.43912
2.43529
2.43144
2.42757
2.42367
2.41975
2.41581
2.41184
2.40785
2.40384
2.3998
2.39574
2.39166
2.38756
2.38343
2.37928
2.37511
2.37092
2.3667
2.36246
2.3582
2.35391
2.3496
2.34527
2.34092
2.33655
2.33215
2.32773
2.32329
2.31882
2.31433
2.30983
2.30529
2.30074
2.29616
2.29157
2.28695
2.28231
2.27764
2.27296
2.26825
2.26352
2.25877
2.25399
2.2492
2.24438
2.23954
2.23468
2.2298
2.2249
2.21998
2.21503
2.21006
2.20507
2.20006
2.19503
2.18998
2.1849
2.17981
2.17469
2.16955
2.1644
2.15922
2.15402
2.14879
2.14355
2.13829
2.133
2.1277
2.12237
2.11703
2.11166
2.10627
2.10086
2.09543
2.08998
2.08451
2.07902
2.07351
2.06798
2.06243
2.05686
2.05127
2.04566
2.04002
2.03437
2.0287
2.02301
2.0173
2.01157
2.00581
2.00004
1.99425
1.98844
1.98261
1.97676
1.97089
1.96501
1.9591
1.95317
1.94722
1.94126
1.93527
1.92927
1.92324
1.9172
1.91114
1.90506
1.89896
1.89284
1.88671
1.88055
1.87438
1.86818
1.86197
1.85574
1.84949
1.84322
1.83694
1.83063
1.82431
1.81797
1.81161
1.80524
1.79884
1.79243
1.786
1.77955
1.77308
1.7666
1.76009
1.75357
1.74704
1.74048
1.73391
1.72732
1.72071
1.71408
1.70744
1.70078
1.6941
1.68741
1.6807
1.67397
1.66723
1.66046
1.65368
1.64689
1.64008
1.63325
1.6264
1.61954
1.61266
1.60576
1.59885
1.59192
1.58498
1.57802
1.57104
1.56405
1.55704
1.55001
1.54297
1.53591
1.52884
1.52175
1.51465
1.50753
1.50039
1.49324
1.48608
1.47889
1.4717
1.46448
1.45726
1.45001
1.44276
1.43548
1.4282
1.42089
1.41357
1.40624
1.3989
1.39153
1.38416
1.37677
1.36936
1.36194
1.35451
1.34706
1.3396
1.33212
1.32463
1.31713
1.30961
1.30207
1.29453
1.28697
1.27939
1.27181
1.26421
1.25659
1.24896
1.24132
1.23367
1.226
1.21832
1.21063
1.20292
1.1952
1.18747
1.17972
1.17196
1.16419
1.15641
1.14861
1.1408
1.13298
1.12515
1.1173
1.10944
1.10157
1.09369
1.0858
1.07789
1.06997
1.06204
1.0541
1.04615
1.03818
1.03021
1.02222
1.01422
1.00621
0.998188
0.990155
0.982111
0.974055
0.965989
0.957912
0.949825
0.941726
0.933617
0.925497
0.917366
0.909225
0.901074
0.892912
0.884741
0.876558
0.868366
0.860164
0.851952
0.84373
0.835498
0.827256
0.819005
0.810744
0.802473
0.794193
0.785904
0.777605
0.769297
0.76098
0.752654
0.744318
0.735974
0.727621
0.719259
0.710888
0.702509
0.694121
0.685725
0.67732
0.668906
0.660485
0.652055
0.643617
0.635171
0.626717
0.618256
0.609786
0.601308
0.592823
0.58433
0.57583
0.567322
0.558807
0.550285
0.541755
0.533218
0.524674
0.516123
0.507565
0.499
0.490428
0.48185
0.473265
0.464674
0.456076
0.447471
0.43886
0.430243
0.42162
0.412991
0.404356
0.395714
0.387067
0.378414
0.369756
0.361091
0.352422
0.343746
0.335066
0.32638
0.317688
0.308992
0.30029
0.291584
0.282872
0.274156
0.265434
0.256709
0.247978
0.239243
0.230503
0.221759
0.213011
0.204259
0.195502
0.186741
0.177977
0.169208
0.160435
0.151659
0.142879
0.134095
0.125308
0.116518
0.107724
0.0989266
0.0901262
0.0813226
0.0725159
0.0637063
0.0548938
0.0460784
0.0372603
0.0284396
0.0196162
0.0107904
0.00196216
0.00686845
0.0157013
0.0245364
0.0333735
0.0422127
0.0510538
0.0598968
0.0687416
0.0775881
0.0864362
0.0952858
0.104137
0.112989
0.121843
0.130698
0.139554
0.148412
0.15727
0.166129
0.174989
0.18385
0.192711
0.201573
0.210436
0.219299
0.228162
0.237025
0.245889
0.254753
0.263617
0.27248
0.281344
0.290207
0.29907
0.307933
0.316795
0.325657
0.334518
0.343378
0.352238
0.361097
0.369955
0.378811
0.387667
0.396521
0.405375
0.414227
0.423077
0.431926
0.440773
0.449619
0.458463
0.467305
0.476145
0.484983
0.493819
0.502653
0.511485
0.520314
0.529141
0.537966
0.546788
0.555607
0.564423
0.573237
0.582048
0.590856
0.599661
0.608463
0.617261
0.626056
0.634848
0.643637
0.652422
0.661203
0.669981
0.678754
0.687524
0.696291
0.705053
0.713811
0.722564
0.731314
0.740059
0.7488
0.757536
0.766268
0.774995
0.783717
0.792435
0.801147
0.809855
0.818557
0.827255
0.835947
0.844634
0.853315
0.861991
0.870662
0.879327
0.887986
0.896639
0.905287
0.913928
0.922564
0.931194
0.939817
0.948434
0.957045
0.965649
0.974247
0.982838
0.991422
1
1.00857
1.01714
1.02569
1.03424
1.04278
1.05132
1.05985
1.06837
1.07688
1.08539
1.09389
1.10238
1.11086
1.11934
1.1278
1.13626
1.14471
1.15316
1.16159
1.17002
1.17844
1.18684
1.19525
1.20364
1.21202
1.2204
1.22876
1.23712
1.24547
1.25381
1.26213
1.27045
1.27877
1.28707
1.29536
1.30364
1.31191
1.32018
1.32843
1.33667
1.34491
1.35313
1.36134
1.36955
1.37774
1.38592
1.39409
1.40225
1.41041
1.41855
1.42668
1.43479
1.4429
1.451
1.45908
1.46716
1.47522
1.48327
1.49131
1.49934
1.50736
1.51537
1.52336
1.53135
1.53932
1.54728
1.55522
1.56316
1.57108
1.57899
1.58689
1.59478
1.60265
1.61051
1.61836
1.6262
1.63402
1.64183
1.64963
1.65741
1.66519
1.67295
1.68069
1.68842
1.69614
1.70385
1.71154
1.71922
1.72689
1.73454
1.74217
1.7498
1.75741
1.76501
1.77259
1.78016
1.78771
1.79525
1.80277
1.81029
1.81778
1.82526
1.83273
1.84018
1.84762
1.85504
1.86245
1.86985
1.87722
1.88459
1.89194
1.89927
1.90659
1.91389
1.92117
1.92844
1.9357
1.94294
1.95016
1.95737
1.96456
1.97174
1.9789
1.98604
1.99317
2.00028
2.00738
2.01446
2.02152
2.02857
2.0356
2.04261
2.04961
2.05659
2.06355
2.07049
2.07742
2.08433
2.09123
2.09811
2.10497
2.11181
2.11863
2.12544
2.13223
2.13901
2.14576
2.1525
2.15922
2.16592
2.1726
2.17927
2.18592
2.19255
2.19916
2.20575
2.21233
2.21888
2.22542
2.23194
2.23844
2.24493
2.25139
2.25783
2.26426
2.27067
2.27706
2.28343
2.28978
2.29611
2.30242
2.30871
2.31499
2.32124
2.32748
2.33369
2.33989
2.34606
2.35222
2.35835
2.36447
2.37057
2.37664
2.3827
2.38874
2.39476
2.40075
2.40673
2.41268
2.41862
2.42453
2.43043
2.4363
2.44216
2.44799
2.4538
2.45959
2.46536
2.47111
2.47684
2.48255
2.48824
2.4939
2.49955
2.50517
2.51077
2.51635
2.52191
2.52745
2.53297
2.53846
2.54393
2.54938
2.55481
2.56022
2.56561
2.57097
2.57631
2.58163
2.58693
2.59221
2.59746
2.60269
2.6079
2.61309
2.61825
2.62339
2.62851
2.63361
2.63868
2.64374
2.64877
2.65377
2.65875
2.66372
2.66865
2.67357
2.67846
2.68333
2.68817
2.693
2.69779
2.70257
2.70732
2.71205
2.71676
2.72144
2.7261
2.73073
2.73534
2.73993
2.7445
2.74904
2.75355
2.75805
2.76251
2.76696
2.77138
2.77578
2.78015
2.7845
2.78882
2.79312
2.7974
2.80165
2.80588
2.81008
2.81426
2.81841
2.82254
2.82665
2.83073
2.83478
2.83881
2.84282
2.8468
2.85076
2.85469
2.85859
2.86248
2.86633
2.87016
2.87397
2.87775
2.88151
2.88524
2.88894
2.89262
2.89628
2.89991
2.90351
2.90709
2.91064
2.91417
2.91767
2.92115
2.9246
2.92803
2.93142
2.9348
2.93815
2.94147
2.94476
2.94803
2.95128
2.9545
2.95769
2.96085
2.96399
2.96711
2.97019
2.97325
2.97629
2.9793
2.98228
2.98524
2.98817
2.99107
2.99395
2.9968
2.99962
3.00242
3.00519
3.00793
3.01065
3.01334
3.016
3.01864
3.02125
3.02383
3.02639
3.02892
3.03142
3.0339
3.03635
3.03877
3.04116
3.04353
3.04587
3.04819
3.05047
3.05273
3.05496
3.05717
3.05935
3.0615
3.06362
3.06572
3.06778
3.06982
3.07184
3.07382
3.07578
3.07771
3.07962
3.08149
3.08334
3.08516
3.08696
3.08872
3.09046
3.09217
3.09385
3.09551
3.09713
3.09873
3.1003
3.10185
3.10336
3.10485
3.10631
3.10774
3.10915
3.11052
3.11187
3.11319
3.11448
3.11575
3.11699
3.11819
3.11937
3.12052
3.12165
3.12274
3.12381
3.12485
3.12586
3.12684
3.1278
3.12873
3.12962
3.13049
3.13133
3.13215
3.13293
3.13369
3.13442
3.13512
3.13579
3.13643
3.13705
3.13763
3.13819
3.13872
3.13922
3.13969
3.14013
3.14055
3.14094
3.14129
3.14162
3.14193
3.1422
3.14244
3.14266
3.14284
3.143
3.14313
3.14323
3.1433
3.14335
3.14336
3.14335
3.14331
3.14324
3.14314
3.14301
3.14285
3.14266
3.14245
3.14221
3.14193
3.14163
3.1413
3.14095
3.14056
3.14014
3.1397
3.13922
3.13872
3.13819
3.13763
3.13704
3.13643
3.13578
3.13511
3.1344
3.13367
3.13291
3.13212
3.1313
3.13045
3.12958
3.12867
3.12774
3.12678
3.12578
3.12476
3.12372
3.12264
3.12153
3.1204
3.11923
3.11804
3.11682
3.11557
3.11429
3.11298
3.11164
3.11028
3.10888
3.10746
3.10601
3.10453
3.10302
3.10148
3.09991
3.09832
3.09669
3.09504
3.09336
3.09165
3.08991
3.08814
3.08635
3.08452
3.08267
3.08079
3.07887
3.07694
3.07497
3.07297
3.07094
3.06889
3.06681
3.0647
3.06256
3.06039
3.05819
3.05597
3.05371
3.05143
3.04912
3.04678
3.04441
3.04202
3.03959
3.03714
3.03466
3.03215
3.02961
3.02704
3.02445
3.02182
3.01917
3.01649
3.01379
3.01105
3.00828
3.00549
3.00267
2.99982
2.99694
2.99404
2.9911
2.98814
2.98515
2.98213
2.97909
2.97601
2.97291
2.96978
2.96662
2.96343
2.96022
2.95698
2.95371
2.95041
2.94708
2.94373
2.94035
2.93694
2.9335
2.93004
2.92654
2.92302
2.91948
2.9159
2.9123
2.90867
2.90501
2.90132
2.89761
2.89387
2.8901
2.8863
2.88248
2.87863
2.87475
2.87084
2.86691
2.86295
2.85896
2.85495
2.85091
2.84684
2.84274
2.83862
2.83447
2.83029
2.82608
2.82185
2.81759
2.81331
2.809
2.80466
2.80029
2.7959
2.79148
2.78703
2.78256
2.77806
2.77353
2.76898
2.7644
2.75979
2.75516
2.7505
2.74581
2.7411
2.73636
2.7316
2.72681
2.72199
2.71714
2.71227
2.70738
2.70246
2.69751
2.69253
2.68753
2.68251
2.67745
2.67237
2.66727
2.66214
2.65698
2.6518
2.6466
2.64136
2.6361
2.63082
2.62551
2.62018
2.61481
2.60943
2.60402
2.59858
2.59312
2.58763
2.58212
2.57658
2.57102
2.56543
2.55982
2.55418
2.54851
2.54283
2.53711
2.53138
2.52561
2.51983
2.51401
2.50818
2.50232
2.49643
2.49052
2.48459
2.47863
2.47264
2.46664
2.4606
2.45455
2.44847
2.44236
2.43623
2.43008
2.4239
2.4177
2.41148
2.40523
2.39896
2.39266
2.38634
2.38
2.37363
2.36724
2.36083
2.35439
2.34793
2.34145
2.33494
2.32841
2.32186
2.31528
2.30868
2.30206
2.29541
2.28874
2.28205
2.27533
2.2686
2.26184
2.25506
2.24825
2.24142
2.23457
2.2277
2.2208
2.21389
2.20695
2.19999
2.193
2.186
2.17897
2.17192
2.16485
2.15775
2.15064
2.1435
2.13634
2.12916
2.12196
2.11474
2.10749
2.10022
2.09294
2.08563
2.0783
2.07095
2.06357
2.05618
2.04877
2.04133
2.03387
2.0264
2.0189
2.01138
2.00384
1.99628
1.9887
1.9811
1.97348
1.96584
1.95818
1.9505
1.9428
1.93508
1.92733
1.91957
1.91179
1.90399
1.89617
1.88833
1.88047
1.87259
1.86469
1.85677
1.84884
1.84088
1.8329
1.82491
1.81689
1.80886
1.80081
1.79274
1.78465
1.77654
1.76841
1.76027
1.7521
1.74392
1.73572
1.7275
1.71926
1.71101
1.70273
1.69444
1.68613
1.67781
1.66946
1.6611
1.65272
1.64432
1.6359
1.62747
1.61902
1.61055
1.60206
1.59356
1.58504
1.57651
1.56795
1.55938
1.55079
1.54219
1.53357
1.52493
1.51628
1.50761
1.49892
1.49022
1.4815
1.47276
1.46401
1.45525
1.44646
1.43766
1.42885
1.42002
1.41117
1.40231
1.39343
1.38454
1.37563
1.36671
1.35777
1.34882
1.33985
1.33086
1.32187
1.31285
1.30382
1.29478
1.28573
1.27665
1.26757
1.25847
1.24935
1.24022
1.23108
1.22192
1.21275
1.20357
1.19437
1.18516
1.17593
1.16669
1.15744
1.14818
1.1389
1.1296
1.1203
1.11098
1.10165
1.0923
1.08295
1.07358
1.06419
1.0548
1.04539
1.03597
1.02654
1.01709
1.00764
0.998166
0.988685
0.979192
0.969688
0.960171
0.950643
0.941103
0.931552
0.921989
0.912415
0.90283
0.893233
0.883626
0.874007
0.864378
0.854737
0.845086
0.835425
0.825752
0.81607
0.806376
0.796673
0.786959
0.777235
0.767501
0.757757
0.748003
0.73824
0.728466
0.718683
0.708891
0.699089
0.689277
0.679456
0.669626
0.659787
0.649939
0.640082
0.630216
0.620341
0.610458
0.600565
0.590665
0.580756
0.570838
0.560913
0.550979
0.541037
0.531087
0.521129
0.511164
0.50119
0.491209
0.481221
0.471225
0.461221
0.451211
0.441193
0.431168
0.421136
0.411097
0.401051
0.390998
0.380939
0.370873
0.360801
0.350722
0.340637
0.330546
0.320448
0.310345
0.300236
0.29012
0.279999
0.269873
0.25974
0.249602
0.239459
0.229311
0.219157
0.208998
0.198834
0.188665
0.178491
0.168312
0.158129
0.147941
0.137749
0.127552
0.117351
0.107145
0.0969359
0.0867223
0.0765047
0.0662833
0.0560581
0.0458292
0.0355967
0.0253607
0.0151213
0.00487863
0.00536732
0.0156164
0.0258685
0.0361236
0.0463816
0.0566423
0.0669056
0.0771716
0.0874401
0.0977109
0.107984
0.118259
0.128537
0.138817
0.149098
0.159381
0.169666
0.179953
0.190241
0.200531
0.210822
0.221115
0.231408
0.241703
0.251999
0.262295
0.272593
0.282891
0.29319
0.303489
0.313789
0.324089
0.33439
0.344691
0.354991
0.365292
0.375592
0.385893
0.396193
0.406493
0.416792
0.42709
0.437388
0.447686
0.457982
0.468277
0.478572
0.488865
0.499157
0.509447
0.519737
0.530024
0.540311
0.550595
0.560878
0.571158
0.581437
0.591714
0.601988
0.61226
0.62253
0.632798
0.643062
0.653325
0.663584
0.673841
0.684095
0.694345
0.704593
0.714837
0.725079
0.735316
0.745551
0.755781
0.766008
0.776231
0.786451
0.796666
0.806878
0.817085
0.827288
0.837487
0.847681
0.85787
0.868056
0.878236
0.888412
0.898582
0.908748
0.918909
0.929064
0.939214
0.949359
0.959499
0.969633
0.979761
0.989883
1
1.01011
1.02022
1.03031
1.04041
1.05049
1.06057
1.07065
1.08071
1.09077
1.10083
1.11087
1.12091
1.13094
1.14097
1.15099
1.161
1.171
1.181
1.19098
1.20097
1.21094
1.2209
1.23086
1.24081
1.25075
1.26068
1.27061
1.28052
1.29043
1.30033
1.31022
1.3201
1.32997
1.33983
1.34969
1.35953
1.36937
1.37919
1.38901
1.39882
1.40861
1.4184
1.42818
1.43795
1.44771
1.45745
1.46719
1.47692
1.48664
1.49634
1.50604
1.51572
1.5254
1.53506
1.54472
1.55436
1.56399
1.57361
1.58322
1.59281
1.6024
1.61197
1.62154
1.63109
1.64063
1.65015
1.65967
1.66917
1.67866
1.68814
1.69761
1.70706
1.7165
1.72593
1.73534
1.74475
1.75414
1.76351
1.77288
1.78223
1.79157
1.80089
1.8102
1.8195
1.82878
1.83805
1.84731
1.85655
1.86578
1.87499
1.88419
1.89338
1.90255
1.91171
1.92085
1.92998
1.93909
1.94819
1.95727
1.96634
1.9754
1.98444
1.99346
2.00247
2.01146
2.02044
2.0294
2.03835
2.04728
2.05619
2.06509
2.07397
2.08284
2.09169
2.10053
2.10934
2.11815
2.12693
2.1357
2.14445
2.15319
2.16191
2.17061
2.17929
2.18796
2.19661
2.20524
2.21386
2.22246
2.23104
2.2396
2.24815
2.25668
2.26519
2.27368
2.28215
2.29061
2.29905
2.30747
2.31587
2.32425
2.33262
2.34096
2.34929
2.3576
2.36589
2.37416
2.38241
2.39065
2.39886
2.40705
2.41523
2.42339
2.43152
2.43964
2.44774
2.45581
2.46387
2.47191
2.47993
2.48793
2.49591
2.50386
2.5118
2.51972
2.52762
2.53549
2.54335
2.55118
2.559
2.56679
2.57456
2.58232
2.59005
2.59776
2.60545
2.61311
2.62076
2.62838
2.63599
2.64357
2.65113
2.65867
2.66618
2.67368
2.68115
2.6886
2.69603
2.70344
2.71082
2.71818
2.72552
2.73284
2.74013
2.74741
2.75465
2.76188
2.76909
2.77627
2.78342
2.79056
2.79767
2.80476
2.81182
2.81887
2.82588
2.83288
2.83985
2.8468
2.85372
2.86062
2.8675
2.87435
2.88118
2.88799
2.89477
2.90152
2.90826
2.91496
2.92165
2.92831
2.93494
2.94155
2.94814
2.9547
2.96123
2.96774
2.97423
2.98069
2.98713
2.99354
2.99992
3.00628
3.01262
3.01893
3.02521
3.03147
3.0377
3.04391
3.05009
3.05625
3.06238
3.06848
3.07456
3.08061
3.08664
3.09264
3.09861
3.10456
3.11048
3.11638
3.12224
3.12809
3.1339
3.13969
3.14545
3.15119
3.15689
3.16258
3.16823
3.17386
3.17946
3.18503
3.19058
3.19609
3.20159
3.20705
3.21249
3.21789
3.22328
3.22863
3.23396
3.23925
3.24452
3.24977
3.25498
3.26017
3.26533
3.27046
3.27556
3.28064
3.28568
3.2907
3.29569
3.30065
3.30558
3.31049
3.31536
3.32021
3.32503
3.32982
3.33458
3.33931
3.34401
3.34869
3.35333
3.35795
3.36254
3.3671
3.37162
3.37612
3.38059
3.38504
3.38945
3.39383
3.39818
3.4025
3.4068
3.41106
3.4153
3.4195
3.42368
3.42782
3.43194
3.43602
3.44008
3.4441
3.4481
3.45206
3.456
3.4599
3.46377
3.46762
3.47143
3.47522
3.47897
3.48269
3.48638
3.49004
3.49367
3.49727
3.50084
3.50438
3.50789
3.51137
3.51481
3.51823
3.52161
3.52497
3.52829
3.53158
3.53484
3.53807
3.54127
3.54443
3.54757
3.55067
3.55375
3.55679
3.5598
3.56278
3.56572
3.56864
3.57152
3.57438
3.5772
3.57999
3.58274
3.58547
3.58816
3.59082
3.59345
3.59605
3.59862
3.60115
3.60366
3.60613
3.60856
3.61097
3.61334
3.61569
3.618
3.62027
3.62252
3.62473
3.62691
3.62906
3.63118
3.63326
3.63531
3.63733
3.63932
3.64127
3.64319
3.64508
3.64694
3.64876
3.65055
3.65231
3.65403
3.65573
3.65739
3.65901
3.66061
3.66217
3.6637
3.66519
3.66666
3.66809
3.66948
3.67085
3.67218
3.67347
3.67474
3.67597
3.67717
3.67833
3.67947
3.68057
3.68163
3.68266
3.68366
3.68463
3.68556
3.68646
3.68733
3.68816
3.68896
3.68973
3.69046
3.69116
3.69182
3.69246
3.69306
3.69362
3.69415
3.69465
3.69512
3.69555
3.69595
3.69631
3.69664
3.69694
3.6972
3.69743
3.69763
3.69779
3.69792
3.69802
3.69808
3.69811
3.6981
3.69806
3.69799
3.69788
3.69774
3.69757
3.69736
3.69711
3.69684
3.69653
3.69619
3.69581
3.6954
3.69495
3.69447
3.69396
3.69341
3.69283
3.69222
3.69157
3.69089
3.69017
3.68942
3.68864
3.68782
3.68697
3.68608
3.68516
3.68421
3.68322
3.6822
3.68115
3.68006
3.67894
3.67778
3.67659
3.67536
3.6741
3.67281
3.67148
3.67012
3.66873
3.6673
3.66584
3.66434
3.66281
3.66125
3.65965
3.65802
3.65635
3.65465
3.65292
3.65115
3.64935
3.64751
3.64564
3.64374
3.6418
3.63983
3.63782
3.63579
3.63371
3.63161
3.62947
3.62729
3.62508
3.62284
3.62057
3.61826
3.61591
3.61354
3.61112
3.60868
3.6062
3.60369
3.60114
3.59856
3.59595
3.5933
3.59062
3.58791
3.58516
3.58238
3.57956
3.57671
3.57383
3.57091
3.56796
3.56498
3.56196
3.55891
3.55583
3.55271
3.54956
3.54638
3.54316
3.53991
3.53662
3.5333
3.52995
3.52657
3.52315
3.5197
3.51621
3.5127
3.50914
3.50556
3.50194
3.49829
3.49461
3.49089
3.48714
3.48335
3.47954
3.47569
3.47181
3.46789
3.46394
3.45996
3.45594
3.4519
3.44782
3.4437
3.43956
3.43538
3.43116
3.42692
3.42264
3.41833
3.41399
3.40961
3.40521
3.40077
3.39629
3.39179
3.38725
3.38268
3.37807
3.37344
3.36877
3.36407
3.35934
3.35457
3.34977
3.34494
3.34008
3.33519
3.33026
3.3253
3.32031
3.31529
3.31024
3.30515
3.30003
3.29488
3.2897
3.28449
3.27924
3.27396
3.26866
3.26332
3.25794
3.25254
3.2471
3.24164
3.23614
3.23061
3.22505
3.21945
3.21383
3.20817
3.20249
3.19677
3.19102
3.18524
3.17943
3.17359
3.16771
3.16181
3.15587
3.14991
3.14391
3.13788
3.13182
3.12573
3.11961
3.11346
3.10728
3.10107
3.09483
3.08856
3.08225
3.07592
3.06956
3.06316
3.05674
3.05029
3.0438
3.03729
3.03074
3.02417
3.01756
3.01093
3.00427
2.99757
2.99085
2.9841
2.97731
2.9705
2.96366
2.95679
2.94989
2.94296
2.936
2.92901
2.92199
2.91495
2.90787
2.90076
2.89363
2.88647
2.87928
2.87206
2.86481
2.85753
2.85022
2.84289
2.83552
2.82813
2.82071
2.81326
2.80578
2.79828
2.79074
2.78318
2.77559
2.76797
2.76033
2.75265
2.74495
2.73722
2.72946
2.72168
2.71386
2.70602
2.69816
2.69026
2.68234
2.67439
2.66641
2.65841
2.65038
2.64232
2.63423
2.62612
2.61798
2.60981
2.60162
2.5934
2.58516
2.57688
2.56858
2.56026
2.55191
2.54353
2.53512
2.52669
2.51824
2.50976
2.50125
2.49271
2.48415
2.47557
2.46696
2.45832
2.44966
2.44097
2.43225
2.42351
2.41475
2.40596
2.39715
2.38831
2.37944
2.37055
2.36164
2.3527
2.34374
2.33475
2.32574
2.3167
2.30764
2.29855
2.28944
2.28031
2.27115
2.26197
2.25276
2.24353
2.23428
2.225
2.2157
2.20637
2.19702
2.18765
2.17826
2.16884
2.1594
2.14993
2.14044
2.13093
2.1214
2.11184
2.10226
2.09266
2.08304
2.07339
2.06372
2.05403
2.04432
2.03458
2.02482
2.01504
2.00524
1.99541
1.98557
1.9757
1.96581
1.9559
1.94597
1.93602
1.92604
1.91605
1.90603
1.89599
1.88593
1.87585
1.86575
1.85563
1.84549
1.83533
1.82514
1.81494
1.80472
1.79447
1.78421
1.77392
1.76362
1.7533
1.74295
1.73259
1.72221
1.7118
1.70138
1.69094
1.68048
1.67
1.6595
1.64899
1.63845
1.6279
1.61732
1.60673
1.59612
1.58549
1.57484
1.56418
1.55349
1.54279
1.53207
1.52133
1.51057
1.4998
1.48901
1.4782
1.46737
1.45653
1.44567
1.43479
1.4239
1.41298
1.40206
1.39111
1.38015
1.36917
1.35817
1.34716
1.33613
1.32509
1.31403
1.30295
1.29186
1.28075
1.26962
1.25848
1.24733
1.23615
1.22497
1.21377
1.20255
1.19132
1.18007
1.16881
1.15753
1.14624
1.13493
1.12361
1.11227
1.10092
1.08956
1.07818
1.06679
1.05538
1.04396
1.03253
1.02108
1.00962
0.998148
0.986661
0.97516
0.963646
0.952118
0.940578
0.929025
0.91746
0.905881
0.89429
0.882687
0.871071
0.859443
0.847803
0.836151
0.824487
0.812811
0.801123
0.789423
0.777712
0.76599
0.754256
0.742511
0.730755
0.718988
0.70721
0.695421
0.683621
0.671811
0.65999
0.648159
0.636317
0.624465
0.612603
0.600732
0.58885
0.576958
0.565057
0.553146
0.541225
0.529296
0.517357
0.505408
0.493451
0.481485
0.46951
0.457526
0.445533
0.433532
0.421523
0.409505
0.397479
0.385444
0.373402
0.361352
0.349294
0.337228
0.325155
0.313074
0.300986
0.288891
0.276788
0.264678
0.252562
0.240438
0.228308
0.216171
0.204028
0.191878
0.179722
0.16756
0.155392
0.143217
0.131037
0.118851
0.106659
0.0944621
0.0822595
0.0700514
0.0578382
0.0456198
0.0333964
0.0211681
0.00893506
0.00330271
0.0155451
0.0277919
0.0400431
0.0522985
0.0645581
0.0768217
0.0890892
0.101361
0.113636
0.125914
0.138196
0.150482
0.162771
0.175063
0.187358
0.199655
0.211956
0.22426
0.236566
0.248874
0.261185
0.273498
0.285814
0.298131
0.310451
0.322772
0.335095
0.347419
0.359745
0.372073
0.384401
0.396731
0.409062
0.421394
0.433727
0.44606
0.458394
0.470729
0.483064
0.495399
0.507734
0.52007
0.532405
0.54474
0.557075
0.56941
0.581744
0.594077
0.60641
0.618741
0.631072
0.643402
0.655731
0.668058
0.680384
0.692708
0.705031
0.717352
0.729672
0.741989
0.754304
0.766617
0.778928
0.791236
0.803542
0.815845
0.828145
0.840443
0.852738
0.865029
0.877317
0.889602
0.901884
0.914162
0.926436
0.938707
0.950974
0.963237
0.975495
0.98775
1
1.01225
1.02449
1.03672
1.04896
1.06118
1.0734
1.08562
1.09783
1.11004
1.12224
1.13443
1.14662
1.15881
1.17099
1.18316
1.19532
1.20748
1.21964
1.23178
1.24392
1.25606
1.26818
1.2803
1.29242
1.30452
1.31662
1.32871
1.3408
1.35287
1.36494
1.377
1.38905
1.4011
1.41313
1.42516
1.43718
1.44919
1.4612
1.47319
1.48518
1.49715
1.50912
1.52108
1.53303
1.54497
1.5569
1.56882
1.58073
1.59263
1.60452
1.6164
1.62827
1.64013
1.65198
1.66382
1.67565
1.68747
1.69928
1.71108
1.72286
1.73464
1.7464
1.75815
1.76989
1.78162
1.79334
1.80504
1.81674
1.82842
1.84009
1.85175
1.86339
1.87502
1.88664
1.89825
1.90984
1.92143
1.93299
1.94455
1.95609
1.96762
1.97913
1.99064
2.00212
2.0136
2.02506
2.0365
2.04794
2.05935
2.07076
2.08215
2.09352
2.10488
2.11623
2.12756
2.13887
2.15017
2.16146
2.17273
2.18398
2.19522
2.20644
2.21765
2.22884
2.24002
2.25118
2.26232
2.27345
2.28456
2.29565
2.30673
2.31779
2.32884
2.33986
2.35087
2.36187
2.37284
2.3838
2.39474
2.40566
2.41657
2.42746
2.43833
2.44918
2.46002
2.47083
2.48163
2.49241
2.50317
2.51391
2.52464
2.53534
2.54603
2.55669
2.56734
2.57797
2.58858
2.59917
2.60974
2.62029
2.63082
2.64133
2.65182
2.66229
2.67274
2.68317
2.69358
2.70397
2.71434
2.72469
2.73502
2.74533
2.75561
2.76588
2.77612
2.78634
2.79654
2.80672
2.81688
2.82702
2.83713
2.84723
2.8573
2.86734
2.87737
2.88738
2.89736
2.90732
2.91725
2.92717
2.93706
2.94693
2.95677
2.9666
2.9764
2.98617
2.99592
3.00565
3.01536
3.02504
3.0347
3.04433
3.05394
3.06353
3.07309
3.08263
3.09215
3.10164
3.1111
3.12054
3.12996
3.13935
3.14871
3.15805
3.16737
3.17666
3.18593
3.19517
3.20438
3.21357
3.22273
3.23187
3.24098
3.25007
3.25913
3.26816
3.27717
3.28615
3.29511
3.30404
3.31294
3.32181
3.33066
3.33948
3.34828
3.35705
3.36579
3.3745
3.38319
3.39184
3.40048
3.40908
3.41766
3.4262
3.43472
3.44322
3.45168
3.46012
3.46853
3.47691
3.48526
3.49358
3.50188
3.51014
3.51838
3.52659
3.53477
3.54292
3.55104
3.55914
3.5672
3.57523
3.58324
3.59121
3.59916
3.60708
3.61496
3.62282
3.63065
3.63844
3.64621
3.65395
3.66166
3.66933
3.67698
3.68459
3.69218
3.69973
3.70726
3.71475
3.72221
3.72964
3.73704
3.74441
3.75175
3.75906
3.76633
3.77358
3.78079
3.78797
3.79512
3.80224
3.80932
3.81638
3.8234
3.83039
3.83735
3.84427
3.85117
3.85803
3.86486
3.87165
3.87841
3.88515
3.89184
3.89851
3.90514
3.91174
3.91831
3.92484
3.93134
3.93781
3.94425
3.95065
3.95701
3.96335
3.96965
3.97591
3.98215
3.98835
3.99451
4.00064
4.00674
4.0128
4.01883
4.02483
4.03079
4.03672
4.04261
4.04846
4.05429
4.06008
4.06583
4.07155
4.07723
4.08288
4.0885
4.09408
4.09962
4.10513
4.1106
4.11604
4.12145
4.12682
4.13215
4.13745
4.14271
4.14793
4.15312
4.15828
4.1634
4.16848
4.17353
4.17854
4.18351
4.18845
4.19335
4.19822
4.20305
4.20785
4.2126
4.21732
4.22201
4.22666
4.23127
4.23584
4.24038
4.24488
4.24934
4.25377
4.25816
4.26252
4.26683
4.27111
4.27535
4.27956
4.28372
4.28785
4.29195
4.296
4.30002
4.304
4.30794
4.31185
4.31571
4.31954
4.32333
4.32709
4.3308
4.33448
4.33812
4.34172
4.34529
4.34881
4.3523
4.35575
4.35916
4.36253
4.36587
4.36916
4.37242
4.37564
4.37882
4.38196
4.38506
4.38812
4.39115
4.39414
4.39708
4.39999
4.40286
4.40569
4.40848
4.41124
4.41395
4.41663
4.41926
4.42186
4.42441
4.42693
4.42941
4.43185
4.43425
4.43661
4.43893
4.44121
4.44345
4.44565
4.44782
4.44994
4.45202
4.45406
4.45607
4.45803
4.45996
4.46184
4.46368
4.46549
4.46725
4.46898
4.47066
4.4723
4.47391
4.47547
4.477
4.47848
4.47992
4.48133
4.48269
4.48401
4.48529
4.48653
4.48774
4.4889
4.49002
4.4911
4.49214
4.49314
4.49409
4.49501
4.49589
4.49673
4.49752
4.49828
4.49899
4.49966
4.5003
4.50089
4.50144
4.50195
4.50242
4.50285
4.50324
4.50359
4.50389
4.50416
4.50438
4.50456
4.50471
4.50481
4.50487
4.50489
4.50486
4.5048
4.5047
4.50455
4.50437
4.50414
4.50387
4.50356
4.50321
4.50282
4.50238
4.50191
4.50139
4.50083
4.50024
4.4996
4.49891
4.49819
4.49743
4.49662
4.49578
4.49489
4.49396
4.49299
4.49198
4.49092
4.48983
4.48869
4.48751
4.48629
4.48503
4.48373
4.48239
4.481
4.47958
4.47811
4.4766
4.47505
4.47346
4.47182
4.47015
4.46843
4.46667
4.46487
4.46303
4.46115
4.45922
4.45726
4.45525
4.4532
4.45111
4.44898
4.44681
4.44459
4.44234
4.44004
4.4377
4.43532
4.4329
4.43043
4.42793
4.42538
4.4228
4.42017
4.4175
4.41478
4.41203
4.40923
4.4064
4.40352
4.4006
4.39764
4.39464
4.3916
4.38851
4.38538
4.38222
4.37901
4.37576
4.37247
4.36913
4.36576
4.36235
4.35889
4.35539
4.35185
4.34827
4.34465
4.34099
4.33729
4.33354
4.32975
4.32593
4.32206
4.31815
4.3142
4.31021
4.30618
4.3021
4.29799
4.29383
4.28964
4.2854
4.28112
4.2768
4.27244
4.26804
4.2636
4.25912
4.25459
4.25003
4.24543
4.24078
4.23609
4.23137
4.2266
4.22179
4.21694
4.21205
4.20712
4.20215
4.19714
4.19209
4.187
4.18187
4.1767
4.17148
4.16623
4.16094
4.1556
4.15023
4.14482
4.13936
4.13387
4.12833
4.12276
4.11714
4.11149
4.1058
4.10006
4.09429
4.08847
4.08262
4.07673
4.07079
4.06482
4.05881
4.05275
4.04666
4.04053
4.03436
4.02815
4.0219
4.01561
4.00928
4.00291
3.9965
3.99006
3.98357
3.97705
3.97048
3.96388
3.95724
3.95056
3.94384
3.93708
3.93028
3.92344
3.91657
3.90965
3.9027
3.89571
3.88868
3.88161
3.8745
3.86735
3.86017
3.85295
3.84568
3.83839
3.83105
3.82367
3.81626
3.80881
3.80132
3.79379
3.78622
3.77862
3.77098
3.7633
3.75558
3.74783
3.74004
3.73221
3.72434
3.71643
3.70849
3.70051
3.6925
3.68444
3.67635
3.66822
3.66006
3.65186
3.64362
3.63534
3.62703
3.61868
3.61029
3.60187
3.59341
3.58491
3.57638
3.56781
3.55921
3.55057
3.54189
3.53317
3.52442
3.51564
3.50682
3.49796
3.48907
3.48014
3.47117
3.46217
3.45313
3.44406
3.43495
3.42581
3.41663
3.40742
3.39817
3.38889
3.37957
3.37022
3.36083
3.3514
3.34195
3.33245
3.32293
3.31336
3.30377
3.29414
3.28447
3.27477
3.26504
3.25527
3.24547
3.23563
3.22576
3.21586
3.20592
3.19595
3.18595
3.17591
3.16584
3.15573
3.14559
3.13542
3.12522
3.11498
3.10471
3.09441
3.08407
3.0737
3.0633
3.05286
3.0424
3.0319
3.02137
3.0108
3.00021
2.98958
2.97892
2.96822
2.9575
2.94674
2.93596
2.92514
2.91428
2.9034
2.89249
2.88154
2.87057
2.85956
2.84852
2.83745
2.82635
2.81522
2.80406
2.79286
2.78164
2.77039
2.7591
2.74779
2.73645
2.72507
2.71367
2.70223
2.69077
2.67927
2.66775
2.6562
2.64462
2.633
2.62136
2.60969
2.59799
2.58626
2.57451
2.56272
2.55091
2.53906
2.52719
2.51529
2.50336
2.4914
2.47942
2.46741
2.45537
2.4433
2.4312
2.41907
2.40692
2.39474
2.38254
2.3703
2.35804
2.34575
2.33344
2.32109
2.30872
2.29633
2.28391
2.27146
2.25898
2.24648
2.23395
2.2214
2.20882
2.19621
2.18358
2.17092
2.15824
2.14553
2.1328
2.12004
2.10726
2.09445
2.08161
2.06875
2.05587
2.04296
2.03003
2.01707
2.00409
1.99108
1.97805
1.965
1.95192
1.93882
1.92569
1.91254
1.89937
1.88617
1.87295
1.85971
1.84645
1.83316
1.81985
1.80651
1.79316
1.77978
1.76638
1.75295
1.73951
1.72604
1.71255
1.69904
1.6855
1.67195
1.65837
1.64477
1.63115
1.61751
1.60385
1.59017
1.57647
1.56274
1.549
1.53523
1.52145
1.50764
1.49381
1.47997
1.4661
1.45222
1.43831
1.42439
1.41044
1.39648
1.3825
1.36849
1.35447
1.34043
1.32638
1.3123
1.2982
1.28409
1.26996
1.25581
1.24164
1.22745
1.21325
1.19903
1.18479
1.17053
1.15626
1.14196
1.12766
1.11333
1.09899
1.08463
1.07026
1.05586
1.04146
1.02703
1.01259
0.998134
0.983661
0.969173
0.95467
0.940151
0.925616
0.911067
0.896502
0.881922
0.867327
0.852718
0.838094
0.823455
0.808803
0.794136
0.779454
0.764759
0.75005
0.735327
0.720591
0.705841
0.691078
0.676301
0.661512
0.646709
0.631894
0.617066
0.602225
0.587372
0.572507
0.557629
0.542739
0.527838
0.512924
0.497999
0.483062
0.468114
0.453154
0.438184
0.423202
0.408209
0.393206
0.378192
0.363167
0.348132
0.333087
0.318031
0.302966
0.28789
0.272805
0.257711
0.242606
0.227493
0.21237
0.197238
0.182098
0.166948
0.15179
0.136623
0.121448
0.106264
0.0910723
0.0758725
0.0606649
0.0454495
0.0302265
0.014996
0.000241928
0.015487
0.0307392
0.0459984
0.0612644
0.076537
0.0918163
0.107102
0.122394
0.137692
0.152996
0.168306
0.183622
0.198943
0.21427
0.229602
0.244939
0.260282
0.275629
0.290981
0.306338
0.3217
0.337065
0.352435
0.36781
0.383188
0.39857
0.413955
0.429345
0.444737
0.460133
0.475532
0.490934
0.50634
0.521747
0.537158
0.552571
0.567986
0.583403
0.598823
0.614244
0.629667
0.645092
0.660519
0.675946
0.691375
0.706805
0.722236
0.737668
0.753101
0.768534
0.783967
0.799401
0.814835
0.830269
0.845702
0.861136
0.876569
0.892001
0.907433
0.922863
0.938293
0.953722
0.969149
0.984575
1
1.01542
1.03084
1.04626
1.06168
1.07709
1.09251
1.10792
1.12332
1.13873
1.15413
1.16953
1.18492
1.20031
1.2157
1.23109
1.24647
1.26184
1.27722
1.29259
1.30795
1.32331
1.33867
1.35402
1.36936
1.3847
1.40004
1.41537
1.43069
1.44601
1.46132
1.47663
1.49193
1.50723
1.52252
1.5378
1.55307
1.56834
1.5836
1.59886
1.61411
1.62935
1.64458
1.65981
1.67502
1.69023
1.70544
1.72063
1.73581
1.75099
1.76616
1.78132
1.79647
1.81161
1.82675
1.84187
1.85698
1.87209
1.88718
1.90227
1.91734
1.93241
1.94746
1.96251
1.97754
1.99257
2.00758
2.02258
2.03757
2.05255
2.06752
2.08247
2.09742
2.11235
2.12727
2.14218
2.15708
2.17196
2.18683
2.20169
2.21654
2.23137
2.24619
2.261
2.27579
2.29057
2.30534
2.32009
2.33483
2.34956
2.36427
2.37897
2.39365
2.40832
2.42297
2.43761
2.45223
2.46684
2.48143
2.49601
2.51057
2.52512
2.53965
2.55416
2.56866
2.58314
2.59761
2.61205
2.62649
2.6409
2.6553
2.66968
2.68405
2.69839
2.71272
2.72703
2.74133
2.7556
2.76986
2.7841
2.79832
2.81253
2.82671
2.84088
2.85502
2.86915
2.88326
2.89735
2.91142
2.92547
2.9395
2.95351
2.9675
2.98147
2.99542
3.00935
3.02326
3.03715
3.05102
3.06487
3.07869
3.0925
3.10628
3.12005
3.13379
3.14751
3.1612
3.17488
3.18853
3.20216
3.21577
3.22936
3.24292
3.25646
3.26998
3.28348
3.29695
3.3104
3.32382
3.33722
3.3506
3.36395
3.37728
3.39059
3.40387
3.41713
3.43036
3.44357
3.45675
3.46991
3.48304
3.49615
3.50923
3.52229
3.53532
3.54833
3.56131
3.57427
3.58719
3.6001
3.61297
3.62582
3.63864
3.65144
3.66421
3.67695
3.68967
3.70236
3.71502
3.72765
3.74025
3.75283
3.76538
3.7779
3.7904
3.80286
3.8153
3.82771
3.84009
3.85244
3.86476
3.87706
3.88932
3.90156
3.91376
3.92594
3.93809
3.9502
3.96229
3.97435
3.98637
3.99837
4.01034
4.02227
4.03418
4.04605
4.0579
4.06971
4.08149
4.09324
4.10496
4.11665
4.12831
4.13993
4.15152
4.16308
4.17461
4.18611
4.19757
4.209
4.2204
4.23177
4.2431
4.2544
4.26567
4.27691
4.28811
4.29927
4.31041
4.32151
4.33258
4.34361
4.35461
4.36557
4.37651
4.3874
4.39827
4.40909
4.41989
4.43064
4.44137
4.45206
4.46271
4.47333
4.48391
4.49446
4.50497
4.51545
4.52589
4.53629
4.54666
4.55699
4.56729
4.57755
4.58777
4.59796
4.60811
4.61822
4.6283
4.63834
4.64834
4.65831
4.66823
4.67812
4.68798
4.69779
4.70757
4.71731
4.72701
4.73667
4.7463
4.75588
4.76543
4.77494
4.78441
4.79385
4.80324
4.8126
4.82191
4.83119
4.84043
4.84962
4.85878
4.8679
4.87698
4.88602
4.89502
4.90398
4.9129
4.92178
4.93062
4.93942
4.94818
4.9569
4.96557
4.97421
4.9828
4.99136
4.99987
5.00835
5.01678
5.02517
5.03352
5.04182
5.05009
5.05831
5.06649
5.07463
5.08273
5.09079
5.0988
5.10677
5.1147
5.12259
5.13043
5.13823
5.14599
5.1537
5.16138
5.16901
5.17659
5.18414
5.19164
5.19909
5.2065
5.21387
5.2212
5.22848
5.23572
5.24291
5.25006
5.25717
5.26423
5.27125
5.27822
5.28515
5.29203
5.29887
5.30567
5.31242
5.31912
5.32578
5.3324
5.33897
5.34549
5.35197
5.3584
5.36479
5.37113
5.37743
5.38368
5.38989
5.39605
5.40216
5.40823
5.41425
5.42023
5.42616
5.43204
5.43788
5.44367
5.44941
5.45511
5.46076
5.46636
5.47192
5.47743
5.48289
5.4883
5.49367
5.49899
5.50427
5.50949
5.51467
5.5198
5.52488
5.52992
5.53491
5.53985
5.54474
5.54959
5.55438
5.55913
5.56383
5.56848
5.57309
5.57764
5.58215
5.58661
5.59102
5.59538
5.59969
5.60395
5.60817
5.61233
5.61645
5.62052
5.62454
5.62851
5.63243
5.6363
5.64012
5.64389
5.64762
5.65129
5.65491
5.65849
5.66201
5.66549
5.66891
5.67229
5.67561
5.67889
5.68212
5.68529
5.68842
5.69149
5.69452
5.69749
5.70041
5.70329
5.70611
5.70888
5.71161
5.71428
5.7169
5.71947
5.72199
5.72446
5.72687
5.72924
5.73156
5.73382
5.73603
5.7382
5.74031
5.74237
5.74438
5.74633
5.74824
5.75009
5.7519
5.75365
5.75535
5.757
5.7586
5.76014
5.76164
5.76308
5.76447
5.76581
5.76709
5.76833
5.76951
5.77064
5.77172
5.77275
5.77372
5.77464
5.77551
5.77633
5.7771
5.77781
5.77847
5.77908
5.77964
5.78014
5.78059
5.78099
5.78134
5.78164
5.78188
5.78207
5.7822
5.78229
5.78232
5.7823
5.78222
5.78209
5.78191
5.78168
5.7814
5.78106
5.78067
5.78022
5.77972
5.77917
5.77857
5.77791
5.7772
5.77644
5.77563
5.77476
5.77383
5.77286
5.77183
5.77075
5.76961
5.76843
5.76719
5.76589
5.76454
5.76314
5.76169
5.76018
5.75862
5.757
5.75534
5.75361
5.75184
5.75001
5.74813
5.74619
5.74421
5.74216
5.74007
5.73792
5.73572
5.73346
5.73115
5.72879
5.72637
5.7239
5.72137
5.7188
5.71616
5.71348
5.71074
5.70795
5.7051
5.7022
5.69925
5.69624
5.69318
5.69007
5.6869
5.68368
5.68041
5.67708
5.6737
5.67026
5.66677
5.66323
5.65963
5.65598
5.65228
5.64852
5.64471
5.64084
5.63693
5.63295
5.62893
5.62485
5.62072
5.61653
5.61229
5.608
5.60365
5.59925
5.59479
5.59029
5.58573
5.58111
5.57644
5.57172
5.56695
5.56212
5.55724
5.5523
5.54731
5.54227
5.53717
5.53202
5.52682
5.52157
5.51626
5.51089
5.50548
5.50001
5.49449
5.48891
5.48328
5.4776
5.47187
5.46608
5.46024
5.45434
5.44839
5.44239
5.43634
5.43023
5.42407
5.41786
5.4116
5.40528
5.39891
5.39248
5.386
5.37947
5.37289
5.36626
5.35957
5.35283
5.34603
5.33919
5.33229
5.32534
5.31833
5.31128
5.30417
5.29701
5.28979
5.28253
5.27521
5.26784
5.26042
5.25294
5.24542
5.23784
5.2302
5.22252
5.21479
5.207
5.19916
5.19127
5.18332
5.17533
5.16728
5.15918
5.15103
5.14283
5.13458
5.12627
5.11792
5.10951
5.10105
5.09254
5.08398
5.07536
5.0667
5.05798
5.04921
5.0404
5.03153
5.02261
5.01363
5.00461
4.99554
4.98642
4.97724
4.96802
4.95874
4.94941
4.94004
4.93061
4.92113
4.9116
4.90202
4.8924
4.88272
4.87299
4.86321
4.85338
4.8435
4.83357
4.82359
4.81356
4.80349
4.79336
4.78318
4.77295
4.76268
4.75235
4.74197
4.73155
4.72108
4.71055
4.69998
4.68936
4.67869
4.66797
4.6572
4.64639
4.63552
4.62461
4.61365
4.60263
4.59158
4.58047
4.56931
4.55811
4.54686
4.53556
4.52421
4.51281
4.50137
4.48988
4.47834
4.46675
4.45512
4.44343
4.4317
4.41993
4.4081
4.39623
4.38432
4.37235
4.36034
4.34828
4.33617
4.32402
4.31182
4.29958
4.28729
4.27495
4.26257
4.25014
4.23766
4.22514
4.21257
4.19995
4.18729
4.17459
4.16184
4.14904
4.1362
4.12331
4.11038
4.0974
4.08438
4.07131
4.0582
4.04504
4.03184
4.0186
4.0053
3.99197
3.97859
3.96517
3.9517
3.93819
3.92463
3.91103
3.89739
3.8837
3.86997
3.8562
3.84238
3.82852
3.81461
3.80067
3.78668
3.77264
3.75857
3.74445
3.73029
3.71609
3.70184
3.68755
3.67322
3.65885
3.64444
3.62998
3.61548
3.60095
3.58636
3.57174
3.55708
3.54237
3.52763
3.51284
3.49801
3.48315
3.46824
3.45329
3.4383
3.42327
3.4082
3.39309
3.37794
3.36274
3.34751
3.33224
3.31693
3.30159
3.2862
3.27077
3.2553
3.2398
3.22425
3.20867
3.19305
3.17739
3.16169
3.14595
3.13018
3.11436
3.09851
3.08262
3.06669
3.05073
3.03473
3.01869
3.00261
2.9865
2.97035
2.95416
2.93794
2.92167
2.90538
2.88904
2.87267
2.85627
2.83982
2.82335
2.80683
2.79028
2.7737
2.75708
2.74042
2.72373
2.70701
2.69025
2.67345
2.65662
2.63976
2.62286
2.60593
2.58896
2.57196
2.55492
2.53786
2.52075
2.50362
2.48645
2.46925
2.45201
2.43475
2.41745
2.40011
2.38275
2.36535
2.34792
2.33046
2.31296
2.29544
2.27788
2.26029
2.24267
2.22502
2.20734
2.18962
2.17188
2.1541
2.1363
2.11846
2.10059
2.0827
2.06477
2.04682
2.02883
2.01081
1.99277
1.97469
1.95659
1.93846
1.9203
1.90211
1.88389
1.86564
1.84736
1.82906
1.81073
1.79237
1.77398
1.75557
1.73712
1.71866
1.70016
1.68164
1.66309
1.64451
1.62591
1.60728
1.58862
1.56994
1.55123
1.5325
1.51374
1.49495
1.47614
1.45731
1.43845
1.41956
1.40065
1.38172
1.36276
1.34378
1.32477
1.30574
1.28669
1.26761
1.24851
1.22938
1.21023
1.19106
1.17187
1.15265
1.13341
1.11415
1.09487
1.07556
1.05623
1.03689
1.01751
0.998122
0.978709
0.959274
0.939819
0.920343
0.900846
0.881329
0.861791
0.842234
0.822656
0.803059
0.783442
0.763805
0.744149
0.724474
0.704781
0.685068
0.665336
0.645587
0.625818
0.606032
0.586228
0.566405
0.546566
0.526708
0.506833
0.486942
0.467033
0.447107
0.427165
0.407206
0.387231
0.367239
0.347232
0.327209
0.30717
0.287116
0.267046
0.246961
0.226862
0.206747
0.186618
0.166474
0.146316
0.126144
0.105958
0.0857581
0.0655446
0.0453176
0.0250774
0.00482413
0.0154421
0.0357211
0.0560127
0.0763167
0.0966329
0.116961
0.137301
0.157653
0.178017
0.198392
0.218778
0.239175
0.259582
0.280001
0.30043
0.320869
0.341319
0.361778
0.382248
0.402727
0.423215
0.443713
0.464219
0.484735
0.505259
0.525792
0.546333
0.566883
0.58744
0.608006
0.628579
0.649159
0.669747
0.690342
0.710944
0.731553
0.752168
0.77279
0.793417
0.814051
0.834691
0.855337
0.875988
0.896644
0.917306
0.937972
0.958644
0.97932
1
1.02068
1.04137
1.06207
1.08276
1.10346
1.12417
1.14487
1.16558
1.18629
1.20701
1.22772
1.24844
1.26917
1.28989
1.31061
1.33134
1.35207
1.3728
1.39353
1.41426
1.43499
1.45572
1.47645
1.49718
1.51792
1.53865
1.55938
1.58011
1.60084
1.62157
1.64229
1.66302
1.68374
1.70447
1.72519
1.7459
1.76662
1.78733
1.80804
1.82875
1.84945
1.87016
1.89085
1.91155
1.93224
1.95292
1.9736
1.99428
2.01495
2.03562
2.05629
2.07694
2.0976
2.11824
2.13888
2.15952
2.18015
2.20077
2.22139
2.242
2.2626
2.28319
2.30378
2.32436
2.34494
2.3655
2.38606
2.40661
2.42715
2.44768
2.46821
2.48872
2.50923
2.52973
2.55021
2.57069
2.59116
2.61162
2.63206
2.6525
2.67293
2.69334
2.71375
2.73414
2.75452
2.77489
2.79525
2.8156
2.83593
2.85625
2.87656
2.89686
2.91714
2.93741
2.95767
2.97792
2.99815
3.01836
3.03857
3.05875
3.07893
3.09909
3.11923
3.13936
3.15948
3.17958
3.19966
3.21973
3.23978
3.25981
3.27983
3.29984
3.31982
3.33979
3.35975
3.37968
3.3996
3.4195
3.43938
3.45925
3.47909
3.49892
3.51873
3.53852
3.55829
3.57805
3.59778
3.61749
3.63719
3.65686
3.67652
3.69615
3.71576
3.73536
3.75493
3.77448
3.79401
3.81352
3.833
3.85247
3.87191
3.89133
3.91073
3.93011
3.94946
3.96879
3.9881
4.00738
4.02664
4.04588
4.0651
4.08428
4.10345
4.12259
4.14171
4.1608
4.17986
4.19891
4.21792
4.23691
4.25588
4.27482
4.29373
4.31262
4.33148
4.35031
4.36912
4.3879
4.40665
4.42538
4.44407
4.46274
4.48139
4.5
4.51859
4.53714
4.55567
4.57417
4.59264
4.61109
4.6295
4.64788
4.66623
4.68456
4.70285
4.72111
4.73934
4.75755
4.77572
4.79386
4.81197
4.83004
4.84809
4.8661
4.88408
4.90203
4.91995
4.93783
4.95569
4.97351
4.99129
5.00905
5.02677
5.04445
5.0621
5.07972
5.09731
5.11486
5.13237
5.14985
5.1673
5.18471
5.20209
5.21943
5.23673
5.254
5.27123
5.28843
5.30559
5.32272
5.33981
5.35686
5.37387
5.39085
5.40779
5.42469
5.44155
5.45838
5.47517
5.49192
5.50863
5.52531
5.54194
5.55854
5.57509
5.59161
5.60809
5.62453
5.64093
5.65729
5.6736
5.68988
5.70612
5.72232
5.73847
5.75459
5.77066
5.7867
5.80269
5.81864
5.83455
5.85041
5.86624
5.88202
5.89776
5.91345
5.92911
5.94472
5.96029
5.97581
5.99129
6.00673
6.02212
6.03747
6.05277
6.06803
6.08325
6.09842
6.11355
6.12863
6.14366
6.15865
6.1736
6.1885
6.20335
6.21816
6.23292
6.24764
6.2623
6.27693
6.2915
6.30603
6.32051
6.33494
6.34933
6.36367
6.37796
6.3922
6.40639
6.42054
6.43464
6.44869
6.46269
6.47664
6.49054
6.50439
6.5182
6.53195
6.54566
6.55931
6.57291
6.58647
6.59997
6.61343
6.62683
6.64018
6.65348
6.66673
6.67993
6.69308
6.70617
6.71922
6.73221
6.74515
6.75803
6.77087
6.78365
6.79638
6.80906
6.82168
6.83426
6.84677
6.85924
6.87165
6.88401
6.89631
6.90856
6.92076
6.9329
6.94498
6.95702
6.96899
6.98092
6.99278
7.00459
7.01635
7.02805
7.0397
7.05129
7.06282
7.0743
7.08572
7.09709
7.1084
7.11965
7.13085
7.14199
7.15307
7.1641
7.17506
7.18597
7.19683
7.20762
7.21836
7.22904
7.23966
7.25022
7.26073
7.27117
7.28156
7.29189
7.30216
7.31237
7.32252
7.33261
7.34264
7.35262
7.36253
7.37238
7.38217
7.39191
7.40158
7.41119
7.42074
7.43024
7.43967
7.44904
7.45834
7.46759
7.47678
7.4859
7.49497
7.50397
7.51291
7.52179
7.5306
7.53935
7.54805
7.55668
7.56524
7.57375
7.58219
7.59056
7.59888
7.60713
7.61532
7.62345
7.63151
7.63951
7.64744
7.65531
7.66312
7.67086
7.67854
7.68615
7.6937
7.70119
7.70861
7.71596
7.72325
7.73048
7.73764
7.74474
7.75177
7.75873
7.76563
7.77246
7.77923
7.78593
7.79257
7.79914
7.80564
7.81208
7.81845
7.82475
7.83099
7.83716
7.84327
7.8493
7.85527
7.86118
7.86701
7.87278
7.87848
7.88411
7.88968
7.89518
7.90061
7.90597
7.91126
7.91649
7.92164
7.92673
7.93175
7.93671
7.94159
7.9464
7.95115
7.95583
7.96044
7.96497
7.96944
7.97384
7.97817
7.98244
7.98663
7.99075
7.9948
7.99879
8.0027
8.00654
8.01031
8.01402
8.01765
8.02121
8.0247
8.02812
8.03147
8.03475
8.03796
8.0411
8.04416
8.04716
8.05008
8.05294
8.05572
8.05843
8.06107
8.06364
8.06613
8.06856
8.07091
8.07319
8.0754
8.07754
8.0796
8.0816
8.08352
8.08537
8.08714
8.08885
8.09048
8.09204
8.09352
8.09494
8.09628
8.09755
8.09874
8.09986
8.10091
8.10189
8.10279
8.10362
8.10438
8.10506
8.10567
8.10621
8.10667
8.10706
8.10738
8.10762
8.10779
8.10788
8.1079
8.10785
8.10772
8.10752
8.10724
8.10689
8.10647
8.10597
8.1054
8.10475
8.10403
8.10323
8.10236
8.10142
8.1004
8.0993
8.09813
8.09689
8.09557
8.09418
8.09271
8.09116
8.08954
8.08785
8.08608
8.08424
8.08232
8.08032
8.07826
8.07611
8.07389
8.07159
8.06922
8.06678
8.06425
8.06166
8.05898
8.05623
8.05341
8.05051
8.04753
8.04448
8.04135
8.03815
8.03487
8.03152
8.02808
8.02458
8.02099
8.01734
8.0136
8.00979
8.0059
8.00194
7.9979
7.99378
7.98959
7.98532
7.98098
7.97656
7.97206
7.96749
7.96284
7.95811
7.95331
7.94843
7.94348
7.93845
7.93334
7.92815
7.92289
7.91756
7.91214
7.90665
7.90109
7.89544
7.88972
7.88393
7.87805
7.8721
7.86608
7.85998
7.8538
7.84754
7.84121
7.8348
7.82831
7.82175
7.81511
7.8084
7.8016
7.79473
7.78779
7.78077
7.77367
7.76649
7.75924
7.75191
7.7445
7.73702
7.72946
7.72183
7.71412
7.70633
7.69846
7.69052
7.6825
7.67441
7.66624
7.65799
7.64966
7.64126
7.63278
7.62423
7.6156
7.60689
7.59811
7.58925
7.58031
7.5713
7.56221
7.55304
7.5438
7.53448
7.52508
7.51561
7.50606
7.49644
7.48674
7.47696
7.46711
7.45718
7.44717
7.43709
7.42694
7.4167
7.40639
7.39601
7.38554
7.37501
7.36439
7.3537
7.34294
7.3321
7.32118
7.31019
7.29912
7.28797
7.27675
7.26546
7.25409
7.24264
7.23112
7.21952
7.20784
7.19609
7.18427
7.17237
7.1604
7.14835
7.13622
7.12402
7.11174
7.09939
7.08697
7.07447
7.06189
7.04924
7.03651
7.02371
7.01084
6.99789
6.98486
6.97177
6.95859
6.94534
6.93202
6.91862
6.90515
6.89161
6.87799
6.86429
6.85053
6.83669
6.82277
6.80878
6.79472
6.78058
6.76637
6.75208
6.73772
6.72329
6.70879
6.69421
6.67956
6.66483
6.65003
6.63516
6.62021
6.6052
6.59011
6.57494
6.55971
6.5444
6.52901
6.51356
6.49803
6.48243
6.46676
6.45102
6.4352
6.41931
6.40335
6.38732
6.37122
6.35504
6.33879
6.32247
6.30608
6.28962
6.27309
6.25648
6.2398
6.22306
6.20624
6.18935
6.17239
6.15536
6.13825
6.12108
6.10384
6.08652
6.06914
6.05169
6.03416
6.01657
5.9989
5.98117
5.96336
5.94549
5.92755
5.90953
5.89145
5.8733
5.85508
5.83679
5.81843
5.8
5.78151
5.76294
5.74431
5.72561
5.70684
5.688
5.66909
5.65011
5.63107
5.61196
5.59278
5.57353
5.55422
5.53484
5.51539
5.49587
5.47629
5.45664
5.43692
5.41714
5.39729
5.37737
5.35739
5.33734
5.31723
5.29705
5.2768
5.25648
5.23611
5.21566
5.19515
5.17458
5.15394
5.13323
5.11246
5.09162
5.07072
5.04976
5.02873
5.00764
4.98648
4.96526
4.94397
4.92262
4.90121
4.87973
4.85819
4.83659
4.81492
4.79319
4.7714
4.74955
4.72763
4.70565
4.68361
4.6615
4.63934
4.61711
4.59482
4.57247
4.55005
4.52758
4.50504
4.48244
4.45979
4.43707
4.41429
4.39145
4.36855
4.34559
4.32257
4.29948
4.27634
4.25314
4.22988
4.20657
4.18319
4.15975
4.13626
4.1127
4.08909
4.06542
4.04169
4.0179
3.99405
3.97015
3.94619
3.92217
3.89809
3.87396
3.84977
3.82552
3.80122
3.77686
3.75244
3.72797
3.70344
3.67886
3.65422
3.62952
3.60477
3.57996
3.5551
3.53018
3.50521
3.48019
3.45511
3.42997
3.40478
3.37954
3.35425
3.3289
3.30349
3.27804
3.25253
3.22697
3.20135
3.17569
3.14997
3.1242
3.09837
3.0725
3.04657
3.02059
2.99456
2.96848
2.94235
2.91617
2.88994
2.86366
2.83732
2.81094
2.78451
2.75802
2.73149
2.70491
2.67828
2.6516
2.62488
2.5981
2.57128
2.5444
2.51748
2.49052
2.4635
2.43644
2.40933
2.38217
2.35497
2.32772
2.30042
2.27308
2.24569
2.21825
2.19077
2.16325
2.13568
2.10806
2.0804
2.0527
2.02495
1.99715
1.96932
1.94143
1.91351
1.88554
1.85753
1.82947
1.80138
1.77324
1.74505
1.71683
1.68856
1.66025
1.6319
1.60351
1.57508
1.54661
1.51809
1.48954
1.46094
1.43231
1.40363
1.37492
1.34616
1.31737
1.28854
1.25967
1.23076
1.20181
1.17282
1.1438
1.11474
1.08564
1.0565
1.02733
0.998114
0.968867
0.939583
0.910262
0.880906
0.851514
0.822087
0.792624
0.763126
0.733593
0.704025
0.674423
0.644787
0.615117
0.585412
0.555675
0.525904
0.4961
0.466263
0.436394
0.406492
0.376558
0.346591
0.316594
0.286564
0.256504
0.226412
0.19629
0.166137
0.135953
0.10574
0.0754967
0.0452238
0.0149214
0.0154101
0.0457706
0.0761598
0.106577
0.137023
0.167497
0.197999
0.228528
0.259085
0.289668
0.320278
0.350915
0.381579
0.412268
0.442983
0.473724
0.50449
0.535281
0.566097
0.596938
0.627803
0.658693
0.689606
0.720543
0.751503
0.782487
0.813493
0.844523
0.875574
0.906648
0.937744
0.968861
1
1.03116
1.06234
1.09354
1.12477
1.15601
1.18727
1.21855
1.24985
1.28117
1.31251
1.34387
1.37525
1.40664
1.43806
1.46949
1.50094
1.5324
1.56388
1.59538
1.6269
1.65843
1.68998
1.72154
1.75312
1.78471
1.81632
1.84794
1.87958
1.91123
1.9429
1.97458
2.00627
2.03797
2.06969
2.10142
2.13316
2.16492
2.19669
2.22846
2.26025
2.29205
2.32386
2.35568
2.38752
2.41936
2.45121
2.48307
2.51494
2.54682
2.5787
2.6106
2.6425
2.67441
2.70633
2.73826
2.77019
2.80213
2.83408
2.86603
2.89799
2.92995
2.96192
2.99389
3.02587
3.05786
3.08984
3.12184
3.15383
3.18583
3.21783
3.24984
3.28185
3.31386
3.34587
3.37788
3.4099
3.44191
3.47393
3.50595
3.53797
3.56999
3.60201
3.63403
3.66605
3.69806
3.73008
3.76209
3.79411
3.82612
3.85813
3.89013
3.92214
3.95414
3.98613
4.01812
4.05011
4.0821
4.11408
4.14605
4.17802
4.20999
4.24195
4.2739
4.30585
4.33779
4.36972
4.40165
4.43357
4.46548
4.49738
4.52928
4.56117
4.59304
4.62491
4.65677
4.68862
4.72047
4.7523
4.78412
4.81593
4.84772
4.87951
4.91129
4.94305
4.9748
5.00654
5.03827
5.06998
5.10168
5.13337
5.16504
5.1967
5.22834
5.25997
5.29158
5.32318
5.35477
5.38633
5.41788
5.44942
5.48094
5.51244
5.54392
5.57539
5.60684
5.63827
5.66968
5.70107
5.73244
5.7638
5.79513
5.82645
5.85774
5.88902
5.92027
5.9515
5.98271
6.0139
6.04507
6.07622
6.10734
6.13844
6.16952
6.20057
6.2316
6.2626
6.29359
6.32454
6.35548
6.38638
6.41726
6.44812
6.47895
6.50975
6.54053
6.57128
6.602
6.6327
6.66337
6.69401
6.72462
6.7552
6.78575
6.81628
6.84677
6.87724
6.90767
6.93808
6.96845
6.9988
7.02911
7.05939
7.08964
7.11985
7.15004
7.18019
7.21031
7.24039
7.27044
7.30046
7.33044
7.36039
7.39031
7.42019
7.45003
7.47984
7.50961
7.53935
7.56905
7.59871
7.62833
7.65792
7.68747
7.71698
7.74646
7.77589
7.80529
7.83465
7.86396
7.89324
7.92248
7.95168
7.98084
8.00995
8.03903
8.06806
8.09705
8.126
8.15491
8.18377
8.21259
8.24137
8.27011
8.2988
8.32745
8.35605
8.38461
8.41312
8.44159
8.47001
8.49838
8.52671
8.555
8.58323
8.61142
8.63956
8.66766
8.6957
8.7237
8.75165
8.77955
8.8074
8.83521
8.86296
8.89066
8.91831
8.94591
8.97347
9.00097
9.02841
9.05581
9.08315
9.11045
9.13769
9.16487
9.19201
9.21909
9.24611
9.27309
9.3
9.32687
9.35368
9.38043
9.40713
9.43377
9.46035
9.48688
9.51336
9.53977
9.56613
9.59243
9.61868
9.64486
9.67099
9.69706
9.72307
9.74902
9.77491
9.80074
9.82651
9.85222
9.87787
9.90346
9.92898
9.95445
9.97985
10.0052
10.0305
10.0557
10.0808
10.1059
10.131
10.1559
10.1808
10.2057
10.2304
10.2551
10.2798
10.3044
10.3289
10.3533
10.3777
10.402
10.4262
10.4504
10.4745
10.4986
10.5225
10.5464
10.5703
10.594
10.6177
10.6414
10.6649
10.6884
10.7118
10.7352
10.7584
10.7816
10.8048
10.8278
10.8508
10.8738
10.8966
10.9194
10.9421
10.9647
10.9872
11.0097
11.0321
11.0545
11.0767
11.0989
11.121
11.143
11.165
11.1869
11.2087
11.2304
11.252
11.2736
11.2951
11.3165
11.3378
11.3591
11.3803
11.4014
11.4224
11.4434
11.4642
11.485
11.5057
11.5263
11.5469
11.5673
11.5877
11.608
11.6282
11.6484
11.6684
11.6884
11.7083
11.7281
11.7478
11.7674
11.787
11.8064
11.8258
11.8451
11.8643
11.8835
11.9025
11.9215
11.9403
11.9591
11.9778
11.9964
12.015
12.0334
12.0517
12.07
12.0882
12.1063
12.1243
12.1422
12.16
12.1777
12.1954
12.2129
12.2304
12.2477
12.265
12.2822
12.2993
12.3163
12.3332
12.35
12.3668
12.3834
12.3999
12.4164
12.4328
12.449
12.4652
12.4813
12.4972
12.5131
12.5289
12.5446
12.5602
12.5757
12.5911
12.6065
12.6217
12.6368
12.6518
12.6668
12.6816
12.6963
12.711
12.7255
12.7399
12.7543
12.7685
12.7827
12.7967
12.8107
12.8245
12.8383
12.8519
12.8655
12.8789
12.8922
12.9055
12.9186
12.9317
12.9446
12.9575
12.9702
12.9828
12.9954
13.0078
13.0201
13.0323
13.0445
13.0565
13.0684
13.0802
13.0919
13.1035
13.115
13.1264
13.1376
13.1488
13.1599
13.1708
13.1817
13.1925
13.2031
13.2136
13.2241
13.2344
13.2446
13.2547
13.2647
13.2746
13.2844
13.294
13.3036
13.3131
13.3224
13.3316
13.3408
13.3498
13.3587
13.3675
13.3762
13.3847
13.3932
13.4016
13.4098
13.4179
13.4259
13.4338
13.4416
13.4493
13.4569
13.4643
13.4717
13.4789
13.486
13.493
13.4999
13.5067
13.5133
13.5198
13.5263
13.5326
13.5388
13.5449
13.5508
13.5567
13.5624
13.568
13.5735
13.5789
13.5842
13.5893
13.5943
13.5993
13.6041
13.6087
13.6133
13.6177
13.6221
13.6263
13.6303
13.6343
13.6382
13.6419
13.6455
13.649
13.6524
13.6556
13.6587
13.6617
13.6646
13.6674
13.67
13.6726
13.675
13.6773
13.6794
13.6815
13.6834
13.6852
13.6868
13.6884
13.6898
13.6911
13.6923
13.6933
13.6943
13.6951
13.6958
13.6963
13.6968
13.6971
13.6973
13.6973
13.6973
13.6971
13.6968
13.6963
13.6958
13.6951
13.6943
13.6933
13.6923
13.6911
13.6897
13.6883
13.6867
13.685
13.6832
13.6812
13.6792
13.6769
13.6746
13.6721
13.6695
13.6668
13.664
13.661
13.6579
13.6546
13.6513
13.6478
13.6442
13.6404
13.6365
13.6325
13.6284
13.6241
13.6197
13.6152
13.6105
13.6057
13.6008
13.5957
13.5905
13.5852
13.5798
13.5742
13.5685
13.5626
13.5566
13.5505
13.5443
13.5379
13.5314
13.5248
13.518
13.5111
13.5041
13.4969
13.4896
13.4822
13.4746
13.4669
13.4591
13.4511
13.443
13.4347
13.4264
13.4179
13.4092
13.4004
13.3915
13.3825
13.3733
13.364
13.3545
13.345
13.3352
13.3254
13.3154
13.3053
13.295
13.2846
13.2741
13.2634
13.2526
13.2417
13.2306
13.2194
13.208
13.1965
13.1849
13.1731
13.1612
13.1492
13.137
13.1247
13.1123
13.0997
13.087
13.0741
13.0611
13.048
13.0347
13.0213
13.0077
12.994
12.9802
12.9662
12.9521
12.9379
12.9235
12.909
12.8943
12.8795
12.8646
12.8495
12.8343
12.8189
12.8034
12.7878
12.772
12.7561
12.7401
12.7239
12.7075
12.6911
12.6745
12.6577
12.6408
12.6238
12.6066
12.5893
12.5718
12.5542
12.5365
12.5186
12.5006
12.4825
12.4642
12.4457
12.4271
12.4084
12.3896
12.3706
12.3514
12.3321
12.3127
12.2931
12.2734
12.2536
12.2336
12.2135
12.1932
12.1728
12.1522
12.1315
12.1107
12.0897
12.0686
12.0473
12.0259
12.0044
11.9827
11.9608
11.9389
11.9167
11.8945
11.8721
11.8495
11.8269
11.804
11.7811
11.7579
11.7347
11.7113
11.6877
11.6641
11.6402
11.6163
11.5922
11.5679
11.5435
11.519
11.4943
11.4695
11.4445
11.4194
11.3941
11.3687
11.3432
11.3175
11.2917
11.2657
11.2396
11.2134
11.187
11.1605
11.1338
11.107
11.08
11.0529
11.0256
10.9982
10.9707
10.943
10.9152
10.8872
10.8591
10.8309
10.8025
10.7739
10.7453
10.7164
10.6875
10.6584
10.6291
10.5997
10.5702
10.5405
10.5107
10.4807
10.4506
10.4203
10.3899
10.3594
10.3287
10.2979
10.2669
10.2358
10.2046
10.1732
10.1417
10.11
10.0782
10.0462
10.0141
9.98183
9.94944
9.9169
9.88422
9.8514
9.81844
9.78534
9.75209
9.7187
9.68517
9.65149
9.61768
9.58372
9.54962
9.51538
9.48099
9.44646
9.4118
9.37698
9.34203
9.30694
9.2717
9.23632
9.2008
9.16514
9.12934
9.09339
9.05731
9.02108
8.98471
8.9482
8.91155
8.87475
8.83782
8.80074
8.76352
8.72617
8.68867
8.65103
8.61325
8.57532
8.53726
8.49906
8.46071
8.42223
8.3836
8.34484
8.30593
8.26689
8.2277
8.18837
8.14891
8.1093
8.06955
8.02967
7.98964
7.94948
7.90917
7.86873
7.82814
7.78742
7.74655
7.70555
7.66441
7.62313
7.58171
7.54015
7.49845
7.45662
7.41464
7.37253
7.33028
7.28789
7.24536
7.20269
7.15989
7.11694
7.07386
7.03064
6.98729
6.94379
6.90016
6.85639
6.81249
6.76845
6.72426
6.67995
6.63549
6.5909
6.54617
6.50131
6.45631
6.41117
6.3659
6.32049
6.27494
6.22926
6.18344
6.13749
6.0914
6.04518
5.99882
5.95232
5.9057
5.85893
5.81203
5.765
5.71783
5.67052
5.62309
5.57551
5.52781
5.47997
5.43199
5.38389
5.33565
5.28727
5.23876
5.19012
5.14135
5.09244
5.0434
4.99423
4.94492
4.89548
4.84591
4.79621
4.74638
4.69641
4.64632
4.59609
4.54573
4.49523
4.44461
4.39386
4.34297
4.29196
4.24081
4.18954
4.13813
4.08659
4.03493
3.98313
3.93121
3.87915
3.82697
3.77465
3.72221
3.66964
3.61694
3.56411
3.51116
3.45807
3.40486
3.35152
3.29805
3.24445
3.19073
3.13688
3.0829
3.0288
2.97457
2.92021
2.86573
2.81112
2.75638
2.70152
2.64654
2.59142
2.53619
2.48082
2.42534
2.36973
2.31399
2.25813
2.20214
2.14603
2.0898
2.03344
1.97696
1.92036
1.86363
1.80679
1.74981
1.69272
1.6355
1.57817
1.52071
1.46312
1.40542
1.34759
1.28965
1.23158
1.17339
1.11509
1.05666
0.998109
0.939441
0.880653
0.821745
0.762719
0.703573
0.644308
0.584924
0.525422
0.465802
0.406064
0.346208
0.286234
0.226143
0.165935
0.10561
0.0451676
0.015391
0.0760659
0.136857
0.197764
0.258787
0.319925
0.381178
0.442546
0.504029
0.565627
0.627339
0.689165
0.751105
0.813159
0.875326
0.937607
1
1.06251
1.12512
1.18786
1.2507
1.31365
1.37672
1.4399
1.50319
1.56659
1.6301
1.69372
1.75745
1.82129
1.88524
1.9493
2.01347
2.07775
2.14214
2.20663
2.27123
2.33595
2.40077
2.46569
2.53073
2.59587
2.66112
2.72647
2.79193
2.8575
2.92317
2.98895
3.05483
3.12082
3.18691
3.25311
3.31941
3.38582
3.45233
3.51894
3.58566
3.65247
3.7194
3.78642
3.85355
3.92077
3.9881
4.05553
4.12306
4.1907
4.25843
4.32626
4.3942
4.46223
4.53036
4.59859
4.66692
4.73535
4.80388
4.87251
4.94123
5.01005
5.07897
5.14798
5.2171
5.2863
5.35561
5.42501
5.4945
5.5641
5.63378
5.70356
5.77344
5.84341
5.91347
5.98363
6.05388
6.12422
6.19466
6.26518
6.3358
6.40652
6.47732
6.54822
6.6192
6.69028
6.76145
6.8327
6.90405
6.97549
7.04701
7.11863
7.19033
7.26212
7.334
7.40597
7.47802
7.55016
7.62239
7.69471
7.76711
7.83959
7.91217
7.98482
8.05757
8.13039
8.20331
8.2763
8.34938
8.42254
8.49579
8.56912
8.64253
8.71602
8.7896
8.86326
8.93699
9.01081
9.08471
9.15869
9.23275
9.30689
9.38111
9.45541
9.52979
9.60424
9.67877
9.75338
9.82807
9.90284
9.97768
10.0526
10.1276
10.2027
10.2778
10.353
10.4283
10.5037
10.5791
10.6547
10.7302
10.8059
10.8817
10.9575
11.0333
11.1093
11.1853
11.2614
11.3376
11.4138
11.4901
11.5665
11.643
11.7195
11.7961
11.8727
11.9494
12.0262
12.1031
12.18
12.257
12.3341
12.4112
12.4884
12.5656
12.6429
12.7203
12.7978
12.8753
12.9529
13.0305
13.1082
13.186
13.2638
13.3417
13.4197
13.4977
13.5757
13.6539
13.7321
13.8103
13.8886
13.967
14.0454
14.1239
14.2025
14.2811
14.3597
14.4385
14.5172
14.5961
14.675
14.7539
14.8329
14.912
14.9911
15.0702
15.1495
15.2287
15.308
15.3874
15.4669
15.5463
15.6259
15.7054
15.7851
15.8648
15.9445
16.0243
16.1041
16.184
16.2639
16.3439
16.4239
16.504
16.5841
16.6643
16.7445
16.8248
16.9051
16.9854
17.0658
17.1463
17.2268
17.3073
17.3879
17.4685
17.5492
17.6299
17.7106
17.7914
17.8722
17.9531
18.034
18.1149
18.1959
18.277
18.358
18.4391
18.5203
18.6015
18.6827
18.7639
18.8452
18.9265
19.0079
19.0893
19.1707
19.2522
19.3337
19.4153
19.4968
19.5784
19.6601
19.7417
19.8234
19.9052
19.9869
20.0687
20.1506
20.2324
20.3143
20.3962
20.4782
20.5601
20.6421
20.7242
20.8062
20.8883
20.9704
21.0526
21.1347
21.2169
21.2991
21.3814
21.4636
21.5459
21.6282
21.7106
21.7929
21.8753
21.9577
22.0401
22.1225
22.205
22.2875
22.37
22.4525
22.5351
22.6176
22.7002
22.7828
22.8654
22.948
23.0307
23.1134
23.196
23.2787
23.3614
23.4442
23.5269
23.6097
23.6924
23.7752
23.858
23.9408
24.0236
24.1065
24.1893
24.2722
24.355
24.4379
24.5208
24.6037
24.6866
24.7695
24.8524
24.9353
25.0182
25.1012
25.1841
25.2671
25.35
25.433
25.516
25.5989
25.6819
25.7649
25.8478
25.9308
26.0138
26.0968
26.1798
26.2628
26.3458
26.4288
26.5117
26.5947
26.6777
26.7607
26.8437
26.9267
27.0097
27.0926
27.1756
27.2586
27.3415
27.4245
27.5075
27.5904
27.6734
27.7563
27.8392
27.9221
28.0051
28.088
28.1709
28.2538
28.3366
28.4195
28.5024
28.5852
28.6681
28.7509
28.8337
28.9165
28.9993
29.0821
29.1649
29.2476
29.3304
29.4131
29.4958
29.5785
29.6612
29.7438
29.8265
29.9091
29.9917
30.0743
30.1569
30.2395
30.322
30.4045
30.487
30.5695
30.652
30.7344
30.8168
30.8992
30.9816
31.0639
31.1463
31.2286
31.3108
31.3931
31.4753
31.5575
31.6397
31.7219
31.804
31.8861
31.9681
32.0502
32.1322
32.2142
32.2962
32.3781
32.46
32.5418
32.6237
32.7055
32.7873
32.869
32.9507
33.0324
33.114
33.1957
33.2772
33.3588
33.4403
33.5218
33.6032
33.6846
33.766
33.8473
33.9286
34.0098
34.0911
34.1722
34.2534
34.3345
34.4155
34.4966
34.5775
34.6585
34.7394
34.8202
34.901
34.9818
35.0625
35.1432
35.2239
35.3045
35.385
35.4655
35.546
35.6264
35.7068
35.7871
35.8674
35.9476
36.0278
36.1079
36.188
36.268
36.348
36.4279
36.5078
36.5877
36.6674
36.7472
36.8268
36.9065
36.986
37.0656
37.145
37.2244
37.3038
37.3831
37.4623
37.5415
37.6207
37.6998
37.7788
37.8577
37.9366
38.0155
38.0943
38.173
38.2517
38.3303
38.4089
38.4874
38.5658
38.6442
38.7225
38.8007
38.8789
38.957
39.0351
39.1131
39.191
39.2689
39.3467
39.4244
39.5021
39.5797
39.6572
39.7347
39.8121
39.8894
39.9667
40.0439
40.121
40.1981
40.275
40.352
40.4288
40.5056
40.5823
40.6589
40.7355
40.812
40.8884
40.9647
41.041
41.1172
41.1933
41.2694
41.3453
41.4212
41.497
41.5728
41.6485
41.724
41.7995
41.875
41.9503
42.0256
42.1008
42.1759
42.251
42.3259
42.4008
42.4756
42.5503
42.6249
42.6995
42.7739
42.8483
42.9226
42.9968
43.0709
43.145
43.2189
43.2928
43.3666
43.4403
43.5139
43.5875
43.6609
43.7342
43.8075
43.8807
43.9538
44.0268
44.0997
44.1725
44.2452
44.3179
44.3904
44.4629
44.5352
44.6075
44.6797
44.7517
44.8237
44.8956
44.9674
45.0391
45.1107
45.1823
45.2537
45.325
45.3962
45.4674
45.5384
45.6093
45.6802
45.7509
45.8215
45.8921
45.9625
46.0329
46.1031
46.1732
46.2433
46.3132
46.3831
46.4528
46.5224
46.592
46.6614
46.7307
46.7999
46.869
46.938
47.007
47.0757
47.1444
47.213
47.2815
47.3499
47.4181
47.4863
47.5544
47.6223
47.6901
47.7579
47.8255
47.893
47.9604
48.0277
48.0948
48.1619
48.2288
48.2957
48.3624
48.429
48.4955
48.5619
48.6282
48.6943
48.7604
48.8263
48.8921
48.9578
49.0234
49.0889
49.1543
49.2195
49.2846
49.3496
49.4145
49.4793
49.5439
49.6084
49.6728
49.7371
49.8013
49.8653
49.9293
49.9931
50.0568
50.1203
50.1838
50.2471
50.3103
50.3734
50.4363
50.4992
50.5619
50.6244
50.6869
50.7492
50.8114
50.8735
50.9355
50.9973
51.059
51.1206
51.182
51.2433
51.3045
51.3656
51.4265
51.4873
51.548
51.6085
51.669
51.7292
51.7894
51.8494
51.9093
51.9691
52.0287
52.0882
52.1476
52.2068
52.2659
52.3249
52.3837
52.4424
52.501
52.5594
52.6177
52.6759
52.7339
52.7918
52.8495
52.9071
52.9646
53.022
53.0792
53.1362
53.1931
53.2499
53.3066
53.3631
53.4195
53.4757
53.5318
53.5878
53.6436
53.6992
53.7548
53.8102
53.8654
53.9205
53.9755
54.0303
54.085
54.1395
54.1939
54.2482
54.3023
54.3562
54.41
54.4637
54.5172
54.5706
54.6238
54.6769
54.7299
54.7827
54.8353
54.8878
54.9402
54.9924
55.0444
55.0963
55.1481
55.1997
55.2512
55.3025
55.3537
55.4047
55.4555
55.5062
55.5568
55.6072
55.6575
55.7076
55.7575
55.8073
55.857
55.9065
55.9558
56.005
56.0541
56.103
56.1517
56.2003
56.2487
56.297
56.3451
56.393
56.4408
56.4885
56.536
56.5833
56.6305
56.6775
56.7244
56.7711
56.8176
56.864
56.9102
56.9563
57.0022
57.048
57.0936
57.139
57.1843
57.2294
57.2744
57.3192
57.3638
57.4083
57.4526
57.4968
57.5408
57.5846
57.6283
57.6718
57.7151
57.7583
57.8013
57.8442
57.8869
57.9294
57.9717
58.0139
58.056
58.0979
58.1396
58.1811
58.2225
58.2637
58.3047
58.3456
58.3863
58.4269
58.4673
58.5075
58.5475
58.5874
58.6271
58.6667
58.706
58.7452
58.7843
58.8231
58.8618
58.9004
58.9387
58.9769
59.015
59.0528
59.0905
59.128
59.1654
59.2025
59.2395
59.2764
59.313
59.3495
59.3859
59.422
59.458
59.4938
59.5294
59.5649
59.6001
59.6353
59.6702
59.705
59.7396
59.774
59.8082
59.8423
59.8762
59.9099
59.9435
59.9768
60.01
60.043
60.0759
60.1086
60.1411
60.1734
60.2055
60.2375
60.2693
60.3009
60.3323
60.3636
60.3947
60.4256
60.4563
60.4869
60.5172
60.5474
60.5775
60.6073
60.637
60.6664
60.6957
60.7249
60.7538
60.7826
60.8112
60.8396
60.8678
60.8958
60.9237
60.9514
60.9789
61.0062
61.0334
61.0603
61.0871
61.1137
61.1402
61.1664
61.1925
61.2183
61.244
61.2695
61.2949
61.32
61.345
61.3698
61.3944
61.4188
61.443
61.4671
61.491
61.5147
61.5382
61.5615
61.5846
61.6076
61.6303
61.6529
61.6753
61.6975
61.7196
61.7414
61.7631
61.7846
61.8059
61.827
61.8479
61.8686
61.8892
61.9096
61.9297
61.9497
61.9696
61.9892
62.0086
62.0279
62.0469
62.0658
62.0845
62.103
62.1213
62.1395
62.1574
62.1752
62.1928
62.2102
62.2274
62.2444
62.2612
62.2778
62.2943
62.3105
62.3266
62.3425
62.3582
62.3737
62.389
62.4042
62.4191
62.4339
62.4485
62.4628
62.477
62.491
62.5048
62.5185
62.5319
62.5452
62.5582
62.5711
62.5838
62.5963
62.6086
62.6207
62.6326
62.6443
62.6559
62.6673
62.6784
62.6894
62.7002
62.7108
62.7212
62.7314
62.7414
62.7513
62.7609
62.7704
62.7796
62.7887
62.7976
62.8063
62.8148
62.8231
62.8312
62.8392
62.8469
62.8545
62.8618
62.869
62.876
62.8828
62.8894
62.8958
62.902
62.908
62.9139
62.9195
62.925
62.9302
62.9353
62.9402
62.9449
62.9494
62.9537
62.9578
62.9617
62.9654
62.969
62.9723
62.9755
62.9785
62.9812
62.9838
62.9862
62.9884
62.9904
62.9922
62.9939
62.9953
62.9966
62.9976
62.9985
62.9991
62.9996
62.9999
63
62.9999
62.9996
62.9991
62.9985
62.9976
62.9966
62.9953
62.9939
62.9922
62.9904
62.9884
62.9862
62.9838
62.9812
62.9785
62.9755
62.9723
62.969
62.9654
62.9617
62.9578
62.9537
62.9494
62.9449
62.9402
62.9353
62.9302
62.925
62.9195
62.9139
62.908
62.902
62.8958
62.8894
62.8828
62.876
62.869
62.8618
62.8545
62.8469
62.8392
62.8312
62.8231
62.8148
62.8063
62.7976
62.7887
62.7796
62.7704
62.7609
62.7513
62.7414
62.7314
62.7212
62.7108
62.7002
62.6894
62.6784
62.6673
62.6559
62.6443
62.6326
62.6207
62.6086
62.5963
62.5838
62.5711
62.5582
62.5452
62.5319
62.5185
62.5048
62.491
62.477
62.4628
62.4485
62.4339
62.4191
62.4042
62.389
62.3737
62.3582
62.3425
62.3266
62.3105
62.2943
62.2778
62.2612
62.2444
62.2274
62.2102
62.1928
62.1752
62.1574
62.1395
62.1213
62.103
62.0845
62.0658
62.0469
62.0279
62.0086
61.9892
61.9696
61.9497
61.9297
61.9096
61.8892
61.8686
61.8479
61.827
61.8059
61.7846
61.7631
61.7414
61.7196
61.6975
61.6753
61.6529
61.6303
61.6076
61.5846
61.5615
61.5382
61.5147
61.491
61.4671
61.443
61.4188
61.3944
61.3698
61.345
61.32
61.2949
61.2695
61.244
61.2183
61.1925
61.1664
61.1402
61.1137
61.0871
61.0603
61.0334
61.0062
60.9789
60.9514
60.9237
60.8958
60.8678
60.8396
60.8112
60.7826
60.7538
60.7249
60.6957
60.6664
60.637
60.6073
60.5775
60.5474
60.5172
60.4869
60.4563
60.4256
60.3947
60.3636
60.3323
60.3009
60.2693
60.2375
60.2055
60.1734
60.1411
60.1086
60.0759
60.043
60.01
59.9768
59.9435
59.9099
59.8762
59.8423
59.8082
59.774
59.7396
59.705
59.6702
59.6353
59.6001
59.5649
59.5294
59.4938
59.458
59.422
59.3859
59.3495
59.313
59.2764
59.2395
59.2025
59.1654
59.128
59.0905
59.0528
59.015
58.9769
58.9387
58.9004
58.8618
58.8231
58.7843
58.7452
58.706
58.6667
58.6271
58.5874
58.5475
58.5075
58.4673
58.4269
58.3863
58.3456
58.3047
58.2637
58.2225
58.1811
58.1396
58.0979
58.056
58.0139
57.9717
57.9294
57.8869
57.8442
57.8013
57.7583
57.7151
57.6718
57.6283
57.5846
57.5408
57.4968
57.4526
57.4083
57.3638
57.3192
57.2744
57.2294
57.1843
57.139
57.0936
57.048
57.0022
56.9563
56.9102
56.864
56.8176
56.7711
56.7244
56.6775
56.6305
56.5833
56.536
56.4885
56.4408
56.393
56.3451
56.297
56.2487
56.2003
56.1517
56.103
56.0541
56.005
55.9558
55.9065
55.857
55.8073
55.7575
55.7076
55.6575
55.6072
55.5568
55.5062
55.4555
55.4047
55.3537
55.3025
55.2512
55.1997
55.1481
55.0963
55.0444
54.9924
54.9402
54.8878
54.8353
54.7827
54.7299
54.6769
54.6238
54.5706
54.5172
54.4637
54.41
54.3562
54.3023
54.2482
54.1939
54.1395
54.085
54.0303
53.9755
53.9205
53.8654
53.8102
53.7548
53.6992
53.6436
53.5878
53.5318
53.4757
53.4195
53.3631
53.3066
53.2499
53.1931
53.1362
53.0792
53.022
52.9646
52.9071
52.8495
52.7918
52.7339
52.6759
52.6177
52.5594
52.501
52.4424
52.3837
52.3249
52.2659
52.2068
52.1476
52.0882
52.0287
51.9691
51.9093
51.8494
51.7894
51.7292
51.669
51.6085
51.548
51.4873
51.4265
51.3656
51.3045
51.2433
51.182
51.1206
51.059
50.9973
50.9355
50.8735
50.8114
50.7492
50.6869
50.6244
50.5619
50.4992
50.4363
50.3734
50.3103
50.2471
50.1838
50.1203
50.0568
49.9931
49.9293
49.8653
49.8013
49.7371
49.6728
49.6084
49.5439
49.4793
49.4145
49.3496
49.2846
49.2195
49.1543
49.0889
49.0234
48.9578
48.8921
48.8263
48.7604
48.6943
48.6282
48.5619
48.4955
48.429
48.3624
48.2957
48.2288
48.1619
48.0948
48.0277
47.9604
47.893
47.8255
47.7579
47.6901
47.6223
47.5544
47.4863
47.4181
47.3499
47.2815
47.213
47.1444
47.0757
47.007
46.938
46.869
46.7999
46.7307
46.6614
46.592
46.5224
46.4528
46.3831
46.3132
46.2433
46.1732
46.1031
46.0329
45.9625
45.8921
45.8215
45.7509
45.6802
45.6093
45.5384
45.4674
45.3962
45.325
45.2537
45.1823
45.1107
45.0391
44.9674
44.8956
44.8237
44.7517
44.6797
44.6075
44.5352
44.4629
44.3904
44.3179
44.2452
44.1725
44.0997
44.0268
43.9538
43.8807
43.8075
43.7342
43.6609
43.5875
43.5139
43.4403
43.3666
43.2928
43.2189
43.145
43.0709
42.9968
42.9226
42.8483
42.7739
42.6995
42.6249
42.5503
42.4756
42.4008
42.3259
42.251
42.1759
42.1008
42.0256
41.9503
41.875
41.7995
41.724
41.6485
41.5728
41.497
41.4212
41.3453
41.2694
41.1933
41.1172
41.041
40.9647
40.8884
40.812
40.7355
40.6589
40.5823
40.5056
40.4288
40.352
40.275
40.1981
40.121
40.0439
39.9667
39.8894
39.8121
39.7347
39.6572
39.5797
39.5021
39.4244
39.3467
39.2689
39.191
39.1131
39.0351
38.957
38.8789
38.8007
38.7225
38.6442
38.5658
38.4874
38.4089
38.3303
38.2517
38.173
38.0943
38.0155
37.9366
37.8577
37.7788
37.6998
37.6207
37.5415
37.4623
37.3831
37.3038
37.2244
37.145
37.0656
36.986
36.9065
36.8268
36.7472
36.6674
36.5877
36.5078
36.4279
36.348
36.268
36.188
36.1079
36.0278
35.9476
35.8674
35.7871
35.7068
35.6264
35.546
35.4655
35.385
35.3045
35.2239
35.1432
35.0625
34.9818
34.901
34.8202
34.7394
34.6585
34.5775
34.4966
34.4155
34.3345
34.2534
34.1722
34.0911
34.0098
33.9286
33.8473
33.766
33.6846
33.6032
33.5218
33.4403
33.3588
33.2772
33.1957
33.114
33.0324
32.9507
32.869
32.7873
32.7055
32.6237
32.5418
32.46
32.3781
32.2962
32.2142
32.1322
32.0502
31.9681
31.8861
31.804
31.7219
31.6397
31.5575
31.4753
31.3931
31.3108
31.2286
31.1463
31.0639
30.9816
30.8992
30.8168
30.7344
30.652
30.5695
30.487
30.4045
30.322
30.2395
30.1569
30.0743
29.9917
29.9091
29.8265
29.7438
29.6612
29.5785
29.4958
29.4131
29.3304
29.2476
29.1649
29.0821
28.9993
28.9165
28.8337
28.7509
28.6681
28.5852
28.5024
28.4195
28.3366
28.2538
28.1709
28.088
28.0051
27.9221
27.8392
27.7563
27.6734
27.5904
27.5075
27.4245
27.3415
27.2586
27.1756
27.0926
27.0097
26.9267
26.8437
26.7607
26.6777
26.5947
26.5117
26.4288
26.3458
26.2628
26.1798
26.0968
26.0138
25.9308
25.8478
25.7649
25.6819
25.5989
25.516
25.433
25.35
25.2671
25.1841
25.1012
25.0182
24.9353
24.8524
24.7695
24.6866
24.6037
24.5208
24.4379
24.355
24.2722
24.1893
24.1065
24.0236
23.9408
23.858
23.7752
23.6924
23.6097
23.5269
23.4442
23.3614
23.2787
23.196
23.1134
23.0307
22.948
22.8654
22.7828
22.7002
22.6176
22.5351
22.4525
22.37
22.2875
22.205
22.1225
22.0401
21.9577
21.8753
21.7929
21.7106
21.6282
21.5459
21.4636
21.3814
21.2991
21.2169
21.1347
21.0526
20.9704
20.8883
20.8062
20.7242
20.6421
20.5601
20.4782
20.3962
20.3143
20.2324
20.1506
20.0687
19.9869
19.9052
19.8234
19.7417
19.6601
19.5784
19.4968
19.4153
19.3337
19.2522
19.1707
19.0893
19.0079
18.9265
18.8452
18.7639
18.6827
18.6015
18.5203
18.4391
18.358
18.277
18.1959
18.1149
18.034
17.9531
17.8722
17.7914
17.7106
17.6299
17.5492
17.4685
17.3879
17.3073
17.2268
17.1463
17.0658
16.9854
16.9051
16.8248
16.7445
16.6643
16.5841
16.504
16.4239
16.3439
16.2639
16.184
16.1041
16.0243
15.9445
15.8648
15.7851
15.7054
15.6259
15.5463
15.4669
15.3874
15.308
15.2287
15.1495
15.0702
14.9911
14.912
14.8329
14.7539
14.675
14.5961
14.5172
14.4385
14.3597
14.2811
14.2025
14.1239
14.0454
13.967
13.8886
13.8103
13.7321
13.6539
13.5757
13.4977
13.4197
13.3417
13.2638
13.186
13.1082
13.0305
12.9529
12.8753
12.7978
12.7203
12.6429
12.5656
12.4884
12.4112
12.3341
12.257
12.18
12.1031
12.0262
11.9494
11.8727
11.7961
11.7195
11.643
11.5665
11.4901
11.4138
11.3376
11.2614
11.1853
11.1093
11.0333
10.9575
10.8817
10.8059
10.7302
10.6547
10.5791
10.5037
10.4283
10.353
10.2778
10.2027
10.1276
10.0526
9.97768
9.90284
9.82807
9.75338
9.67877
9.60424
9.52979
9.45541
9.38111
9.30689
9.23275
9.15869
9.08471
9.01081
8.93699
8.86326
8.7896
8.71602
8.64253
8.56912
8.49579
8.42254
8.34938
8.2763
8.20331
8.13039
8.05757
7.98482
7.91217
7.83959
7.76711
7.69471
7.62239
7.55016
7.47802
7.40597
7.334
7.26212
7.19033
7.11863
7.04701
6.97549
6.90405
6.8327
6.76145
6.69028
6.6192
6.54822
6.47732
6.40652
6.3358
6.26518
6.19466
6.12422
6.05388
5.98363
5.91347
5.84341
5.77344
5.70356
5.63378
5.5641
5.4945
5.42501
5.35561
5.2863
5.2171
5.14798
5.07897
5.01005
4.94123
4.87251
4.80388
4.73535
4.66692
4.59859
4.53036
4.46223
4.3942
4.32626
4.25843
4.1907
4.12306
4.05553
3.9881
3.92077
3.85355
3.78642
3.7194
3.65247
3.58566
3.51894
3.45233
3.38582
3.31941
3.25311
3.18691
3.12082
3.05483
2.98895
2.92317
2.8575
2.79193
2.72647
2.66112
2.59587
2.53073
2.46569
2.40077
2.33595
2.27123
2.20663
2.14214
2.07775
2.01347
1.9493
1.88524
1.82129
1.75745
1.69372
1.6301
1.56659
1.50319
1.4399
1.37672
1.31365
1.2507
1.18786
1.12512
1.06251
1
0.937607
0.875326
0.813159
0.751105
0.689165
0.627339
0.565627
0.504029
0.442546
0.381178
0.319925
0.258787
0.197764
0.136857
0.0760659
0.015391
0.0451676
0.10561
0.165935
0.226143
0.286234
0.346208
0.406064
0.465802
0.525422
0.584924
0.644308
0.703573
0.762719
0.821745
0.880653
0.939441
0.998109
1.05666
1.11509
1.17339
1.23158
1.28965
1.34759
1.40542
1.46312
1.52071
1.57817
1.6355
1.69272
1.74981
1.80679
1.86363
1.92036
1.97696
2.03344
2.0898
2.14603
2.20214
2.25813
2.31399
2.36973
2.42534
2.48082
2.53619
2.59142
2.64654
2.70152
2.75638
2.81112
2.86573
2.92021
2.97457
3.0288
3.0829
3.13688
3.19073
3.24445
3.29805
3.35152
3.40486
3.45807
3.51116
3.56411
3.61694
3.66964
3.72221
3.77465
3.82697
3.87915
3.93121
3.98313
4.03493
4.08659
4.13813
4.18954
4.24081
4.29196
4.34297
4.39386
4.44461
4.49523
4.54573
4.59609
4.64632
4.69641
4.74638
4.79621
4.84591
4.89548
4.94492
4.99423
5.0434
5.09244
5.14135
5.19012
5.23876
5.28727
5.33565
5.38389
5.43199
5.47997
5.52781
5.57551
5.62309
5.67052
5.71783
5.765
5.81203
5.85893
5.9057
5.95232
5.99882
6.04518
6.0914
6.13749
6.18344
6.22926
6.27494
6.32049
6.3659
6.41117
6.45631
6.50131
6.54617
6.5909
6.63549
6.67995
6.72426
6.76845
6.81249
6.85639
6.90016
6.94379
6.98729
7.03064
7.07386
7.11694
7.15989
7.20269
7.24536
7.28789
7.33028
7.37253
7.41464
7.45662
7.49845
7.54015
7.58171
7.62313
7.66441
7.70555
7.74655
7.78742
7.82814
7.86873
7.90917
7.94948
7.98964
8.02967
8.06955
8.1093
8.14891
8.18837
8.2277
8.26689
8.30593
8.34484
8.3836
8.42223
8.46071
8.49906
8.53726
8.57532
8.61325
8.65103
8.68867
8.72617
8.76352
8.80074
8.83782
8.87475
8.91155
8.9482
8.98471
9.02108
9.05731
9.09339
9.12934
9.16514
9.2008
9.23632
9.2717
9.30694
9.34203
9.37698
9.4118
9.44646
9.48099
9.51538
9.54962
9.58372
9.61768
9.65149
9.68517
9.7187
9.75209
9.78534
9.81844
9.8514
9.88422
9.9169
9.94944
9.98183
10.0141
10.0462
10.0782
10.11
10.1417
10.1732
10.2046
10.2358
10.2669
10.2979
10.3287
10.3594
10.3899
10.4203
10.4506
10.4807
10.5107
10.5405
10.5702
10.5997
10.6291
10.6584
10.6875
10.7164
10.7453
10.7739
10.8025
10.8309
10.8591
10.8872
10.9152
10.943
10.9707
10.9982
11.0256
11.0529
11.08
11.107
11.1338
11.1605
11.187
11.2134
11.2396
11.2657
11.2917
11.3175
11.3432
11.3687
11.3941
11.4194
11.4445
11.4695
11.4943
11.519
11.5435
11.5679
11.5922
11.6163
11.6402
11.6641
11.6877
11.7113
11.7347
11.7579
11.7811
11.804
11.8269
11.8495
11.8721
11.8945
11.9167
11.9389
11.9608
11.9827
12.0044
12.0259
12.0473
12.0686
12.0897
12.1107
12.1315
12.1522
12.1728
12.1932
12.2135
12.2336
12.2536
12.2734
12.2931
12.3127
12.3321
12.3514
12.3706
12.3896
12.4084
12.4271
12.4457
12.4642
12.4825
12.5006
12.5186
12.5365
12.5542
12.5718
12.5893
12.6066
12.6238
12.6408
12.6577
12.6745
12.6911
12.7075
12.7239
12.7401
12.7561
12.772
12.7878
12.8034
12.8189
12.8343
12.8495
12.8646
12.8795
12.8943
12.909
12.9235
12.9379
12.9521
12.9662
12.9802
12.994
13.0077
13.0213
13.0347
13.048
13.0611
13.0741
13.087
13.0997
13.1123
13.1247
13.137
13.1492
13.1612
13.1731
13.1849
13.1965
13.208
13.2194
13.2306
13.2417
13.2526
13.2634
13.2741
13.2846
13.295
13.3053
13.3154
13.3254
13.3352
13.345
13.3545
13.364
13.3733
13.3825
13.3915
13.4004
13.4092
13.4179
13.4264
13.4347
13.443
13.4511
13.4591
13.4669
13.4746
13.4822
13.4896
13.4969
13.5041
13.5111
13.518
13.5248
13.5314
13.5379
13.5443
13.5505
13.5566
13.5626
13.5685
13.5742
13.5798
13.5852
13.5905
13.5957
13.6008
13.6057
13.6105
13.6152
13.6197
13.6241
13.6284
13.6325
13.6365
13.6404
13.6442
13.6478
13.6513
13.6546
13.6579
13.661
13.664
13.6668
13.6695
13.6721
13.6746
13.6769
13.6792
13.6812
13.6832
13.685
13.6867
13.6883
13.6897
13.6911
13.6923
13.6933
13.6943
13.6951
13.6958
13.6963
13.6968
13.6971
13.6973
13.6973
13.6973
13.6971
13.6968
13.6963
13.6958
13.6951
13.6943
13.6933
13.6923
13.6911
13.6898
13.6884
13.6868
13.6852
13.6834
13.6815
13.6794
13.6773
13.675
13.6726
13.67
13.6674
13.6646
13.6617
13.6587
13.6556
13.6524
13.649
13.6455
13.6419
13.6382
13.6343
13.6303
13.6263
13.6221
13.6177
13.6133
13.6087
13.6041
13.5993
13.5943
13.5893
13.5842
13.5789
13.5735
13.568
13.5624
13.5567
13.5508
13.5449
13.5388
13.5326
13.5263
13.5198
13.5133
13.5067
13.4999
13.493
13.486
13.4789
13.4717
13.4643
13.4569
13.4493
13.4416
13.4338
13.4259
13.4179
13.4098
13.4016
13.3932
13.3847
13.3762
13.3675
13.3587
13.3498
13.3408
13.3316
13.3224
13.3131
13.3036
13.294
13.2844
13.2746
13.2647
13.2547
13.2446
13.2344
13.2241
13.2136
13.2031
13.1925
13.1817
13.1708
13.1599
13.1488
13.1376
13.1264
13.115
13.1035
13.0919
13.0802
13.0684
13.0565
13.0445
13.0323
13.0201
13.0078
12.9954
12.9828
12.9702
12.9575
12.9446
12.9317
12.9186
12.9055
12.8922
12.8789
12.8655
12.8519
12.8383
12.8245
12.8107
12.7967
12.7827
12.7685
12.7543
12.7399
12.7255
12.711
12.6963
12.6816
12.6668
12.6518
12.6368
12.6217
12.6065
12.5911
12.5757
12.5602
12.5446
12.5289
12.5131
12.4972
12.4813
12.4652
12.449
12.4328
12.4164
12.3999
12.3834
12.3668
12.35
12.3332
12.3163
12.2993
12.2822
12.265
12.2477
12.2304
12.2129
12.1954
12.1777
12.16
12.1422
12.1243
12.1063
12.0882
12.07
12.0517
12.0334
12.015
11.9964
11.9778
11.9591
11.9403
11.9215
11.9025
11.8835
11.8643
11.8451
11.8258
11.8064
11.787
11.7674
11.7478
11.7281
11.7083
11.6884
11.6684
11.6484
11.6282
11.608
11.5877
11.5673
11.5469
11.5263
11.5057
11.485
11.4642
11.4434
11.4224
11.4014
11.3803
11.3591
11.3378
11.3165
11.2951
11.2736
11.252
11.2304
11.2087
11.1869
11.165
11.143
11.121
11.0989
11.0767
11.0545
11.0321
11.0097
10.9872
10.9647
10.9421
10.9194
10.8966
10.8738
10.8508
10.8278
10.8048
10.7816
10.7584
10.7352
10.7118
10.6884
10.6649
10.6414
10.6177
10.594
10.5703
10.5464
10.5225
10.4986
10.4745
10.4504
10.4262
10.402
10.3777
10.3533
10.3289
10.3044
10.2798
10.2551
10.2304
10.2057
10.1808
10.1559
10.131
10.1059
10.0808
10.0557
10.0305
10.0052
9.97985
9.95445
9.92898
9.90346
9.87787
9.85222
9.82651
9.80074
9.77491
9.74902
9.72307
9.69706
9.67099
9.64486
9.61868
9.59243
9.56613
9.53977
9.51336
9.48688
9.46035
9.43377
9.40713
9.38043
9.35368
9.32687
9.3
9.27309
9.24611
9.21909
9.19201
9.16487
9.13769
9.11045
9.08315
9.05581
9.02841
9.00097
8.97347
8.94591
8.91831
8.89066
8.86296
8.83521
8.8074
8.77955
8.75165
8.7237
8.6957
8.66766
8.63956
8.61142
8.58323
8.555
8.52671
8.49838
8.47001
8.44159
8.41312
8.38461
8.35605
8.32745
8.2988
8.27011
8.24137
8.21259
8.18377
8.15491
8.126
8.09705
8.06806
8.03903
8.00995
7.98084
7.95168
7.92248
7.89324
7.86396
7.83465
7.80529
7.77589
7.74646
7.71698
7.68747
7.65792
7.62833
7.59871
7.56905
7.53935
7.50961
7.47984
7.45003
7.42019
7.39031
7.36039
7.33044
7.30046
7.27044
7.24039
7.21031
7.18019
7.15004
7.11985
7.08964
7.05939
7.02911
6.9988
6.96845
6.93808
6.90767
6.87724
6.84677
6.81628
6.78575
6.7552
6.72462
6.69401
6.66337
6.6327
6.602
6.57128
6.54053
6.50975
6.47895
6.44812
6.41726
6.38638
6.35548
6.32454
6.29359
6.2626
6.2316
6.20057
6.16952
6.13844
6.10734
6.07622
6.04507
6.0139
5.98271
5.9515
5.92027
5.88902
5.85774
5.82645
5.79513
5.7638
5.73244
5.70107
5.66968
5.63827
5.60684
5.57539
5.54392
5.51244
5.48094
5.44942
5.41788
5.38633
5.35477
5.32318
5.29158
5.25997
5.22834
5.1967
5.16504
5.13337
5.10168
5.06998
5.03827
5.00654
4.9748
4.94305
4.91129
4.87951
4.84772
4.81593
4.78412
4.7523
4.72047
4.68862
4.65677
4.62491
4.59304
4.56117
4.52928
4.49738
4.46548
4.43357
4.40165
4.36972
4.33779
4.30585
4.2739
4.24195
4.20999
4.17802
4.14605
4.11408
4.0821
4.05011
4.01812
3.98613
3.95414
3.92214
3.89013
3.85813
3.82612
3.79411
3.76209
3.73008
3.69806
3.66605
3.63403
3.60201
3.56999
3.53797
3.50595
3.47393
3.44191
3.4099
3.37788
3.34587
3.31386
3.28185
3.24984
3.21783
3.18583
3.15383
3.12184
3.08984
3.05786
3.02587
2.99389
2.96192
2.92995
2.89799
2.86603
2.83408
2.80213
2.77019
2.73826
2.70633
2.67441
2.6425
2.6106
2.5787
2.54682
2.51494
2.48307
2.45121
2.41936
2.38752
2.35568
2.32386
2.29205
2.26025
2.22846
2.19669
2.16492
2.13316
2.10142
2.06969
2.03797
2.00627
1.97458
1.9429
1.91123
1.87958
1.84794
1.81632
1.78471
1.75312
1.72154
1.68998
1.65843
1.6269
1.59538
1.56388
1.5324
1.50094
1.46949
1.43806
1.40664
1.37525
1.34387
1.31251
1.28117
1.24985
1.21855
1.18727
1.15601
1.12477
1.09354
1.06234
1.03116
1
0.968861
0.937744
0.906648
0.875574
0.844523
0.813493
0.782487
0.751503
0.720543
0.689606
0.658693
0.627803
0.596938
0.566097
0.535281
0.50449
0.473724
0.442983
0.412268
0.381579
0.350915
0.320278
0.289668
0.259085
0.228528
0.197999
0.167497
0.137023
0.106577
0.0761598
0.0457706
0.0154101
0.0149214
0.0452238
0.0754967
0.10574
0.135953
0.166137
0.19629
0.226412
0.256504
0.286564
0.316594
0.346591
0.376558
0.406492
0.436394
0.466263
0.4961
0.525904
0.555675
0.585412
0.615117
0.644787
0.674423
0.704025
0.733593
0.763126
0.792624
0.822087
0.851514
0.880906
0.910262
0.939583
0.968867
0.998114
1.02733
1.0565
1.08564
1.11474
1.1438
1.17282
1.20181
1.23076
1.25967
1.28854
1.31737
1.34616
1.37492
1.40363
1.43231
1.46094
1.48954
1.51809
1.54661
1.57508
1.60351
1.6319
1.66025
1.68856
1.71683
1.74505
1.77324
1.80138
1.82947
1.85753
1.88554
1.91351
1.94143
1.96932
1.99715
2.02495
2.0527
2.0804
2.10806
2.13568
2.16325
2.19077
2.21825
2.24569
2.27308
2.30042
2.32772
2.35497
2.38217
2.40933
2.43644
2.4635
2.49052
2.51748
2.5444
2.57128
2.5981
2.62488
2.6516
2.67828
2.70491
2.73149
2.75802
2.78451
2.81094
2.83732
2.86366
2.88994
2.91617
2.94235
2.96848
2.99456
3.02059
3.04657
3.0725
3.09837
3.1242
3.14997
3.17569
3.20135
3.22697
3.25253
3.27804
3.30349
3.3289
3.35425
3.37954
3.40478
3.42997
3.45511
3.48019
3.50521
3.53018
3.5551
3.57996
3.60477
3.62952
3.65422
3.67886
3.70344
3.72797
3.75244
3.77686
3.80122
3.82552
3.84977
3.87396
3.89809
3.92217
3.94619
3.97015
3.99405
4.0179
4.04169
4.06542
4.08909
4.1127
4.13626
4.15975
4.18319
4.20657
4.22988
4.25314
4.27634
4.29948
4.32257
4.34559
4.36855
4.39145
4.41429
4.43707
4.45979
4.48244
4.50504
4.52758
4.55005
4.57247
4.59482
4.61711
4.63934
4.6615
4.68361
4.70565
4.72763
4.74955
4.7714
4.79319
4.81492
4.83659
4.85819
4.87973
4.90121
4.92262
4.94397
4.96526
4.98648
5.00764
5.02873
5.04976
5.07072
5.09162
5.11246
5.13323
5.15394
5.17458
5.19515
5.21566
5.23611
5.25648
5.2768
5.29705
5.31723
5.33734
5.35739
5.37737
5.39729
5.41714
5.43692
5.45664
5.47629
5.49587
5.51539
5.53484
5.55422
5.57353
5.59278
5.61196
5.63107
5.65011
5.66909
5.688
5.70684
5.72561
5.74431
5.76294
5.78151
5.8
5.81843
5.83679
5.85508
5.8733
5.89145
5.90953
5.92755
5.94549
5.96336
5.98117
5.9989
6.01657
6.03416
6.05169
6.06914
6.08652
6.10384
6.12108
6.13825
6.15536
6.17239
6.18935
6.20624
6.22306
6.2398
6.25648
6.27309
6.28962
6.30608
6.32247
6.33879
6.35504
6.37122
6.38732
6.40335
6.41931
6.4352
6.45102
6.46676
6.48243
6.49803
6.51356
6.52901
6.5444
6.55971
6.57494
6.59011
6.6052
6.62021
6.63516
6.65003
6.66483
6.67956
6.69421
6.70879
6.72329
6.73772
6.75208
6.76637
6.78058
6.79472
6.80878
6.82277
6.83669
6.85053
6.86429
6.87799
6.89161
6.90515
6.91862
6.93202
6.94534
6.95859
6.97177
6.98486
6.99789
7.01084
7.02371
7.03651
7.04924
7.06189
7.07447
7.08697
7.09939
7.11174
7.12402
7.13622
7.14835
7.1604
7.17237
7.18427
7.19609
7.20784
7.21952
7.23112
7.24264
7.25409
7.26546
7.27675
7.28797
7.29912
7.31019
7.32118
7.3321
7.34294
7.3537
7.36439
7.37501
7.38554
7.39601
7.40639
7.4167
7.42694
7.43709
7.44717
7.45718
7.46711
7.47696
7.48674
7.49644
7.50606
7.51561
7.52508
7.53448
7.5438
7.55304
7.56221
7.5713
7.58031
7.58925
7.59811
7.60689
7.6156
7.62423
7.63278
7.64126
7.64966
7.65799
7.66624
7.67441
7.6825
7.69052
7.69846
7.70633
7.71412
7.72183
7.72946
7.73702
7.7445
7.75191
7.75924
7.76649
7.77367
7.78077
7.78779
7.79473
7.8016
7.8084
7.81511
7.82175
7.82831
7.8348
7.84121
7.84754
7.8538
7.85998
7.86608
7.8721
7.87805
7.88393
7.88972
7.89544
7.90109
7.90665
7.91214
7.91756
7.92289
7.92815
7.93334
7.93845
7.94348
7.94843
7.95331
7.95811
7.96284
7.96749
7.97206
7.97656
7.98098
7.98532
7.98959
7.99378
7.9979
8.00194
8.0059
8.00979
8.0136
8.01734
8.02099
8.02458
8.02808
8.03152
8.03487
8.03815
8.04135
8.04448
8.04753
8.05051
8.05341
8.05623
8.05898
8.06166
8.06425
8.06678
8.06922
8.07159
8.07389
8.07611
8.07826
8.08032
8.08232
8.08424
8.08608
8.08785
8.08954
8.09116
8.09271
8.09418
8.09557
8.09689
8.09813
8.0993
8.1004
8.10142
8.10236
8.10323
8.10403
8.10475
8.1054
8.10597
8.10647
8.10689
8.10724
8.10752
8.10772
8.10785
8.1079
8.10788
8.10779
8.10762
8.10738
8.10706
8.10667
8.10621
8.10567
8.10506
8.10438
8.10362
8.10279
8.10189
8.10091
8.09986
8.09874
8.09755
8.09628
8.09494
8.09352
8.09204
8.09048
8.08885
8.08714
8.08537
8.08352
8.0816
8.0796
8.07754
8.0754
8.07319
8.07091
8.06856
8.06613
8.06364
8.06107
8.05843
8.05572
8.05294
8.05008
8.04716
8.04416
8.0411
8.03796
8.03475
8.03147
8.02812
8.0247
8.02121
8.01765
8.01402
8.01031
8.00654
8.0027
7.99879
7.9948
7.99075
7.98663
7.98244
7.97817
7.97384
7.96944
7.96497
7.96044
7.95583
7.95115
7.9464
7.94159
7.93671
7.93175
7.92673
7.92164
7.91649
7.91126
7.90597
7.90061
7.89518
7.88968
7.88411
7.87848
7.87278
7.86701
7.86118
7.85527
7.8493
7.84327
7.83716
7.83099
7.82475
7.81845
7.81208
7.80564
7.79914
7.79257
7.78593
7.77923
7.77246
7.76563
7.75873
7.75177
7.74474
7.73764
7.73048
7.72325
7.71596
7.70861
7.70119
7.6937
7.68615
7.67854
7.67086
7.66312
7.65531
7.64744
7.63951
7.63151
7.62345
7.61532
7.60713
7.59888
7.59056
7.58219
7.57375
7.56524
7.55668
7.54805
7.53935
7.5306
7.52179
7.51291
7.50397
7.49497
7.4859
7.47678
7.46759
7.45834
7.44904
7.43967
7.43024
7.42074
7.41119
7.40158
7.39191
7.38217
7.37238
7.36253
7.35262
7.34264
7.33261
7.32252
7.31237
7.30216
7.29189
7.28156
7.27117
7.26073
7.25022
7.23966
7.22904
7.21836
7.20762
7.19683
7.18597
7.17506
7.1641
7.15307
7.14199
7.13085
7.11965
7.1084
7.09709
7.08572
7.0743
7.06282
7.05129
7.0397
7.02805
7.01635
7.00459
6.99278
6.98092
6.96899
6.95702
6.94498
6.9329
6.92076
6.90856
6.89631
6.88401
6.87165
6.85924
6.84677
6.83426
6.82168
6.80906
6.79638
6.78365
6.77087
6.75803
6.74515
6.73221
6.71922
6.70617
6.69308
6.67993
6.66673
6.65348
6.64018
6.62683
6.61343
6.59997
6.58647
6.57291
6.55931
6.54566
6.53195
6.5182
6.50439
6.49054
6.47664
6.46269
6.44869
6.43464
6.42054
6.40639
6.3922
6.37796
6.36367
6.34933
6.33494
6.32051
6.30603
6.2915
6.27693
6.2623
6.24764
6.23292
6.21816
6.20335
6.1885
6.1736
6.15865
6.14366
6.12863
6.11355
6.09842
6.08325
6.06803
6.05277
6.03747
6.02212
6.00673
5.99129
5.97581
5.96029
5.94472
5.92911
5.91345
5.89776
5.88202
5.86624
5.85041
5.83455
5.81864
5.80269
5.7867
5.77066
5.75459
5.73847
5.72232
5.70612
5.68988
5.6736
5.65729
5.64093
5.62453
5.60809
5.59161
5.57509
5.55854
5.54194
5.52531
5.50863
5.49192
5.47517
5.45838
5.44155
5.42469
5.40779
5.39085
5.37387
5.35686
5.33981
5.32272
5.30559
5.28843
5.27123
5.254
5.23673
5.21943
5.20209
5.18471
5.1673
5.14985
5.13237
5.11486
5.09731
5.07972
5.0621
5.04445
5.02677
5.00905
4.99129
4.97351
4.95569
4.93783
4.91995
4.90203
4.88408
4.8661
4.84809
4.83004
4.81197
4.79386
4.77572
4.75755
4.73934
4.72111
4.70285
4.68456
4.66623
4.64788
4.6295
4.61109
4.59264
4.57417
4.55567
4.53714
4.51859
4.5
4.48139
4.46274
4.44407
4.42538
4.40665
4.3879
4.36912
4.35031
4.33148
4.31262
4.29373
4.27482
4.25588
4.23691
4.21792
4.19891
4.17986
4.1608
4.14171
4.12259
4.10345
4.08428
4.0651
4.04588
4.02664
4.00738
3.9881
3.96879
3.94946
3.93011
3.91073
3.89133
3.87191
3.85247
3.833
3.81352
3.79401
3.77448
3.75493
3.73536
3.71576
3.69615
3.67652
3.65686
3.63719
3.61749
3.59778
3.57805
3.55829
3.53852
3.51873
3.49892
3.47909
3.45925
3.43938
3.4195
3.3996
3.37968
3.35975
3.33979
3.31982
3.29984
3.27983
3.25981
3.23978
3.21973
3.19966
3.17958
3.15948
3.13936
3.11923
3.09909
3.07893
3.05875
3.03857
3.01836
2.99815
2.97792
2.95767
2.93741
2.91714
2.89686
2.87656
2.85625
2.83593
2.8156
2.79525
2.77489
2.75452
2.73414
2.71375
2.69334
2.67293
2.6525
2.63206
2.61162
2.59116
2.57069
2.55021
2.52973
2.50923
2.48872
2.46821
2.44768
2.42715
2.40661
2.38606
2.3655
2.34494
2.32436
2.30378
2.28319
2.2626
2.242
2.22139
2.20077
2.18015
2.15952
2.13888
2.11824
2.0976
2.07694
2.05629
2.03562
2.01495
1.99428
1.9736
1.95292
1.93224
1.91155
1.89085
1.87016
1.84945
1.82875
1.80804
1.78733
1.76662
1.7459
1.72519
1.70447
1.68374
1.66302
1.64229
1.62157
1.60084
1.58011
1.55938
1.53865
1.51792
1.49718
1.47645
1.45572
1.43499
1.41426
1.39353
1.3728
1.35207
1.33134
1.31061
1.28989
1.26917
1.24844
1.22772
1.20701
1.18629
1.16558
1.14487
1.12417
1.10346
1.08276
1.06207
1.04137
1.02068
1
0.97932
0.958644
0.937972
0.917306
0.896644
0.875988
0.855337
0.834691
0.814051
0.793417
0.77279
0.752168
0.731553
0.710944
0.690342
0.669747
0.649159
0.628579
0.608006
0.58744
0.566883
0.546333
0.525792
0.505259
0.484735
0.464219
0.443713
0.423215
0.402727
0.382248
0.361778
0.341319
0.320869
0.30043
0.280001
0.259582
0.239175
0.218778
0.198392
0.178017
0.157653
0.137301
0.116961
0.0966329
0.0763167
0.0560127
0.0357211
0.0154421
0.00482413
0.0250774
0.0453176
0.0655446
0.0857581
0.105958
0.126144
0.146316
0.166474
0.186618
0.206747
0.226862
0.246961
0.267046
0.287116
0.30717
0.327209
0.347232
0.367239
0.387231
0.407206
0.427165
0.447107
0.467033
0.486942
0.506833
0.526708
0.546566
0.566405
0.586228
0.606032
0.625818
0.645587
0.665336
0.685068
0.704781
0.724474
0.744149
0.763805
0.783442
0.803059
0.822656
0.842234
0.861791
0.881329
0.900846
0.920343
0.939819
0.959274
0.978709
0.998122
1.01751
1.03689
1.05623
1.07556
1.09487
1.11415
1.13341
1.15265
1.17187
1.19106
1.21023
1.22938
1.24851
1.26761
1.28669
1.30574
1.32477
1.34378
1.36276
1.38172
1.40065
1.41956
1.43845
1.45731
1.47614
1.49495
1.51374
1.5325
1.55123
1.56994
1.58862
1.60728
1.62591
1.64451
1.66309
1.68164
1.70016
1.71866
1.73712
1.75557
1.77398
1.79237
1.81073
1.82906
1.84736
1.86564
1.88389
1.90211
1.9203
1.93846
1.95659
1.97469
1.99277
2.01081
2.02883
2.04682
2.06477
2.0827
2.10059
2.11846
2.1363
2.1541
2.17188
2.18962
2.20734
2.22502
2.24267
2.26029
2.27788
2.29544
2.31296
2.33046
2.34792
2.36535
2.38275
2.40011
2.41745
2.43475
2.45201
2.46925
2.48645
2.50362
2.52075
2.53786
2.55492
2.57196
2.58896
2.60593
2.62286
2.63976
2.65662
2.67345
2.69025
2.70701
2.72373
2.74042
2.75708
2.7737
2.79028
2.80683
2.82335
2.83982
2.85627
2.87267
2.88904
2.90538
2.92167
2.93794
2.95416
2.97035
2.9865
3.00261
3.01869
3.03473
3.05073
3.06669
3.08262
3.09851
3.11436
3.13018
3.14595
3.16169
3.17739
3.19305
3.20867
3.22425
3.2398
3.2553
3.27077
3.2862
3.30159
3.31693
3.33224
3.34751
3.36274
3.37794
3.39309
3.4082
3.42327
3.4383
3.45329
3.46824
3.48315
3.49801
3.51284
3.52763
3.54237
3.55708
3.57174
3.58636
3.60095
3.61548
3.62998
3.64444
3.65885
3.67322
3.68755
3.70184
3.71609
3.73029
3.74445
3.75857
3.77264
3.78668
3.80067
3.81461
3.82852
3.84238
3.8562
3.86997
3.8837
3.89739
3.91103
3.92463
3.93819
3.9517
3.96517
3.97859
3.99197
4.0053
4.0186
4.03184
4.04504
4.0582
4.07131
4.08438
4.0974
4.11038
4.12331
4.1362
4.14904
4.16184
4.17459
4.18729
4.19995
4.21257
4.22514
4.23766
4.25014
4.26257
4.27495
4.28729
4.29958
4.31182
4.32402
4.33617
4.34828
4.36034
4.37235
4.38432
4.39623
4.4081
4.41993
4.4317
4.44343
4.45512
4.46675
4.47834
4.48988
4.50137
4.51281
4.52421
4.53556
4.54686
4.55811
4.56931
4.58047
4.59158
4.60263
4.61365
4.62461
4.63552
4.64639
4.6572
4.66797
4.67869
4.68936
4.69998
4.71055
4.72108
4.73155
4.74197
4.75235
4.76268
4.77295
4.78318
4.79336
4.80349
4.81356
4.82359
4.83357
4.8435
4.85338
4.86321
4.87299
4.88272
4.8924
4.90202
4.9116
4.92113
4.93061
4.94004
4.94941
4.95874
4.96802
4.97724
4.98642
4.99554
5.00461
5.01363
5.02261
5.03153
5.0404
5.04921
5.05798
5.0667
5.07536
5.08398
5.09254
5.10105
5.10951
5.11792
5.12627
5.13458
5.14283
5.15103
5.15918
5.16728
5.17533
5.18332
5.19127
5.19916
5.207
5.21479
5.22252
5.2302
5.23784
5.24542
5.25294
5.26042
5.26784
5.27521
5.28253
5.28979
5.29701
5.30417
5.31128
5.31833
5.32534
5.33229
5.33919
5.34603
5.35283
5.35957
5.36626
5.37289
5.37947
5.386
5.39248
5.39891
5.40528
5.4116
5.41786
5.42407
5.43023
5.43634
5.44239
5.44839
5.45434
5.46024
5.46608
5.47187
5.4776
5.48328
5.48891
5.49449
5.50001
5.50548
5.51089
5.51626
5.52157
5.52682
5.53202
5.53717
5.54227
5.54731
5.5523
5.55724
5.56212
5.56695
5.57172
5.57644
5.58111
5.58573
5.59029
5.59479
5.59925
5.60365
5.608
5.61229
5.61653
5.62072
5.62485
5.62893
5.63295
5.63693
5.64084
5.64471
5.64852
5.65228
5.65598
5.65963
5.66323
5.66677
5.67026
5.6737
5.67708
5.68041
5.68368
5.6869
5.69007
5.69318
5.69624
5.69925
5.7022
5.7051
5.70795
5.71074
5.71348
5.71616
5.7188
5.72137
5.7239
5.72637
5.72879
5.73115
5.73346
5.73572
5.73792
5.74007
5.74216
5.74421
5.74619
5.74813
5.75001
5.75184
5.75361
5.75534
5.757
5.75862
5.76018
5.76169
5.76314
5.76454
5.76589
5.76719
5.76843
5.76961
5.77075
5.77183
5.77286
5.77383
5.77476
5.77563
5.77644
5.7772
5.77791
5.77857
5.77917
5.77972
5.78022
5.78067
5.78106
5.7814
5.78168
5.78191
5.78209
5.78222
5.7823
5.78232
5.78229
5.7822
5.78207
5.78188
5.78164
5.78134
5.78099
5.78059
5.78014
5.77964
5.77908
5.77847
5.77781
5.7771
5.77633
5.77551
5.77464
5.77372
5.77275
5.77172
5.77064
5.76951
5.76833
5.76709
5.76581
5.76447
5.76308
5.76164
5.76014
5.7586
5.757
5.75535
5.75365
5.7519
5.75009
5.74824
5.74633
5.74438
5.74237
5.74031
5.7382
5.73603
5.73382
5.73156
5.72924
5.72687
5.72446
5.72199
5.71947
5.7169
5.71428
5.71161
5.70888
5.70611
5.70329
5.70041
5.69749
5.69452
5.69149
5.68842
5.68529
5.68212
5.67889
5.67561
5.67229
5.66891
5.66549
5.66201
5.65849
5.65491
5.65129
5.64762
5.64389
5.64012
5.6363
5.63243
5.62851
5.62454
5.62052
5.61645
5.61233
5.60817
5.60395
5.59969
5.59538
5.59102
5.58661
5.58215
5.57764
5.57309
5.56848
5.56383
5.55913
5.55438
5.54959
5.54474
5.53985
5.53491
5.52992
5.52488
5.5198
5.51467
5.50949
5.50427
5.49899
5.49367
5.4883
5.48289
5.47743
5.47192
5.46636
5.46076
5.45511
5.44941
5.44367
5.43788
5.43204
5.42616
5.42023
5.41425
5.40823
5.40216
5.39605
5.38989
5.38368
5.37743
5.37113
5.36479
5.3584
5.35197
5.34549
5.33897
5.3324
5.32578
5.31912
5.31242
5.30567
5.29887
5.29203
5.28515
5.27822
5.27125
5.26423
5.25717
5.25006
5.24291
5.23572
5.22848
5.2212
5.21387
5.2065
5.19909
5.19164
5.18414
5.17659
5.16901
5.16138
5.1537
5.14599
5.13823
5.13043
5.12259
5.1147
5.10677
5.0988
5.09079
5.08273
5.07463
5.06649
5.05831
5.05009
5.04182
5.03352
5.02517
5.01678
5.00835
4.99987
4.99136
4.9828
4.97421
4.96557
4.9569
4.94818
4.93942
4.93062
4.92178
4.9129
4.90398
4.89502
4.88602
4.87698
4.8679
4.85878
4.84962
4.84043
4.83119
4.82191
4.8126
4.80324
4.79385
4.78441
4.77494
4.76543
4.75588
4.7463
4.73667
4.72701
4.71731
4.70757
4.69779
4.68798
4.67812
4.66823
4.65831
4.64834
4.63834
4.6283
4.61822
4.60811
4.59796
4.58777
4.57755
4.56729
4.55699
4.54666
4.53629
4.52589
4.51545
4.50497
4.49446
4.48391
4.47333
4.46271
4.45206
4.44137
4.43064
4.41989
4.40909
4.39827
4.3874
4.37651
4.36557
4.35461
4.34361
4.33258
4.32151
4.31041
4.29927
4.28811
4.27691
4.26567
4.2544
4.2431
4.23177
4.2204
4.209
4.19757
4.18611
4.17461
4.16308
4.15152
4.13993
4.12831
4.11665
4.10496
4.09324
4.08149
4.06971
4.0579
4.04605
4.03418
4.02227
4.01034
3.99837
3.98637
3.97435
3.96229
3.9502
3.93809
3.92594
3.91376
3.90156
3.88932
3.87706
3.86476
3.85244
3.84009
3.82771
3.8153
3.80286
3.7904
3.7779
3.76538
3.75283
3.74025
3.72765
3.71502
3.70236
3.68967
3.67695
3.66421
3.65144
3.63864
3.62582
3.61297
3.6001
3.58719
3.57427
3.56131
3.54833
3.53532
3.52229
3.50923
3.49615
3.48304
3.46991
3.45675
3.44357
3.43036
3.41713
3.40387
3.39059
3.37728
3.36395
3.3506
3.33722
3.32382
3.3104
3.29695
3.28348
3.26998
3.25646
3.24292
3.22936
3.21577
3.20216
3.18853
3.17488
3.1612
3.14751
3.13379
3.12005
3.10628
3.0925
3.07869
3.06487
3.05102
3.03715
3.02326
3.00935
2.99542
2.98147
2.9675
2.95351
2.9395
2.92547
2.91142
2.89735
2.88326
2.86915
2.85502
2.84088
2.82671
2.81253
2.79832
2.7841
2.76986
2.7556
2.74133
2.72703
2.71272
2.69839
2.68405
2.66968
2.6553
2.6409
2.62649
2.61205
2.59761
2.58314
2.56866
2.55416
2.53965
2.52512
2.51057
2.49601
2.48143
2.46684
2.45223
2.43761
2.42297
2.40832
2.39365
2.37897
2.36427
2.34956
2.33483
2.32009
2.30534
2.29057
2.27579
2.261
2.24619
2.23137
2.21654
2.20169
2.18683
2.17196
2.15708
2.14218
2.12727
2.11235
2.09742
2.08247
2.06752
2.05255
2.03757
2.02258
2.00758
1.99257
1.97754
1.96251
1.94746
1.93241
1.91734
1.90227
1.88718
1.87209
1.85698
1.84187
1.82675
1.81161
1.79647
1.78132
1.76616
1.75099
1.73581
1.72063
1.70544
1.69023
1.67502
1.65981
1.64458
1.62935
1.61411
1.59886
1.5836
1.56834
1.55307
1.5378
1.52252
1.50723
1.49193
1.47663
1.46132
1.44601
1.43069
1.41537
1.40004
1.3847
1.36936
1.35402
1.33867
1.32331
1.30795
1.29259
1.27722
1.26184
1.24647
1.23109
1.2157
1.20031
1.18492
1.16953
1.15413
1.13873
1.12332
1.10792
1.09251
1.07709
1.06168
1.04626
1.03084
1.01542
1
0.984575
0.969149
0.953722
0.938293
0.922863
0.907433
0.892001
0.876569
0.861136
0.845702
0.830269
0.814835
0.799401
0.783967
0.768534
0.753101
0.737668
0.722236
0.706805
0.691375
0.675946
0.660519
0.645092
0.629667
0.614244
0.598823
0.583403
0.567986
0.552571
0.537158
0.521747
0.50634
0.490934
0.475532
0.460133
0.444737
0.429345
0.413955
0.39857
0.383188
0.36781
0.352435
0.337065
0.3217
0.306338
0.290981
0.275629
0.260282
0.244939
0.229602
0.21427
0.198943
0.183622
0.168306
0.152996
0.137692
0.122394
0.107102
0.0918163
0.076537
0.0612644
0.0459984
0.0307392
0.015487
0.000241928
0.014996
0.0302265
0.0454495
0.0606649
0.0758725
0.0910723
0.106264
0.121448
0.136623
0.15179
0.166948
0.182098
0.197238
0.21237
0.227493
0.242606
0.257711
0.272805
0.28789
0.302966
0.318031
0.333087
0.348132
0.363167
0.378192
0.393206
0.408209
0.423202
0.438184
0.453154
0.468114
0.483062
0.497999
0.512924
0.527838
0.542739
0.557629
0.572507
0.587372
0.602225
0.617066
0.631894
0.646709
0.661512
0.676301
0.691078
0.705841
0.720591
0.735327
0.75005
0.764759
0.779454
0.794136
0.808803
0.823455
0.838094
0.852718
0.867327
0.881922
0.896502
0.911067
0.925616
0.940151
0.95467
0.969173
0.983661
0.998134
1.01259
1.02703
1.04146
1.05586
1.07026
1.08463
1.09899
1.11333
1.12766
1.14196
1.15626
1.17053
1.18479
1.19903
1.21325
1.22745
1.24164
1.25581
1.26996
1.28409
1.2982
1.3123
1.32638
1.34043
1.35447
1.36849
1.3825
1.39648
1.41044
1.42439
1.43831
1.45222
1.4661
1.47997
1.49381
1.50764
1.52145
1.53523
1.549
1.56274
1.57647
1.59017
1.60385
1.61751
1.63115
1.64477
1.65837
1.67195
1.6855
1.69904
1.71255
1.72604
1.73951
1.75295
1.76638
1.77978
1.79316
1.80651
1.81985
1.83316
1.84645
1.85971
1.87295
1.88617
1.89937
1.91254
1.92569
1.93882
1.95192
1.965
1.97805
1.99108
2.00409
2.01707
2.03003
2.04296
2.05587
2.06875
2.08161
2.09445
2.10726
2.12004
2.1328
2.14553
2.15824
2.17092
2.18358
2.19621
2.20882
2.2214
2.23395
2.24648
2.25898
2.27146
2.28391
2.29633
2.30872
2.32109
2.33344
2.34575
2.35804
2.3703
2.38254
2.39474
2.40692
2.41907
2.4312
2.4433
2.45537
2.46741
2.47942
2.4914
2.50336
2.51529
2.52719
2.53906
2.55091
2.56272
2.57451
2.58626
2.59799
2.60969
2.62136
2.633
2.64462
2.6562
2.66775
2.67927
2.69077
2.70223
2.71367
2.72507
2.73645
2.74779
2.7591
2.77039
2.78164
2.79286
2.80406
2.81522
2.82635
2.83745
2.84852
2.85956
2.87057
2.88154
2.89249
2.9034
2.91428
2.92514
2.93596
2.94674
2.9575
2.96822
2.97892
2.98958
3.00021
3.0108
3.02137
3.0319
3.0424
3.05286
3.0633
3.0737
3.08407
3.09441
3.10471
3.11498
3.12522
3.13542
3.14559
3.15573
3.16584
3.17591
3.18595
3.19595
3.20592
3.21586
3.22576
3.23563
3.24547
3.25527
3.26504
3.27477
3.28447
3.29414
3.30377
3.31336
3.32293
3.33245
3.34195
3.3514
3.36083
3.37022
3.37957
3.38889
3.39817
3.40742
3.41663
3.42581
3.43495
3.44406
3.45313
3.46217
3.47117
3.48014
3.48907
3.49796
3.50682
3.51564
3.52442
3.53317
3.54189
3.55057
3.55921
3.56781
3.57638
3.58491
3.59341
3.60187
3.61029
3.61868
3.62703
3.63534
3.64362
3.65186
3.66006
3.66822
3.67635
3.68444
3.6925
3.70051
3.70849
3.71643
3.72434
3.73221
3.74004
3.74783
3.75558
3.7633
3.77098
3.77862
3.78622
3.79379
3.80132
3.80881
3.81626
3.82367
3.83105
3.83839
3.84568
3.85295
3.86017
3.86735
3.8745
3.88161
3.88868
3.89571
3.9027
3.90965
3.91657
3.92344
3.93028
3.93708
3.94384
3.95056
3.95724
3.96388
3.97048
3.97705
3.98357
3.99006
3.9965
4.00291
4.00928
4.01561
4.0219
4.02815
4.03436
4.04053
4.04666
4.05275
4.05881
4.06482
4.07079
4.07673
4.08262
4.08847
4.09429
4.10006
4.1058
4.11149
4.11714
4.12276
4.12833
4.13387
4.13936
4.14482
4.15023
4.1556
4.16094
4.16623
4.17148
4.1767
4.18187
4.187
4.19209
4.19714
4.20215
4.20712
4.21205
4.21694
4.22179
4.2266
4.23137
4.23609
4.24078
4.24543
4.25003
4.25459
4.25912
4.2636
4.26804
4.27244
4.2768
4.28112
4.2854
4.28964
4.29383
4.29799
4.3021
4.30618
4.31021
4.3142
4.31815
4.32206
4.32593
4.32975
4.33354
4.33729
4.34099
4.34465
4.34827
4.35185
4.35539
4.35889
4.36235
4.36576
4.36913
4.37247
4.37576
4.37901
4.38222
4.38538
4.38851
4.3916
4.39464
4.39764
4.4006
4.40352
4.4064
4.40923
4.41203
4.41478
4.4175
4.42017
4.4228
4.42538
4.42793
4.43043
4.4329
4.43532
4.4377
4.44004
4.44234
4.44459
4.44681
4.44898
4.45111
4.4532
4.45525
4.45726
4.45922
4.46115
4.46303
4.46487
4.46667
4.46843
4.47015
4.47182
4.47346
4.47505
4.4766
4.47811
4.47958
4.481
4.48239
4.48373
4.48503
4.48629
4.48751
4.48869
4.48983
4.49092
4.49198
4.49299
4.49396
4.49489
4.49578
4.49662
4.49743
4.49819
4.49891
4.4996
4.50024
4.50083
4.50139
4.50191
4.50238
4.50282
4.50321
4.50356
4.50387
4.50414
4.50437
4.50455
4.5047
4.5048
4.50486
4.50489
4.50487
4.50481
4.50471
4.50456
4.50438
4.50416
4.50389
4.50359
4.50324
4.50285
4.50242
4.50195
4.50144
4.50089
4.5003
4.49966
4.49899
4.49828
4.49752
4.49673
4.49589
4.49501
4.49409
4.49314
4.49214
4.4911
4.49002
4.4889
4.48774
4.48653
4.48529
4.48401
4.48269
4.48133
4.47992
4.47848
4.477
4.47547
4.47391
4.4723
4.47066
4.46898
4.46725
4.46549
4.46368
4.46184
4.45996
4.45803
4.45607
4.45406
4.45202
4.44994
4.44782
4.44565
4.44345
4.44121
4.43893
4.43661
4.43425
4.43185
4.42941
4.42693
4.42441
4.42186
4.41926
4.41663
4.41395
4.41124
4.40848
4.40569
4.40286
4.39999
4.39708
4.39414
4.39115
4.38812
4.38506
4.38196
4.37882
4.37564
4.37242
4.36916
4.36587
4.36253
4.35916
4.35575
4.3523
4.34881
4.34529
4.34172
4.33812
4.33448
4.3308
4.32709
4.32333
4.31954
4.31571
4.31185
4.30794
4.304
4.30002
4.296
4.29195
4.28785
4.28372
4.27956
4.27535
4.27111
4.26683
4.26252
4.25816
4.25377
4.24934
4.24488
4.24038
4.23584
4.23127
4.22666
4.22201
4.21732
4.2126
4.20785
4.20305
4.19822
4.19335
4.18845
4.18351
4.17854
4.17353
4.16848
4.1634
4.15828
4.15312
4.14793
4.14271
4.13745
4.13215
4.12682
4.12145
4.11604
4.1106
4.10513
4.09962
4.09408
4.0885
4.08288
4.07723
4.07155
4.06583
4.06008
4.05429
4.04846
4.04261
4.03672
4.03079
4.02483
4.01883
4.0128
4.00674
4.00064
3.99451
3.98835
3.98215
3.97591
3.96965
3.96335
3.95701
3.95065
3.94425
3.93781
3.93134
3.92484
3.91831
3.91174
3.90514
3.89851
3.89184
3.88515
3.87841
3.87165
3.86486
3.85803
3.85117
3.84427
3.83735
3.83039
3.8234
3.81638
3.80932
3.80224
3.79512
3.78797
3.78079
3.77358
3.76633
3.75906
3.75175
3.74441
3.73704
3.72964
3.72221
3.71475
3.70726
3.69973
3.69218
3.68459
3.67698
3.66933
3.66166
3.65395
3.64621
3.63844
3.63065
3.62282
3.61496
3.60708
3.59916
3.59121
3.58324
3.57523
3.5672
3.55914
3.55104
3.54292
3.53477
3.52659
3.51838
3.51014
3.50188
3.49358
3.48526
3.47691
3.46853
3.46012
3.45168
3.44322
3.43472
3.4262
3.41766
3.40908
3.40048
3.39184
3.38319
3.3745
3.36579
3.35705
3.34828
3.33948
3.33066
3.32181
3.31294
3.30404
3.29511
3.28615
3.27717
3.26816
3.25913
3.25007
3.24098
3.23187
3.22273
3.21357
3.20438
3.19517
3.18593
3.17666
3.16737
3.15805
3.14871
3.13935
3.12996
3.12054
3.1111
3.10164
3.09215
3.08263
3.07309
3.06353
3.05394
3.04433
3.0347
3.02504
3.01536
3.00565
2.99592
2.98617
2.9764
2.9666
2.95677
2.94693
2.93706
2.92717
2.91725
2.90732
2.89736
2.88738
2.87737
2.86734
2.8573
2.84723
2.83713
2.82702
2.81688
2.80672
2.79654
2.78634
2.77612
2.76588
2.75561
2.74533
2.73502
2.72469
2.71434
2.70397
2.69358
2.68317
2.67274
2.66229
2.65182
2.64133
2.63082
2.62029
2.60974
2.59917
2.58858
2.57797
2.56734
2.55669
2.54603
2.53534
2.52464
2.51391
2.50317
2.49241
2.48163
2.47083
2.46002
2.44918
2.43833
2.42746
2.41657
2.40566
2.39474
2.3838
2.37284
2.36187
2.35087
2.33986
2.32884
2.31779
2.30673
2.29565
2.28456
2.27345
2.26232
2.25118
2.24002
2.22884
2.21765
2.20644
2.19522
2.18398
2.17273
2.16146
2.15017
2.13887
2.12756
2.11623
2.10488
2.09352
2.08215
2.07076
2.05935
2.04794
2.0365
2.02506
2.0136
2.00212
1.99064
1.97913
1.96762
1.95609
1.94455
1.93299
1.92143
1.90984
1.89825
1.88664
1.87502
1.86339
1.85175
1.84009
1.82842
1.81674
1.80504
1.79334
1.78162
1.76989
1.75815
1.7464
1.73464
1.72286
1.71108
1.69928
1.68747
1.67565
1.66382
1.65198
1.64013
1.62827
1.6164
1.60452
1.59263
1.58073
1.56882
1.5569
1.54497
1.53303
1.52108
1.50912
1.49715
1.48518
1.47319
1.4612
1.44919
1.43718
1.42516
1.41313
1.4011
1.38905
1.377
1.36494
1.35287
1.3408
1.32871
1.31662
1.30452
1.29242
1.2803
1.26818
1.25606
1.24392
1.23178
1.21964
1.20748
1.19532
1.18316
1.17099
1.15881
1.14662
1.13443
1.12224
1.11004
1.09783
1.08562
1.0734
1.06118
1.04896
1.03672
1.02449
1.01225
1
0.98775
0.975495
0.963237
0.950974
0.938707
0.926436
0.914162
0.901884
0.889602
0.877317
0.865029
0.852738
0.840443
0.828145
0.815845
0.803542
0.791236
0.778928
0.766617
0.754304
0.741989
0.729672
0.717352
0.705031
0.692708
0.680384
0.668058
0.655731
0.643402
0.631072
0.618741
0.60641
0.594077
0.581744
0.56941
0.557075
0.54474
0.532405
0.52007
0.507734
0.495399
0.483064
0.470729
0.458394
0.44606
0.433727
0.421394
0.409062
0.396731
0.384401
0.372073
0.359745
0.347419
0.335095
0.322772
0.310451
0.298131
0.285814
0.273498
0.261185
0.248874
0.236566
0.22426
0.211956
0.199655
0.187358
0.175063
0.162771
0.150482
0.138196
0.125914
0.113636
0.101361
0.0890892
0.0768217
0.0645581
0.0522985
0.0400431
0.0277919
0.0155451
0.00330271
0.00893506
0.0211681
0.0333964
0.0456198
0.0578382
0.0700514
0.0822595
0.0944621
0.106659
0.118851
0.131037
0.143217
0.155392
0.16756
0.179722
0.191878
0.204028
0.216171
0.228308
0.240438
0.252562
0.264678
0.276788
0.288891
0.300986
0.313074
0.325155
0.337228
0.349294
0.361352
0.373402
0.385444
0.397479
0.409505
0.421523
0.433532
0.445533
0.457526
0.46951
0.481485
0.493451
0.505408
0.517357
0.529296
0.541225
0.553146
0.565057
0.576958
0.58885
0.600732
0.612603
0.624465
0.636317
0.648159
0.65999
0.671811
0.683621
0.695421
0.70721
0.718988
0.730755
0.742511
0.754256
0.76599
0.777712
0.789423
0.801123
0.812811
0.824487
0.836151
0.847803
0.859443
0.871071
0.882687
0.89429
0.905881
0.91746
0.929025
0.940578
0.952118
0.963646
0.97516
0.986661
0.998148
1.00962
1.02108
1.03253
1.04396
1.05538
1.06679
1.07818
1.08956
1.10092
1.11227
1.12361
1.13493
1.14624
1.15753
1.16881
1.18007
1.19132
1.20255
1.21377
1.22497
1.23615
1.24733
1.25848
1.26962
1.28075
1.29186
1.30295
1.31403
1.32509
1.33613
1.34716
1.35817
1.36917
1.38015
1.39111
1.40206
1.41298
1.4239
1.43479
1.44567
1.45653
1.46737
1.4782
1.48901
1.4998
1.51057
1.52133
1.53207
1.54279
1.55349
1.56418
1.57484
1.58549
1.59612
1.60673
1.61732
1.6279
1.63845
1.64899
1.6595
1.67
1.68048
1.69094
1.70138
1.7118
1.72221
1.73259
1.74295
1.7533
1.76362
1.77392
1.78421
1.79447
1.80472
1.81494
1.82514
1.83533
1.84549
1.85563
1.86575
1.87585
1.88593
1.89599
1.90603
1.91605
1.92604
1.93602
1.94597
1.9559
1.96581
1.9757
1.98557
1.99541
2.00524
2.01504
2.02482
2.03458
2.04432
2.05403
2.06372
2.07339
2.08304
2.09266
2.10226
2.11184
2.1214
2.13093
2.14044
2.14993
2.1594
2.16884
2.17826
2.18765
2.19702
2.20637
2.2157
2.225
2.23428
2.24353
2.25276
2.26197
2.27115
2.28031
2.28944
2.29855
2.30764
2.3167
2.32574
2.33475
2.34374
2.3527
2.36164
2.37055
2.37944
2.38831
2.39715
2.40596
2.41475
2.42351
2.43225
2.44097
2.44966
2.45832
2.46696
2.47557
2.48415
2.49271
2.50125
2.50976
2.51824
2.52669
2.53512
2.54353
2.55191
2.56026
2.56858
2.57688
2.58516
2.5934
2.60162
2.60981
2.61798
2.62612
2.63423
2.64232
2.65038
2.65841
2.66641
2.67439
2.68234
2.69026
2.69816
2.70602
2.71386
2.72168
2.72946
2.73722
2.74495
2.75265
2.76033
2.76797
2.77559
2.78318
2.79074
2.79828
2.80578
2.81326
2.82071
2.82813
2.83552
2.84289
2.85022
2.85753
2.86481
2.87206
2.87928
2.88647
2.89363
2.90076
2.90787
2.91495
2.92199
2.92901
2.936
2.94296
2.94989
2.95679
2.96366
2.9705
2.97731
2.9841
2.99085
2.99757
3.00427
3.01093
3.01756
3.02417
3.03074
3.03729
3.0438
3.05029
3.05674
3.06316
3.06956
3.07592
3.08225
3.08856
3.09483
3.10107
3.10728
3.11346
3.11961
3.12573
3.13182
3.13788
3.14391
3.14991
3.15587
3.16181
3.16771
3.17359
3.17943
3.18524
3.19102
3.19677
3.20249
3.20817
3.21383
3.21945
3.22505
3.23061
3.23614
3.24164
3.2471
3.25254
3.25794
3.26332
3.26866
3.27396
3.27924
3.28449
3.2897
3.29488
3.30003
3.30515
3.31024
3.31529
3.32031
3.3253
3.33026
3.33519
3.34008
3.34494
3.34977
3.35457
3.35934
3.36407
3.36877
3.37344
3.37807
3.38268
3.38725
3.39179
3.39629
3.40077
3.40521
3.40961
3.41399
3.41833
3.42264
3.42692
3.43116
3.43538
3.43956
3.4437
3.44782
3.4519
3.45594
3.45996
3.46394
3.46789
3.47181
3.47569
3.47954
3.48335
3.48714
3.49089
3.49461
3.49829
3.50194
3.50556
3.50914
3.5127
3.51621
3.5197
3.52315
3.52657
3.52995
3.5333
3.53662
3.53991
3.54316
3.54638
3.54956
3.55271
3.55583
3.55891
3.56196
3.56498
3.56796
3.57091
3.57383
3.57671
3.57956
3.58238
3.58516
3.58791
3.59062
3.5933
3.59595
3.59856
3.60114
3.60369
3.6062
3.60868
3.61112
3.61354
3.61591
3.61826
3.62057
3.62284
3.62508
3.62729
3.62947
3.63161
3.63371
3.63579
3.63782
3.63983
3.6418
3.64374
3.64564
3.64751
3.64935
3.65115
3.65292
3.65465
3.65635
3.65802
3.65965
3.66125
3.66281
3.66434
3.66584
3.6673
3.66873
3.67012
3.67148
3.67281
3.6741
3.67536
3.67659
3.67778
3.67894
3.68006
3.68115
3.6822
3.68322
3.68421
3.68516
3.68608
3.68697
3.68782
3.68864
3.68942
3.69017
3.69089
3.69157
3.69222
3.69283
3.69341
3.69396
3.69447
3.69495
3.6954
3.69581
3.69619
3.69653
3.69684
3.69711
3.69736
3.69757
3.69774
3.69788
3.69799
3.69806
3.6981
3.69811
3.69808
3.69802
3.69792
3.69779
3.69763
3.69743
3.6972
3.69694
3.69664
3.69631
3.69595
3.69555
3.69512
3.69465
3.69415
3.69362
3.69306
3.69246
3.69182
3.69116
3.69046
3.68973
3.68896
3.68816
3.68733
3.68646
3.68556
3.68463
3.68366
3.68266
3.68163
3.68057
3.67947
3.67833
3.67717
3.67597
3.67474
3.67347
3.67218
3.67085
3.66948
3.66809
3.66666
3.66519
3.6637
3.66217
3.66061
3.65901
3.65739
3.65573
3.65403
3.65231
3.65055
3.64876
3.64694
3.64508
3.64319
3.64127
3.63932
3.63733
3.63531
3.63326
3.63118
3.62906
3.62691
3.62473
3.62252
3.62027
3.618
3.61569
3.61334
3.61097
3.60856
3.60613
3.60366
3.60115
3.59862
3.59605
3.59345
3.59082
3.58816
3.58547
3.58274
3.57999
3.5772
3.57438
3.57152
3.56864
3.56572
3.56278
3.5598
3.55679
3.55375
3.55067
3.54757
3.54443
3.54127
3.53807
3.53484
3.53158
3.52829
3.52497
3.52161
3.51823
3.51481
3.51137
3.50789
3.50438
3.50084
3.49727
3.49367
3.49004
3.48638
3.48269
3.47897
3.47522
3.47143
3.46762
3.46377
3.4599
3.456
3.45206
3.4481
3.4441
3.44008
3.43602
3.43194
3.42782
3.42368
3.4195
3.4153
3.41106
3.4068
3.4025
3.39818
3.39383
3.38945
3.38504
3.38059
3.37612
3.37162
3.3671
3.36254
3.35795
3.35333
3.34869
3.34401
3.33931
3.33458
3.32982
3.32503
3.32021
3.31536
3.31049
3.30558
3.30065
3.29569
3.2907
3.28568
3.28064
3.27556
3.27046
3.26533
3.26017
3.25498
3.24977
3.24452
3.23925
3.23396
3.22863
3.22328
3.21789
3.21249
3.20705
3.20159
3.19609
3.19058
3.18503
3.17946
3.17386
3.16823
3.16258
3.15689
3.15119
3.14545
3.13969
3.1339
3.12809
3.12224
3.11638
3.11048
3.10456
3.09861
3.09264
3.08664
3.08061
3.07456
3.06848
3.06238
3.05625
3.05009
3.04391
3.0377
3.03147
3.02521
3.01893
3.01262
3.00628
2.99992
2.99354
2.98713
2.98069
2.97423
2.96774
2.96123
2.9547
2.94814
2.94155
2.93494
2.92831
2.92165
2.91496
2.90826
2.90152
2.89477
2.88799
2.88118
2.87435
2.8675
2.86062
2.85372
2.8468
2.83985
2.83288
2.82588
2.81887
2.81182
2.80476
2.79767
2.79056
2.78342
2.77627
2.76909
2.76188
2.75465
2.74741
2.74013
2.73284
2.72552
2.71818
2.71082
2.70344
2.69603
2.6886
2.68115
2.67368
2.66618
2.65867
2.65113
2.64357
2.63599
2.62838
2.62076
2.61311
2.60545
2.59776
2.59005
2.58232
2.57456
2.56679
2.559
2.55118
2.54335
2.53549
2.52762
2.51972
2.5118
2.50386
2.49591
2.48793
2.47993
2.47191
2.46387
2.45581
2.44774
2.43964
2.43152
2.42339
2.41523
2.40705
2.39886
2.39065
2.38241
2.37416
2.36589
2.3576
2.34929
2.34096
2.33262
2.32425
2.31587
2.30747
2.29905
2.29061
2.28215
2.27368
2.26519
2.25668
2.24815
2.2396
2.23104
2.22246
2.21386
2.20524
2.19661
2.18796
2.17929
2.17061
2.16191
2.15319
2.14445
2.1357
2.12693
2.11815
2.10934
2.10053
2.09169
2.08284
2.07397
2.06509
2.05619
2.04728
2.03835
2.0294
2.02044
2.01146
2.00247
1.99346
1.98444
1.9754
1.96634
1.95727
1.94819
1.93909
1.92998
1.92085
1.91171
1.90255
1.89338
1.88419
1.87499
1.86578
1.85655
1.84731
1.83805
1.82878
1.8195
1.8102
1.80089
1.79157
1.78223
1.77288
1.76351
1.75414
1.74475
1.73534
1.72593
1.7165
1.70706
1.69761
1.68814
1.67866
1.66917
1.65967
1.65015
1.64063
1.63109
1.62154
1.61197
1.6024
1.59281
1.58322
1.57361
1.56399
1.55436
1.54472
1.53506
1.5254
1.51572
1.50604
1.49634
1.48664
1.47692
1.46719
1.45745
1.44771
1.43795
1.42818
1.4184
1.40861
1.39882
1.38901
1.37919
1.36937
1.35953
1.34969
1.33983
1.32997
1.3201
1.31022
1.30033
1.29043
1.28052
1.27061
1.26068
1.25075
1.24081
1.23086
1.2209
1.21094
1.20097
1.19098
1.181
1.171
1.161
1.15099
1.14097
1.13094
1.12091
1.11087
1.10083
1.09077
1.08071
1.07065
1.06057
1.05049
1.04041
1.03031
1.02022
1.01011
1
0.989883
0.979761
0.969633
0.959499
0.949359
0.939214
0.929064
0.918909
0.908748
0.898582
0.888412
0.878236
0.868056
0.85787
0.847681
0.837487
0.827288
0.817085
0.806878
0.796666
0.786451
0.776231
0.766008
0.755781
0.745551
0.735316
0.725079
0.714837
0.704593
0.694345
0.684095
0.673841
0.663584
0.653325
0.643062
0.632798
0.62253
0.61226
0.601988
0.591714
0.581437
0.571158
0.560878
0.550595
0.540311
0.530024
0.519737
0.509447
0.499157
0.488865
0.478572
0.468277
0.457982
0.447686
0.437388
0.42709
0.416792
0.406493
0.396193
0.385893
0.375592
0.365292
0.354991
0.344691
0.33439
0.324089
0.313789
0.303489
0.29319
0.282891
0.272593
0.262295
0.251999
0.241703
0.231408
0.221115
0.210822
0.200531
0.190241
0.179953
0.169666
0.159381
0.149098
0.138817
0.128537
0.118259
0.107984
0.0977109
0.0874401
0.0771716
0.0669056
0.0566423
0.0463816
0.0361236
0.0258685
0.0156164
0.00536732
0.00487863
0.0151213
0.0253607
0.0355967
0.0458292
0.0560581
0.0662833
0.0765047
0.0867223
0.0969359
0.107145
0.117351
0.127552
0.137749
0.147941
0.158129
0.168312
0.178491
0.188665
0.198834
0.208998
0.219157
0.229311
0.239459
0.249602
0.25974
0.269873
0.279999
0.29012
0.300236
0.310345
0.320448
0.330546
0.340637
0.350722
0.360801
0.370873
0.380939
0.390998
0.401051
0.411097
0.421136
0.431168
0.441193
0.451211
0.461221
0.471225
0.481221
0.491209
0.50119
0.511164
0.521129
0.531087
0.541037
0.550979
0.560913
0.570838
0.580756
0.590665
0.600565
0.610458
0.620341
0.630216
0.640082
0.649939
0.659787
0.669626
0.679456
0.689277
0.699089
0.708891
0.718683
0.728466
0.73824
0.748003
0.757757
0.767501
0.777235
0.786959
0.796673
0.806376
0.81607
0.825752
0.835425
0.845086
0.854737
0.864378
0.874007
0.883626
0.893233
0.90283
0.912415
0.921989
0.931552
0.941103
0.950643
0.960171
0.969688
0.979192
0.988685
0.998166
1.00764
1.01709
1.02654
1.03597
1.04539
1.0548
1.06419
1.07358
1.08295
1.0923
1.10165
1.11098
1.1203
1.1296
1.1389
1.14818
1.15744
1.16669
1.17593
1.18516
1.19437
1.20357
1.21275
1.22192
1.23108
1.24022
1.24935
1.25847
1.26757
1.27665
1.28573
1.29478
1.30382
1.31285
1.32187
1.33086
1.33985
1.34882
1.35777
1.36671
1.37563
1.38454
1.39343
1.40231
1.41117
1.42002
1.42885
1.43766
1.44646
1.45525
1.46401
1.47276
1.4815
1.49022
1.49892
1.50761
1.51628
1.52493
1.53357
1.54219
1.55079
1.55938
1.56795
1.57651
1.58504
1.59356
1.60206
1.61055
1.61902
1.62747
1.6359
1.64432
1.65272
1.6611
1.66946
1.67781
1.68613
1.69444
1.70273
1.71101
1.71926
1.7275
1.73572
1.74392
1.7521
1.76027
1.76841
1.77654
1.78465
1.79274
1.80081
1.80886
1.81689
1.82491
1.8329
1.84088
1.84884
1.85677
1.86469
1.87259
1.88047
1.88833
1.89617
1.90399
1.91179
1.91957
1.92733
1.93508
1.9428
1.9505
1.95818
1.96584
1.97348
1.9811
1.9887
1.99628
2.00384
2.01138
2.0189
2.0264
2.03387
2.04133
2.04877
2.05618
2.06357
2.07095
2.0783
2.08563
2.09294
2.10022
2.10749
2.11474
2.12196
2.12916
2.13634
2.1435
2.15064
2.15775
2.16485
2.17192
2.17897
2.186
2.193
2.19999
2.20695
2.21389
2.2208
2.2277
2.23457
2.24142
2.24825
2.25506
2.26184
2.2686
2.27533
2.28205
2.28874
2.29541
2.30206
2.30868
2.31528
2.32186
2.32841
2.33494
2.34145
2.34793
2.35439
2.36083
2.36724
2.37363
2.38
2.38634
2.39266
2.39896
2.40523
2.41148
2.4177
2.4239
2.43008
2.43623
2.44236
2.44847
2.45455
2.4606
2.46664
2.47264
2.47863
2.48459
2.49052
2.49643
2.50232
2.50818
2.51401
2.51983
2.52561
2.53138
2.53711
2.54283
2.54851
2.55418
2.55982
2.56543
2.57102
2.57658
2.58212
2.58763
2.59312
2.59858
2.60402
2.60943
2.61481
2.62018
2.62551
2.63082
2.6361
2.64136
2.6466
2.6518
2.65698
2.66214
2.66727
2.67237
2.67745
2.68251
2.68753
2.69253
2.69751
2.70246
2.70738
2.71227
2.71714
2.72199
2.72681
2.7316
2.73636
2.7411
2.74581
2.7505
2.75516
2.75979
2.7644
2.76898
2.77353
2.77806
2.78256
2.78703
2.79148
2.7959
2.80029
2.80466
2.809
2.81331
2.81759
2.82185
2.82608
2.83029
2.83447
2.83862
2.84274
2.84684
2.85091
2.85495
2.85896
2.86295
2.86691
2.87084
2.87475
2.87863
2.88248
2.8863
2.8901
2.89387
2.89761
2.90132
2.90501
2.90867
2.9123
2.9159
2.91948
2.92302
2.92654
2.93004
2.9335
2.93694
2.94035
2.94373
2.94708
2.95041
2.95371
2.95698
2.96022
2.96343
2.96662
2.96978
2.97291
2.97601
2.97909
2.98213
2.98515
2.98814
2.9911
2.99404
2.99694
2.99982
3.00267
3.00549
3.00828
3.01105
3.01379
3.01649
3.01917
3.02182
3.02445
3.02704
3.02961
3.03215
3.03466
3.03714
3.03959
3.04202
3.04441
3.04678
3.04912
3.05143
3.05371
3.05597
3.05819
3.06039
3.06256
3.0647
3.06681
3.06889
3.07094
3.07297
3.07497
3.07694
3.07887
3.08079
3.08267
3.08452
3.08635
3.08814
3.08991
3.09165
3.09336
3.09504
3.09669
3.09832
3.09991
3.10148
3.10302
3.10453
3.10601
3.10746
3.10888
3.11028
3.11164
3.11298
3.11429
3.11557
3.11682
3.11804
3.11923
3.1204
3.12153
3.12264
3.12372
3.12476
3.12578
3.12678
3.12774
3.12867
3.12958
3.13045
3.1313
3.13212
3.13291
3.13367
3.1344
3.13511
3.13578
3.13643
3.13704
3.13763
3.13819
3.13872
3.13922
3.1397
3.14014
3.14056
3.14095
3.1413
3.14163
3.14193
3.14221
3.14245
3.14266
3.14285
3.14301
3.14314
3.14324
3.14331
3.14335
3.14336
3.14335
3.1433
3.14323
3.14313
3.143
3.14284
3.14266
3.14244
3.1422
3.14193
3.14162
3.14129
3.14094
3.14055
3.14013
3.13969
3.13922
3.13872
3.13819
3.13763
3.13705
3.13643
3.13579
3.13512
3.13442
3.13369
3.13293
3.13215
3.13133
3.13049
3.12962
3.12873
3.1278
3.12684
3.12586
3.12485
3.12381
3.12274
3.12165
3.12052
3.11937
3.11819
3.11699
3.11575
3.11448
3.11319
3.11187
3.11052
3.10915
3.10774
3.10631
3.10485
3.10336
3.10185
3.1003
3.09873
3.09713
3.09551
3.09385
3.09217
3.09046
3.08872
3.08696
3.08516
3.08334
3.08149
3.07962
3.07771
3.07578
3.07382
3.07184
3.06982
3.06778
3.06572
3.06362
3.0615
3.05935
3.05717
3.05496
3.05273
3.05047
3.04819
3.04587
3.04353
3.04116
3.03877
3.03635
3.0339
3.03142
3.02892
3.02639
3.02383
3.02125
3.01864
3.016
3.01334
3.01065
3.00793
3.00519
3.00242
2.99962
2.9968
2.99395
2.99107
2.98817
2.98524
2.98228
2.9793
2.97629
2.97325
2.97019
2.96711
2.96399
2.96085
2.95769
2.9545
2.95128
2.94803
2.94476
2.94147
2.93815
2.9348
2.93142
2.92803
2.9246
2.92115
2.91767
2.91417
2.91064
2.90709
2.90351
2.89991
2.89628
2.89262
2.88894
2.88524
2.88151
2.87775
2.87397
2.87016
2.86633
2.86248
2.85859
2.85469
2.85076
2.8468
2.84282
2.83881
2.83478
2.83073
2.82665
2.82254
2.81841
2.81426
2.81008
2.80588
2.80165
2.7974
2.79312
2.78882
2.7845
2.78015
2.77578
2.77138
2.76696
2.76251
2.75805
2.75355
2.74904
2.7445
2.73993
2.73534
2.73073
2.7261
2.72144
2.71676
2.71205
2.70732
2.70257
2.69779
2.693
2.68817
2.68333
2.67846
2.67357
2.66865
2.66372
2.65875
2.65377
2.64877
2.64374
2.63868
2.63361
2.62851
2.62339
2.61825
2.61309
2.6079
2.60269
2.59746
2.59221
2.58693
2.58163
2.57631
2.57097
2.56561
2.56022
2.55481
2.54938
2.54393
2.53846
2.53297
2.52745
2.52191
2.51635
2.51077
2.50517
2.49955
2.4939
2.48824
2.48255
2.47684
2.47111
2.46536
2.45959
2.4538
2.44799
2.44216
2.4363
2.43043
2.42453
2.41862
2.41268
2.40673
2.40075
2.39476
2.38874
2.3827
2.37664
2.37057
2.36447
2.35835
2.35222
2.34606
2.33989
2.33369
2.32748
2.32124
2.31499
2.30871
2.30242
2.29611
2.28978
2.28343
2.27706
2.27067
2.26426
2.25783
2.25139
2.24493
2.23844
2.23194
2.22542
2.21888
2.21233
2.20575
2.19916
2.19255
2.18592
2.17927
2.1726
2.16592
2.15922
2.1525
2.14576
2.13901
2.13223
2.12544
2.11863
2.11181
2.10497
2.09811
2.09123
2.08433
2.07742
2.07049
2.06355
2.05659
2.04961
2.04261
2.0356
2.02857
2.02152
2.01446
2.00738
2.00028
1.99317
1.98604
1.9789
1.97174
1.96456
1.95737
1.95016
1.94294
1.9357
1.92844
1.92117
1.91389
1.90659
1.89927
1.89194
1.88459
1.87722
1.86985
1.86245
1.85504
1.84762
1.84018
1.83273
1.82526
1.81778
1.81029
1.80277
1.79525
1.78771
1.78016
1.77259
1.76501
1.75741
1.7498
1.74217
1.73454
1.72689
1.71922
1.71154
1.70385
1.69614
1.68842
1.68069
1.67295
1.66519
1.65741
1.64963
1.64183
1.63402
1.6262
1.61836
1.61051
1.60265
1.59478
1.58689
1.57899
1.57108
1.56316
1.55522
1.54728
1.53932
1.53135
1.52336
1.51537
1.50736
1.49934
1.49131
1.48327
1.47522
1.46716
1.45908
1.451
1.4429
1.43479
1.42668
1.41855
1.41041
1.40225
1.39409
1.38592
1.37774
1.36955
1.36134
1.35313
1.34491
1.33667
1.32843
1.32018
1.31191
1.30364
1.29536
1.28707
1.27877
1.27045
1.26213
1.25381
1.24547
1.23712
1.22876
1.2204
1.21202
1.20364
1.19525
1.18684
1.17844
1.17002
1.16159
1.15316
1.14471
1.13626
1.1278
1.11934
1.11086
1.10238
1.09389
1.08539
1.07688
1.06837
1.05985
1.05132
1.04278
1.03424
1.02569
1.01714
1.00857
1
0.991422
0.982838
0.974247
0.965649
0.957045
0.948434
0.939817
0.931194
0.922564
0.913928
0.905287
0.896639
0.887986
0.879327
0.870662
0.861991
0.853315
0.844634
0.835947
0.827255
0.818557
0.809855
0.801147
0.792435
0.783717
0.774995
0.766268
0.757536
0.7488
0.740059
0.731314
0.722564
0.713811
0.705053
0.696291
0.687524
0.678754
0.669981
0.661203
0.652422
0.643637
0.634848
0.626056
0.617261
0.608463
0.599661
0.590856
0.582048
0.573237
0.564423
0.555607
0.546788
0.537966
0.529141
0.520314
0.511485
0.502653
0.493819
0.484983
0.476145
0.467305
0.458463
0.449619
0.440773
0.431926
0.423077
0.414227
0.405375
0.396521
0.387667
0.378811
0.369955
0.361097
0.352238
0.343378
0.334518
0.325657
0.316795
0.307933
0.29907
0.290207
0.281344
0.27248
0.263617
0.254753
0.245889
0.237025
0.228162
0.219299
0.210436
0.201573
0.192711
0.18385
0.174989
0.166129
0.15727
0.148412
0.139554
0.130698
0.121843
0.112989
0.104137
0.0952858
0.0864362
0.0775881
0.0687416
0.0598968
0.0510538
0.0422127
0.0333735
0.0245364
0.0157013
0.00686845
0.00196216
0.0107904
0.0196162
0.0284396
0.0372603
0.0460784
0.0548938
0.0637063
0.0725159
0.0813226
0.0901262
0.0989266
0.107724
0.116518
0.125308
0.134095
0.142879
0.151659
0.160435
0.169208
0.177977
0.186741
0.195502
0.204259
0.213011
0.221759
0.230503
0.239243
0.247978
0.256709
0.265434
0.274156
0.282872
0.291584
0.30029
0.308992
0.317688
0.32638
0.335066
0.343746
0.352422
0.361091
0.369756
0.378414
0.387067
0.395714
0.404356
0.412991
0.42162
0.430243
0.43886
0.447471
0.456076
0.464674
0.473265
0.48185
0.490428
0.499
0.507565
0.516123
0.524674
0.533218
0.541755
0.550285
0.558807
0.567322
0.57583
0.58433
0.592823
0.601308
0.609786
0.618256
0.626717
0.635171
0.643617
0.652055
0.660485
0.668906
0.67732
0.685725
0.694121
0.702509
0.710888
0.719259
0.727621
0.735974
0.744318
0.752654
0.76098
0.769297
0.777605
0.785904
0.794193
0.802473
0.810744
0.819005
0.827256
0.835498
0.84373
0.851952
0.860164
0.868366
0.876558
0.884741
0.892912
0.901074
0.909225
0.917366
0.925497
0.933617
0.941726
0.949825
0.957912
0.965989
0.974055
0.982111
0.990155
0.998188
1.00621
1.01422
1.02222
1.03021
1.03818
1.04615
1.0541
1.06204
1.06997
1.07789
1.0858
1.09369
1.10157
1.10944
1.1173
1.12515
1.13298
1.1408
1.14861
1.15641
1.16419
1.17196
1.17972
1.18747
1.1952
1.20292
1.21063
1.21832
1.226
1.23367
1.24132
1.24896
1.25659
1.26421
1.27181
1.27939
1.28697
1.29453
1.30207
1.30961
1.31713
1.32463
1.33212
1.3396
1.34706
1.35451
1.36194
1.36936
1.37677
1.38416
1.39153
1.3989
1.40624
1.41357
1.42089
1.4282
1.43548
1.44276
1.45001
1.45726
1.46448
1.4717
1.47889
1.48608
1.49324
1.50039
1.50753
1.51465
1.52175
1.52884
1.53591
1.54297
1.55001
1.55704
1.56405
1.57104
1.57802
1.58498
1.59192
1.59885
1.60576
1.61266
1.61954
1.6264
1.63325
1.64008
1.64689
1.65368
1.66046
1.66723
1.67397
1.6807
1.68741
1.6941
1.70078
1.70744
1.71408
1.72071
1.72732
1.73391
1.74048
1.74704
1.75357
1.76009
1.7666
1.77308
1.77955
1.786
1.79243
1.79884
1.80524
1.81161
1.81797
1.82431
1.83063
1.83694
1.84322
1.84949
1.85574
1.86197
1.86818
1.87438
1.88055
1.88671
1.89284
1.89896
1.90506
1.91114
1.9172
1.92324
1.92927
1.93527
1.94126
1.94722
1.95317
1.9591
1.96501
1.97089
1.97676
1.98261
1.98844
1.99425
2.00004
2.00581
2.01157
2.0173
2.02301
2.0287
2.03437
2.04002
2.04566
2.05127
2.05686
2.06243
2.06798
2.07351
2.07902
2.08451
2.08998
2.09543
2.10086
2.10627
2.11166
2.11703
2.12237
2.1277
2.133
2.13829
2.14355
2.14879
2.15402
2.15922
2.1644
2.16955
2.17469
2.17981
2.1849
2.18998
2.19503
2.20006
2.20507
2.21006
2.21503
2.21998
2.2249
2.2298
2.23468
2.23954
2.24438
2.2492
2.25399
2.25877
2.26352
2.26825
2.27296
2.27764
2.28231
2.28695
2.29157
2.29616
2.30074
2.30529
2.30983
2.31433
2.31882
2.32329
2.32773
2.33215
2.33655
2.34092
2.34527
2.3496
2.35391
2.3582
2.36246
2.3667
2.37092
2.37511
2.37928
2.38343
2.38756
2.39166
2.39574
2.3998
2.40384
2.40785
2.41184
2.41581
2.41975
2.42367
2.42757
2.43144
2.43529
2.43912
2.44292
2.4467
2.45046
2.4542
2.45791
2.4616
2.46526
2.4689
2.47252
2.47612
2.47969
2.48323
2.48676
2.49026
2.49374
2.49719
2.50062
2.50402
2.50741
2.51077
2.5141
2.51741
2.5207
2.52396
2.5272
2.53042
2.53361
2.53678
2.53992
2.54304
2.54614
2.54921
2.55226
2.55528
2.55828
2.56126
2.56421
2.56714
2.57004
2.57292
2.57578
2.57861
2.58142
2.5842
2.58696
2.58969
2.5924
2.59509
2.59775
2.60039
2.603
2.60559
2.60815
2.61069
2.61321
2.6157
2.61816
2.6206
2.62302
2.62541
2.62778
2.63013
2.63244
2.63474
2.63701
2.63925
2.64147
2.64367
2.64584
2.64799
2.65011
2.65221
2.65428
2.65633
2.65835
2.66035
2.66232
2.66427
2.6662
2.6681
2.66997
2.67182
2.67365
2.67545
2.67722
2.67897
2.6807
2.6824
2.68407
2.68572
2.68735
2.68895
2.69053
2.69208
2.69361
2.69511
2.69658
2.69804
2.69946
2.70086
2.70224
2.70359
2.70492
2.70622
2.7075
2.70875
2.70998
2.71118
2.71235
2.71351
2.71463
2.71573
2.71681
2.71786
2.71889
2.71989
2.72087
2.72182
2.72274
2.72365
2.72452
2.72537
2.7262
2.727
2.72778
2.72853
2.72925
2.72995
2.73063
2.73128
2.73191
2.73251
2.73308
2.73363
2.73416
2.73466
2.73513
2.73558
2.73601
2.73641
2.73679
2.73714
2.73746
2.73776
2.73804
2.73829
2.73851
2.73871
2.73888
2.73903
2.73916
2.73926
2.73933
2.73938
2.73941
2.73941
2.73938
2.73933
2.73926
2.73916
2.73903
2.73888
2.73871
2.73851
2.73828
2.73803
2.73776
2.73746
2.73714
2.73679
2.73641
2.73601
2.73559
2.73514
2.73467
2.73417
2.73365
2.7331
2.73253
2.73193
2.73131
2.73066
2.72999
2.72929
2.72857
2.72783
2.72706
2.72626
2.72544
2.7246
2.72373
2.72283
2.72192
2.72097
2.72001
2.71901
2.718
2.71696
2.71589
2.7148
2.71369
2.71255
2.71138
2.7102
2.70898
2.70775
2.70649
2.7052
2.70389
2.70256
2.7012
2.69981
2.69841
2.69698
2.69552
2.69404
2.69254
2.69101
2.68946
2.68788
2.68628
2.68465
2.683
2.68133
2.67964
2.67791
2.67617
2.6744
2.67261
2.67079
2.66895
2.66709
2.6652
2.66328
2.66135
2.65939
2.6574
2.6554
2.65337
2.65131
2.64923
2.64713
2.645
2.64286
2.64068
2.63849
2.63627
2.63402
2.63175
2.62946
2.62715
2.62481
2.62245
2.62007
2.61766
2.61523
2.61278
2.6103
2.6078
2.60528
2.60273
2.60016
2.59757
2.59495
2.59231
2.58965
2.58697
2.58426
2.58153
2.57877
2.576
2.5732
2.57038
2.56753
2.56466
2.56177
2.55886
2.55592
2.55297
2.54999
2.54698
2.54396
2.54091
2.53784
2.53474
2.53163
2.52849
2.52533
2.52215
2.51894
2.51572
2.51247
2.5092
2.50591
2.50259
2.49925
2.49589
2.49251
2.48911
2.48569
2.48224
2.47877
2.47528
2.47177
2.46823
2.46468
2.4611
2.4575
2.45388
2.45024
2.44658
2.44289
2.43919
2.43546
2.43171
2.42794
2.42415
2.42034
2.41651
2.41265
2.40878
2.40488
2.40096
2.39702
2.39306
2.38908
2.38508
2.38106
2.37702
2.37295
2.36887
2.36476
2.36064
2.35649
2.35233
2.34814
2.34393
2.33971
2.33546
2.33119
2.3269
2.32259
2.31826
2.31391
2.30955
2.30516
2.30075
2.29632
2.29187
2.2874
2.28291
2.27841
2.27388
2.26933
2.26476
2.26018
2.25557
2.25094
2.2463
2.24164
2.23695
2.23225
2.22753
2.22278
2.21802
2.21324
2.20845
2.20363
2.19879
2.19394
2.18906
2.18417
2.17926
2.17433
2.16938
2.16441
2.15942
2.15442
2.14939
2.14435
2.13929
2.13421
2.12912
2.124
2.11887
2.11372
2.10855
2.10336
2.09816
2.09293
2.08769
2.08243
2.07716
2.07186
2.06655
2.06122
2.05587
2.05051
2.04513
2.03973
2.03431
2.02888
2.02343
2.01796
2.01247
2.00697
2.00145
1.99592
1.99036
1.98479
1.97921
1.9736
1.96798
1.96235
1.95669
1.95102
1.94534
1.93964
1.93392
1.92818
1.92243
1.91666
1.91088
1.90508
1.89926
1.89343
1.88758
1.88172
1.87584
1.86994
1.86403
1.85811
1.85217
1.84621
1.84024
1.83425
1.82824
1.82223
1.81619
1.81014
1.80408
1.798
1.79191
1.7858
1.77967
1.77353
1.76738
1.76121
1.75503
1.74883
1.74262
1.7364
1.73016
1.7239
1.71763
1.71135
1.70505
1.69874
1.69241
1.68608
1.67972
1.67335
1.66697
1.66058
1.65417
1.64775
1.64131
1.63487
1.6284
1.62193
1.61544
1.60894
1.60242
1.59589
1.58935
1.5828
1.57623
1.56965
1.56306
1.55645
1.54984
1.54321
1.53656
1.52991
1.52324
1.51656
1.50987
1.50316
1.49644
1.48972
1.48298
1.47622
1.46946
1.46268
1.45589
1.44909
1.44228
1.43546
1.42862
1.42178
1.41492
1.40805
1.40117
1.39428
1.38738
1.38046
1.37354
1.3666
1.35966
1.3527
1.34573
1.33876
1.33177
1.32477
1.31776
1.31074
1.30371
1.29667
1.28962
1.28255
1.27548
1.2684
1.26131
1.25421
1.2471
1.23998
1.23285
1.22571
1.21856
1.2114
1.20423
1.19706
1.18987
1.18268
1.17547
1.16826
1.16103
1.1538
1.14656
1.13931
1.13205
1.12479
1.11751
1.11023
1.10294
1.09564
1.08833
1.08101
1.07369
1.06635
1.05901
1.05166
1.0443
1.03694
1.02957
1.02219
1.0148
1.0074
1
0.99259
0.985172
0.977747
0.970315
0.962875
0.955429
0.947976
0.940515
0.933048
0.925574
0.918094
0.910606
0.903112
0.895612
0.888105
0.880592
0.873073
0.865547
0.858015
0.850477
0.842933
0.835383
0.827828
0.820266
0.812699
0.805126
0.797547
0.789963
0.782374
0.774779
0.767179
0.759573
0.751963
0.744347
0.736726
0.7291
0.72147
0.713834
0.706194
0.698549
0.6909
0.683246
0.675587
0.667925
0.660257
0.652586
0.64491
0.637231
0.629547
0.621859
0.614167
0.606472
0.598772
0.59107
0.583363
0.575653
0.567939
0.560222
0.552502
0.544778
0.537051
0.529322
0.521589
0.513853
0.506114
0.498372
0.490627
0.48288
0.475131
0.467378
0.459623
0.451866
0.444106
0.436345
0.428581
0.420814
0.413046
0.405276
0.397504
0.38973
0.381954
0.374176
0.366397
0.358617
0.350835
0.343051
0.335266
0.32748
0.319692
0.311904
0.304114
0.296324
0.288532
0.28074
0.272947
0.265153
0.257358
0.249563
0.241768
0.233972
0.226176
0.218379
0.210582
0.202785
0.194988
0.187191
0.179394
0.171597
0.163801
0.156004
0.148208
0.140413
0.132618
0.124823
0.11703
0.109236
0.101444
0.0936527
0.0858621
0.0780725
0.070284
0.0624966
0.0547105
0.0469256
0.039142
0.0313598
0.0235792
0.0158001
0.00802261
0.000246822
0.0075272
0.0152994
0.0230697
0.0308379
0.0386042
0.0463683
0.0541303
0.06189
0.0696473
0.0774023
0.0851548
0.0929048
0.100652
0.108397
0.116139
0.123878
0.131614
0.139347
0.147078
0.154805
0.162529
0.17025
0.177967
0.185681
0.193392
0.201099
0.208802
0.216502
0.224198
0.231891
0.239579
0.247264
0.254945
0.262621
0.270294
0.277962
0.285626
0.293285
0.300941
0.308591
0.316238
0.323879
0.331516
0.339148
0.346775
0.354398
0.362015
0.369628
0.377235
0.384837
0.392434
0.400026
0.407613
0.415193
0.422769
0.430339
0.437903
0.445461
0.453014
0.460561
0.468102
0.475637
0.483166
0.490689
0.498206
0.505716
0.51322
0.520718
0.52821
0.535695
0.543173
0.550645
0.558109
0.565568
0.573019
0.580464
0.587901
0.595331
0.602755
0.610171
0.61758
0.624982
0.632376
0.639763
0.647142
0.654514
0.661878
0.669235
0.676583
0.683924
0.691257
0.698583
0.7059
0.713209
0.72051
0.727802
0.735087
0.742363
0.74963
0.756889
0.76414
0.771382
0.778615
0.78584
0.793056
0.800263
0.807461
0.81465
0.82183
0.829001
0.836163
0.843316
0.850459
0.857593
0.864718
0.871833
0.878938
0.886034
0.893121
0.900197
0.907264
0.914321
0.921368
0.928405
0.935432
0.942448
0.949455
0.956452
0.963438
0.970414
0.977379
0.984334
0.991278
0.998212
1.00514
1.01205
1.01895
1.02584
1.03272
1.03959
1.04645
1.05329
1.06013
1.06696
1.07377
1.08057
1.08736
1.09414
1.10091
1.10766
1.11441
1.12114
1.12786
1.13457
1.14127
1.14796
1.15463
1.16129
1.16794
1.17458
1.1812
1.18782
1.19442
1.20101
1.20758
1.21415
1.2207
1.22724
1.23376
1.24028
1.24678
1.25326
1.25974
1.2662
1.27265
1.27908
1.28551
1.29192
1.29831
1.3047
1.31107
1.31742
1.32376
1.33009
1.33641
1.34271
1.349
1.35528
1.36154
1.36779
1.37402
1.38024
1.38644
1.39264
1.39881
1.40498
1.41113
1.41726
1.42338
1.42949
1.43558
1.44166
1.44772
1.45377
1.4598
1.46582
1.47183
1.47782
1.48379
1.48975
1.4957
1.50163
1.50755
1.51345
1.51933
1.5252
1.53106
1.5369
1.54272
1.54853
1.55432
1.5601
1.56586
1.57161
1.57734
1.58306
1.58876
1.59444
1.60011
1.60577
1.6114
1.61702
1.62263
1.62822
1.63379
1.63935
1.64489
1.65041
1.65592
1.66141
1.66689
1.67235
1.67779
1.68322
1.68863
1.69402
1.69939
1.70475
1.7101
1.71542
1.72073
1.72603
1.7313
1.73656
1.7418
1.74703
1.75223
1.75742
1.7626
1.76775
1.77289
1.77801
1.78312
1.78821
1.79328
1.79833
1.80336
1.80838
1.81338
1.81836
1.82332
1.82827
1.8332
1.83811
1.843
1.84788
1.85273
1.85757
1.86239
1.8672
1.87198
1.87675
1.8815
1.88623
1.89094
1.89564
1.90031
1.90497
1.90961
1.91423
1.91883
1.92341
1.92798
1.93253
1.93705
1.94156
1.94605
1.95053
1.95498
1.95941
1.96383
1.96823
1.9726
1.97696
1.9813
1.98562
1.98992
1.99421
1.99847
2.00272
2.00694
2.01115
2.01533
2.0195
2.02365
2.02778
2.03189
2.03598
2.04005
2.0441
2.04813
2.05214
2.05613
2.06011
2.06406
2.06799
2.07191
2.0758
2.07967
2.08353
2.08736
2.09118
2.09497
2.09875
2.1025
2.10624
2.10995
2.11365
2.11732
2.12098
2.12461
2.12823
2.13182
2.13539
2.13895
2.14248
2.14599
2.14949
2.15296
2.15641
2.15984
2.16325
2.16665
2.17002
2.17337
2.17669
2.18
2.18329
2.18656
2.18981
2.19303
2.19624
2.19942
2.20259
2.20573
2.20885
2.21195
2.21503
2.21809
2.22113
2.22415
2.22715
2.23012
2.23308
2.23601
2.23893
2.24182
2.24469
2.24754
2.25037
2.25318
2.25596
2.25873
2.26147
2.2642
2.2669
2.26958
2.27224
2.27488
2.27749
2.28009
2.28266
2.28522
2.28775
2.29026
2.29274
2.29521
2.29766
2.30008
2.30248
2.30487
2.30722
2.30956
2.31188
2.31417
2.31645
2.3187
2.32093
2.32314
2.32532
2.32749
2.32963
2.33175
2.33385
2.33593
2.33799
2.34002
2.34204
2.34403
2.346
2.34794
2.34987
2.35177
2.35366
2.35552
2.35735
2.35917
2.36097
2.36274
2.36449
2.36622
2.36792
2.36961
2.37127
2.37291
2.37453
2.37613
2.3777
2.37926
2.38079
2.3823
2.38378
2.38525
2.38669
2.38811
2.38951
2.39089
2.39224
2.39357
2.39488
2.39617
2.39744
2.39868
2.3999
2.4011
2.40228
2.40343
2.40457
2.40568
2.40677
2.40783
2.40888
2.4099
2.4109
2.41188
2.41283
2.41377
2.41468
2.41557
2.41643
2.41728
2.4181
2.4189
2.41968
2.42043
2.42117
2.42188
2.42257
2.42323
2.42388
2.4245
2.4251
2.42568
2.42623
2.42677
2.42728
2.42777
2.42823
2.42868
2.4291
2.4295
2.42988
2.43023
2.43057
2.43088
2.43116
2.43143
2.43168
2.4319
2.4321
2.43227
2.43243
2.43256
2.43267
2.43276
2.43283
2.43287
2.4329
2.4329
2.43287
2.43283
2.43276
2.43267
2.43256
2.43243
2.43227
2.4321
2.4319
2.43168
2.43143
2.43117
2.43088
2.43057
2.43024
2.42988
2.42951
2.42911
2.42869
2.42824
2.42778
2.42729
2.42678
2.42625
2.4257
2.42513
2.42453
2.42391
2.42327
2.42261
2.42192
2.42122
2.42049
2.41974
2.41897
2.41817
2.41736
2.41652
2.41566
2.41478
2.41387
2.41295
2.412
2.41103
2.41004
2.40903
2.408
2.40694
2.40586
2.40476
2.40364
2.4025
2.40134
2.40015
2.39894
2.39771
2.39646
2.39519
2.3939
2.39258
2.39124
2.38989
2.38851
2.3871
2.38568
2.38424
2.38277
2.38128
2.37978
2.37825
2.37669
2.37512
2.37353
2.37191
2.37028
2.36862
2.36694
2.36524
2.36352
2.36177
2.36001
2.35822
2.35642
2.35459
2.35274
2.35087
2.34898
2.34707
2.34514
2.34319
2.34121
2.33922
2.3372
2.33516
2.3331
2.33103
2.32893
2.32681
2.32466
2.3225
2.32032
2.31812
2.31589
2.31365
2.31138
2.3091
2.30679
2.30446
2.30211
2.29975
2.29736
2.29495
2.29252
2.29007
2.2876
2.28511
2.2826
2.28007
2.27752
2.27494
2.27235
2.26974
2.26711
2.26446
2.26178
2.25909
2.25638
2.25365
2.25089
2.24812
2.24533
2.24252
2.23969
2.23683
2.23396
2.23107
2.22816
2.22523
2.22228
2.21931
2.21632
2.21331
2.21028
2.20723
2.20416
2.20108
2.19797
2.19484
2.1917
2.18853
2.18535
2.18215
2.17892
2.17568
2.17242
2.16914
2.16584
2.16252
2.15919
2.15583
2.15245
2.14906
2.14565
2.14221
2.13876
2.13529
2.13181
2.1283
2.12477
2.12123
2.11767
2.11409
2.11049
2.10687
2.10323
2.09957
2.0959
2.09221
2.0885
2.08477
2.08102
2.07726
2.07347
2.06967
2.06585
2.06202
2.05816
2.05429
2.0504
2.04649
2.04256
2.03861
2.03465
2.03067
2.02667
2.02266
2.01862
2.01457
2.01051
2.00642
2.00232
1.9982
1.99406
1.9899
1.98573
1.98154
1.97733
1.97311
1.96887
1.96461
1.96033
1.95604
1.95173
1.9474
1.94306
1.9387
1.93432
1.92993
1.92552
1.92109
1.91665
1.91219
1.90771
1.90322
1.89871
1.89418
1.88964
1.88508
1.88051
1.87592
1.87131
1.86669
1.86205
1.85739
1.85272
1.84804
1.84333
1.83861
1.83388
1.82913
1.82436
1.81958
1.81478
1.80997
1.80514
1.8003
1.79544
1.79057
1.78568
1.78077
1.77585
1.77091
1.76596
1.761
1.75602
1.75102
1.74601
1.74098
1.73594
1.73089
1.72582
1.72073
1.71563
1.71052
1.70539
1.70025
1.69509
1.68992
1.68473
1.67953
1.67432
1.66909
1.66385
1.65859
1.65332
1.64803
1.64273
1.63742
1.63209
1.62675
1.6214
1.61603
1.61065
1.60525
1.59984
1.59442
1.58899
1.58354
1.57808
1.5726
1.56711
1.56161
1.55609
1.55057
1.54502
1.53947
1.5339
1.52832
1.52273
1.51713
1.51151
1.50588
1.50023
1.49458
1.48891
1.48323
1.47753
1.47183
1.46611
1.46038
1.45464
1.44889
1.44312
1.43734
1.43155
1.42575
1.41994
1.41411
1.40827
1.40243
1.39656
1.39069
1.38481
1.37891
1.37301
1.36709
1.36116
1.35522
1.34927
1.34331
1.33734
1.33135
1.32536
1.31935
1.31333
1.30731
1.30127
1.29522
1.28916
1.28309
1.27701
1.27092
1.26482
1.25871
1.25258
1.24645
1.24031
1.23416
1.228
1.22182
1.21564
1.20945
1.20325
1.19704
1.19082
1.18459
1.17835
1.1721
1.16584
1.15957
1.15329
1.14701
1.14071
1.13441
1.12809
1.12177
1.11544
1.1091
1.10275
1.09639
1.09002
1.08365
1.07726
1.07087
1.06447
1.05806
1.05164
1.04521
1.03878
1.03233
1.02588
1.01942
1.01296
1.00648
1
0.993509
0.987011
0.980505
0.973992
0.96747
0.960942
0.954406
0.947862
0.941311
0.934753
0.928188
0.921616
0.915036
0.90845
0.901856
0.895256
0.888649
0.882035
0.875415
0.868787
0.862153
0.855513
0.848866
0.842213
0.835554
0.828888
0.822216
0.815538
0.808853
0.802163
0.795467
0.788765
0.782057
0.775343
0.768624
0.761898
0.755168
0.748432
0.74169
0.734943
0.72819
0.721433
0.71467
0.707902
0.701128
0.69435
0.687567
0.680779
0.673986
0.667188
0.660386
0.653579
0.646767
0.639951
0.633131
0.626306
0.619476
0.612643
0.605805
0.598963
0.592117
0.585267
0.578412
0.571555
0.564693
0.557827
0.550958
0.544085
0.537209
0.530329
0.523445
0.516558
0.509668
0.502775
0.495878
0.488978
0.482076
0.47517
0.468261
0.461349
0.454435
0.447517
0.440598
0.433675
0.42675
0.419822
0.412892
0.40596
0.399025
0.392088
0.385149
0.378207
0.371264
0.364319
0.357371
0.350422
0.343471
0.336519
0.329564
0.322608
0.315651
0.308692
0.301731
0.294769
0.287806
0.280842
0.273877
0.26691
0.259942
0.252974
0.246004
0.239034
0.232063
0.225091
0.218118
0.211145
0.204171
0.197197
0.190223
0.183248
0.176273
0.169297
0.162322
0.155346
0.148371
0.141395
0.134419
0.127444
0.120469
0.113494
0.10652
0.0995457
0.0925721
0.0855991
0.0786267
0.071655
0.064684
0.0577139
0.0507445
0.0437761
0.0368087
0.0298424
0.0228771
0.0159131
0.00895027
0.00198876
0.00497139
0.0119301
0.0188873
0.025843
0.032797
0.0397494
0.0467
0.0536488
0.0605958
0.0675408
0.0744838
0.0814247
0.0883635
0.0953002
0.102235
0.109167
0.116096
0.123024
0.129948
0.136871
0.14379
0.150707
0.157621
0.164533
0.171441
0.178347
0.185249
0.192149
0.199045
0.205938
0.212828
0.219715
0.226598
0.233478
0.240354
0.247227
0.254096
0.260962
0.267824
0.274682
0.281536
0.288386
0.295232
0.302074
0.308912
0.315746
0.322576
0.329401
0.336222
0.343038
0.349851
0.356658
0.363461
0.370259
0.377053
0.383842
0.390626
0.397405
0.404179
0.410948
0.417712
0.424471
0.431224
0.437973
0.444716
0.451453
0.458186
0.464912
0.471633
0.478349
0.485059
0.491763
0.498461
0.505153
0.51184
0.51852
0.525195
0.531863
0.538525
0.545181
0.551831
0.558474
0.565111
0.571742
0.578365
0.584983
0.591594
0.598198
0.604795
0.611385
0.617969
0.624546
0.631115
0.637678
0.644233
0.650782
0.657323
0.663857
0.670383
0.676902
0.683414
0.689918
0.696415
0.702904
0.709385
0.715859
0.722324
0.728782
0.735232
0.741674
0.748108
0.754534
0.760952
0.767361
0.773762
0.780155
0.78654
0.792916
0.799284
0.805643
0.811994
0.818336
0.824669
0.830993
0.837309
0.843616
0.849914
0.856202
0.862482
0.868753
0.875015
0.881267
0.88751
0.893744
0.899968
0.906183
0.912389
0.918585
0.924771
0.930948
0.937115
0.943272
0.94942
0.955557
0.961685
0.967803
0.973911
0.980008
0.986096
0.992173
0.99824
1.0043
1.01034
1.01638
1.02241
1.02842
1.03443
1.04042
1.0464
1.05238
1.05834
1.06429
1.07023
1.07616
1.08208
1.08798
1.09388
1.09976
1.10564
1.1115
1.11735
1.12319
1.12902
1.13484
1.14064
1.14644
1.15222
1.15799
1.16375
1.1695
1.17524
1.18096
1.18667
1.19237
1.19806
1.20374
1.2094
1.21505
1.22069
1.22632
1.23194
1.23754
1.24313
1.24871
1.25427
1.25983
1.26537
1.2709
1.27641
1.28191
1.2874
1.29288
1.29834
1.3038
1.30923
1.31466
1.32007
1.32547
1.33086
1.33623
1.34159
1.34694
1.35227
1.35759
1.3629
1.36819
1.37347
1.37873
1.38399
1.38923
1.39445
1.39966
1.40486
1.41004
1.41521
1.42037
1.42551
1.43064
1.43575
1.44085
1.44594
1.45101
1.45607
1.46111
1.46614
1.47115
1.47615
1.48114
1.48611
1.49107
1.49601
1.50094
1.50585
1.51075
1.51563
1.5205
1.52535
1.53019
1.53502
1.53983
1.54462
1.5494
1.55416
1.55891
1.56365
1.56837
1.57307
1.57776
1.58243
1.58709
1.59173
1.59636
1.60097
1.60557
1.61015
1.61471
1.61926
1.62379
1.62831
1.63282
1.6373
1.64177
1.64623
1.65067
1.65509
1.6595
1.66389
1.66826
1.67262
1.67697
1.68129
1.6856
1.6899
1.69418
1.69844
1.70268
1.70691
1.71113
1.71532
1.7195
1.72367
1.72782
1.73195
1.73606
1.74016
1.74424
1.7483
1.75235
1.75638
1.76039
1.76439
1.76837
1.77234
1.77628
1.78021
1.78412
1.78802
1.7919
1.79576
1.7996
1.80343
1.80724
1.81103
1.81481
1.81857
1.82231
1.82603
1.82974
1.83343
1.8371
1.84075
1.84439
1.84801
1.85161
1.85519
1.85876
1.86231
1.86584
1.86935
1.87285
1.87632
1.87978
1.88323
1.88665
1.89006
1.89345
1.89682
1.90017
1.9035
1.90682
1.91012
1.9134
1.91666
1.91991
1.92313
1.92634
1.92953
1.9327
1.93586
1.93899
1.94211
1.94521
1.94829
1.95135
1.9544
1.95742
1.96043
1.96342
1.96639
1.96934
1.97227
1.97519
1.97808
1.98096
1.98382
1.98666
1.98948
1.99228
1.99507
1.99783
2.00058
2.00331
2.00602
2.00871
2.01138
2.01403
2.01666
2.01928
2.02188
2.02445
2.02701
2.02955
2.03207
2.03457
2.03705
2.03952
2.04196
2.04439
2.04679
2.04918
2.05155
2.05389
2.05622
2.05853
2.06082
2.0631
2.06535
2.06758
2.06979
2.07199
2.07416
2.07632
2.07846
2.08057
2.08267
2.08475
2.08681
2.08885
2.09087
2.09287
2.09485
2.09681
2.09876
2.10068
2.10258
2.10447
2.10633
2.10817
2.11
2.11181
2.11359
2.11536
2.1171
2.11883
2.12054
2.12223
2.12389
2.12554
2.12717
2.12878
2.13037
2.13194
2.13349
2.13502
2.13653
2.13802
2.13949
2.14094
2.14237
2.14379
2.14518
2.14655
2.1479
2.14923
2.15055
2.15184
2.15311
2.15436
2.1556
2.15681
2.158
2.15918
2.16033
2.16146
2.16258
2.16367
2.16474
2.1658
2.16683
2.16784
2.16884
2.16981
2.17076
2.1717
2.17261
2.17351
2.17438
2.17523
2.17607
2.17688
2.17768
2.17845
2.1792
2.17994
2.18065
2.18135
2.18202
2.18267
2.18331
2.18392
2.18452
2.18509
2.18564
2.18618
2.18669
2.18718
2.18766
2.18811
2.18854
2.18896
2.18935
2.18972
2.19008
2.19041
2.19072
2.19102
2.19129
2.19154
2.19178
2.19199
2.19218
2.19236
2.19251
2.19264
2.19276
2.19285
2.19292
2.19298
2.19301
2.19302
2.19301
2.19299
2.19294
2.19287
2.19279
2.19268
2.19255
2.19241
2.19224
2.19205
2.19185
2.19162
2.19137
2.19111
2.19082
2.19051
2.19019
2.18984
2.18947
2.18909
2.18868
2.18826
2.18781
2.18735
2.18686
2.18636
2.18583
2.18529
2.18472
2.18414
2.18353
2.18291
2.18226
2.1816
2.18092
2.18021
2.17949
2.17875
2.17799
2.1772
2.1764
2.17558
2.17474
2.17388
2.173
2.1721
2.17118
2.17024
2.16928
2.1683
2.1673
2.16628
2.16525
2.16419
2.16311
2.16202
2.1609
2.15977
2.15861
2.15744
2.15625
2.15503
2.1538
2.15255
2.15128
2.14999
2.14868
2.14735
2.146
2.14463
2.14325
2.14184
2.14041
2.13897
2.1375
2.13602
2.13452
2.133
2.13146
2.1299
2.12832
2.12672
2.1251
2.12347
2.12181
2.12014
2.11844
2.11673
2.115
2.11325
2.11148
2.10969
2.10788
2.10606
2.10421
2.10235
2.10046
2.09856
2.09664
2.0947
2.09275
2.09077
2.08877
2.08676
2.08473
2.08268
2.08061
2.07852
2.07641
2.07429
2.07214
2.06998
2.0678
2.0656
2.06338
2.06115
2.05889
2.05662
2.05433
2.05202
2.04969
2.04734
2.04498
2.0426
2.0402
2.03778
2.03534
2.03288
2.03041
2.02792
2.02541
2.02288
2.02034
2.01778
2.01519
2.0126
2.00998
2.00734
2.00469
2.00202
1.99933
1.99663
1.9939
1.99116
1.9884
1.98563
1.98283
1.98002
1.97719
1.97434
1.97148
1.9686
1.9657
1.96278
1.95985
1.9569
1.95393
1.95094
1.94794
1.94492
1.94188
1.93883
1.93576
1.93267
1.92956
1.92644
1.9233
1.92014
1.91697
1.91378
1.91057
1.90735
1.90411
1.90085
1.89757
1.89428
1.89098
1.88765
1.88431
1.88095
1.87758
1.87419
1.87078
1.86736
1.86392
1.86046
1.85699
1.8535
1.84999
1.84647
1.84293
1.83938
1.83581
1.83222
1.82862
1.825
1.82137
1.81772
1.81405
1.81037
1.80667
1.80296
1.79923
1.79549
1.79173
1.78795
1.78416
1.78035
1.77653
1.77269
1.76883
1.76497
1.76108
1.75718
1.75327
1.74933
1.74539
1.74143
1.73745
1.73346
1.72945
1.72543
1.7214
1.71734
1.71328
1.7092
1.7051
1.70099
1.69686
1.69272
1.68857
1.6844
1.68021
1.67602
1.6718
1.66757
1.66333
1.65908
1.6548
1.65052
1.64622
1.64191
1.63758
1.63324
1.62888
1.62451
1.62013
1.61573
1.61131
1.60689
1.60245
1.598
1.59353
1.58905
1.58455
1.58004
1.57552
1.57099
1.56644
1.56187
1.5573
1.55271
1.54811
1.54349
1.53886
1.53422
1.52956
1.52489
1.52021
1.51552
1.51081
1.50609
1.50136
1.49661
1.49185
1.48708
1.48229
1.4775
1.47269
1.46786
1.46303
1.45818
1.45332
1.44845
1.44357
1.43867
1.43376
1.42884
1.42391
1.41896
1.414
1.40903
1.40405
1.39906
1.39405
1.38904
1.38401
1.37897
1.37392
1.36885
1.36378
1.35869
1.35359
1.34848
1.34336
1.33823
1.33309
1.32793
1.32277
1.31759
1.3124
1.3072
1.30199
1.29677
1.29154
1.28629
1.28104
1.27578
1.2705
1.26522
1.25992
1.25461
1.2493
1.24397
1.23863
1.23328
1.22792
1.22255
1.21717
1.21179
1.20639
1.20098
1.19556
1.19013
1.18469
1.17924
1.17378
1.16831
1.16284
1.15735
1.15185
1.14634
1.14083
1.1353
1.12977
1.12422
1.11867
1.11311
1.10753
1.10195
1.09636
1.09076
1.08516
1.07954
1.07391
1.06828
1.06264
1.05698
1.05132
1.04565
1.03998
1.03429
1.0286
1.02289
1.01718
1.01146
1.00574
1
0.994256
0.988504
0.982745
0.976977
0.971201
0.965418
0.959627
0.953828
0.948021
0.942207
0.936385
0.930556
0.924719
0.918875
0.913024
0.907165
0.9013
0.895427
0.889546
0.883659
0.877765
0.871864
0.865956
0.860041
0.854119
0.848191
0.842256
0.836314
0.830366
0.824411
0.81845
0.812482
0.806508
0.800528
0.794542
0.788549
0.78255
0.776545
0.770535
0.764518
0.758495
0.752467
0.746432
0.740392
0.734347
0.728295
0.722238
0.716176
0.710108
0.704035
0.697956
0.691872
0.685783
0.679689
0.67359
0.667485
0.661376
0.655262
0.649142
0.643018
0.63689
0.630756
0.624618
0.618475
0.612328
0.606176
0.60002
0.593859
0.587694
0.581525
0.575351
0.569174
0.562992
0.556806
0.550617
0.544423
0.538226
0.532024
0.525819
0.519611
0.513398
0.507183
0.500963
0.49474
0.488514
0.482284
0.476051
0.469815
0.463576
0.457333
0.451088
0.444839
0.438588
0.432333
0.426076
0.419816
0.413554
0.407288
0.40102
0.39475
0.388477
0.382201
0.375924
0.369643
0.363361
0.357077
0.35079
0.344501
0.33821
0.331917
0.325623
0.319326
0.313028
0.306728
0.300426
0.294123
0.287818
0.281511
0.275203
0.268894
0.262583
0.256271
0.249958
0.243644
0.237329
0.231012
0.224695
0.218376
0.212057
0.205737
0.199416
0.193095
0.186772
0.18045
0.174126
0.167803
0.161478
0.155154
0.148829
0.142504
0.136179
0.129853
0.123528
0.117202
0.110877
0.104552
0.0982266
0.0919017
0.0855771
0.0792528
0.0729288
0.0666054
0.0602824
0.05396
0.0476382
0.0413172
0.0349968
0.0286772
0.0223585
0.0160407
0.0097239
0.00340809
0.00290664
0.00922023
0.0155326
0.0218438
0.0281536
0.0344621
0.0407691
0.0470747
0.0533787
0.0596811
0.0659819
0.072281
0.0785783
0.0848738
0.0911673
0.097459
0.103749
0.110036
0.116322
0.122605
0.128886
0.135165
0.141442
0.147716
0.153987
0.160257
0.166523
0.172787
0.179048
0.185307
0.191563
0.197816
0.204066
0.210313
0.216557
0.222798
0.229036
0.235271
0.241502
0.24773
0.253955
0.260176
0.266394
0.272609
0.27882
0.285027
0.29123
0.29743
0.303626
0.309818
0.316007
0.322191
0.328371
0.334547
0.340719
0.346887
0.353051
0.35921
0.365365
0.371516
0.377662
0.383803
0.38994
0.396073
0.4022
0.408323
0.414442
0.420555
0.426663
0.432767
0.438865
0.444959
0.451047
0.45713
0.463208
0.46928
0.475348
0.481409
0.487466
0.493517
0.499562
0.505602
0.511636
0.517664
0.523687
0.529704
0.535714
0.541719
0.547718
0.553711
0.559698
0.565679
0.571653
0.577621
0.583583
0.589539
0.595488
0.601431
0.607367
0.613297
0.619219
0.625136
0.631045
0.636948
0.642844
0.648733
0.654615
0.66049
0.666359
0.672219
0.678073
0.68392
0.689759
0.695591
0.701416
0.707234
0.713043
0.718846
0.724641
0.730428
0.736207
0.741979
0.747743
0.753499
0.759248
0.764988
0.770721
0.776445
0.782161
0.78787
0.79357
0.799261
0.804945
0.81062
0.816287
0.821946
0.827596
0.833237
0.83887
0.844494
0.85011
0.855717
0.861315
0.866904
0.872484
0.878056
0.883618
0.889172
0.894716
0.900251
0.905777
0.911294
0.916802
0.9223
0.927789
0.933269
0.938739
0.9442
0.949651
0.955092
0.960524
0.965946
0.971358
0.976761
0.982154
0.987536
0.992909
0.998272
1.00363
1.00897
1.0143
1.01962
1.02494
1.03024
1.03553
1.04081
1.04608
1.05134
1.05659
1.06183
1.06706
1.07228
1.07749
1.08268
1.08787
1.09304
1.09821
1.10336
1.10851
1.11364
1.11876
1.12387
1.12897
1.13405
1.13913
1.14419
1.14925
1.15429
1.15932
1.16434
1.16935
1.17434
1.17933
1.1843
1.18926
1.19421
1.19915
1.20408
1.20899
1.21389
1.21878
1.22366
1.22853
1.23338
1.23823
1.24306
1.24787
1.25268
1.25747
1.26226
1.26702
1.27178
1.27653
1.28126
1.28598
1.29068
1.29538
1.30006
1.30473
1.30939
1.31403
1.31866
1.32328
1.32788
1.33248
1.33705
1.34162
1.34617
1.35071
1.35524
1.35976
1.36426
1.36874
1.37322
1.37768
1.38213
1.38656
1.39098
1.39539
1.39979
1.40417
1.40853
1.41289
1.41723
1.42155
1.42586
1.43016
1.43445
1.43872
1.44298
1.44722
1.45145
1.45567
1.45987
1.46405
1.46823
1.47239
1.47653
1.48066
1.48478
1.48888
1.49297
1.49705
1.50111
1.50515
1.50918
1.5132
1.5172
1.52119
1.52516
1.52912
1.53306
1.53699
1.54091
1.54481
1.54869
1.55256
1.55642
1.56026
1.56408
1.56789
1.57169
1.57547
1.57924
1.58299
1.58672
1.59044
1.59415
1.59784
1.60151
1.60517
1.60882
1.61245
1.61606
1.61966
1.62324
1.62681
1.63036
1.6339
1.63742
1.64093
1.64442
1.64789
1.65135
1.65479
1.65822
1.66163
1.66503
1.66841
1.67178
1.67512
1.67846
1.68178
1.68508
1.68836
1.69163
1.69489
1.69812
1.70134
1.70455
1.70774
1.71091
1.71407
1.71721
1.72034
1.72344
1.72654
1.72961
1.73267
1.73572
1.73874
1.74175
1.74475
1.74773
1.75069
1.75363
1.75656
1.75947
1.76237
1.76525
1.76811
1.77095
1.77378
1.7766
1.77939
1.78217
1.78493
1.78768
1.79041
1.79312
1.79582
1.79849
1.80116
1.8038
1.80643
1.80904
1.81163
1.81421
1.81677
1.81931
1.82184
1.82435
1.82684
1.82932
1.83177
1.83421
1.83664
1.83904
1.84143
1.8438
1.84616
1.8485
1.85082
1.85312
1.85541
1.85767
1.85993
1.86216
1.86438
1.86658
1.86876
1.87092
1.87307
1.8752
1.87731
1.8794
1.88148
1.88354
1.88558
1.88761
1.88961
1.8916
1.89358
1.89553
1.89747
1.89938
1.90129
1.90317
1.90504
1.90688
1.90871
1.91053
1.91232
1.9141
1.91586
1.9176
1.91933
1.92103
1.92272
1.92439
1.92604
1.92768
1.9293
1.9309
1.93248
1.93404
1.93559
1.93711
1.93862
1.94012
1.94159
1.94305
1.94448
1.9459
1.94731
1.94869
1.95006
1.9514
1.95273
1.95405
1.95534
1.95662
1.95787
1.95911
1.96034
1.96154
1.96273
1.96389
1.96504
1.96617
1.96729
1.96838
1.96946
1.97052
1.97156
1.97258
1.97359
1.97457
1.97554
1.97649
1.97742
1.97834
1.97923
1.98011
1.98097
1.98181
1.98263
1.98343
1.98422
1.98499
1.98574
1.98647
1.98718
1.98788
1.98855
1.98921
1.98985
1.99048
1.99108
1.99166
1.99223
1.99278
1.99331
1.99382
1.99432
1.99479
1.99525
1.99569
1.99611
1.99651
1.9969
1.99727
1.99761
1.99794
1.99825
1.99855
1.99882
1.99908
1.99932
1.99954
1.99974
1.99992
2.00009
2.00024
2.00036
2.00047
2.00057
2.00064
2.0007
2.00073
2.00075
2.00075
2.00074
2.0007
2.00065
2.00058
2.00049
2.00038
2.00025
2.00011
1.99994
1.99976
1.99956
1.99935
1.99911
1.99886
1.99858
1.99829
1.99798
1.99766
1.99731
1.99695
1.99657
1.99617
1.99575
1.99532
1.99486
1.99439
1.9939
1.99339
1.99287
1.99232
1.99176
1.99118
1.99058
1.98997
1.98933
1.98868
1.98801
1.98732
1.98661
1.98589
1.98515
1.98439
1.98361
1.98281
1.982
1.98116
1.98031
1.97945
1.97856
1.97766
1.97673
1.97579
1.97484
1.97386
1.97287
1.97186
1.97083
1.96978
1.96872
1.96763
1.96653
1.96542
1.96428
1.96313
1.96196
1.96077
1.95956
1.95834
1.9571
1.95584
1.95456
1.95327
1.95195
1.95062
1.94928
1.94791
1.94653
1.94513
1.94371
1.94228
1.94083
1.93936
1.93787
1.93636
1.93484
1.9333
1.93175
1.93017
1.92858
1.92697
1.92534
1.9237
1.92204
1.92036
1.91867
1.91696
1.91523
1.91348
1.91172
1.90993
1.90814
1.90632
1.90449
1.90264
1.90077
1.89889
1.89699
1.89507
1.89314
1.89119
1.88922
1.88723
1.88523
1.88321
1.88118
1.87912
1.87705
1.87497
1.87286
1.87074
1.86861
1.86646
1.86429
1.8621
1.8599
1.85768
1.85544
1.85319
1.85092
1.84863
1.84633
1.84401
1.84168
1.83933
1.83696
1.83457
1.83217
1.82976
1.82732
1.82487
1.82241
1.81993
1.81743
1.81491
1.81238
1.80984
1.80727
1.8047
1.8021
1.79949
1.79686
1.79422
1.79156
1.78889
1.7862
1.78349
1.78077
1.77803
1.77528
1.77251
1.76972
1.76692
1.76411
1.76128
1.75843
1.75556
1.75269
1.74979
1.74688
1.74396
1.74102
1.73806
1.73509
1.7321
1.7291
1.72608
1.72305
1.72
1.71694
1.71386
1.71077
1.70766
1.70454
1.7014
1.69825
1.69508
1.6919
1.6887
1.68548
1.68226
1.67901
1.67576
1.67248
1.6692
1.6659
1.66258
1.65925
1.6559
1.65254
1.64917
1.64578
1.64238
1.63896
1.63553
1.63208
1.62862
1.62514
1.62165
1.61815
1.61463
1.6111
1.60755
1.60399
1.60042
1.59683
1.59323
1.58961
1.58598
1.58234
1.57868
1.57501
1.57132
1.56763
1.56391
1.56019
1.55645
1.55269
1.54893
1.54514
1.54135
1.53754
1.53372
1.52989
1.52604
1.52218
1.5183
1.51442
1.51052
1.5066
1.50268
1.49874
1.49478
1.49082
1.48684
1.48285
1.47884
1.47482
1.47079
1.46675
1.46269
1.45863
1.45454
1.45045
1.44634
1.44223
1.43809
1.43395
1.42979
1.42563
1.42145
1.41725
1.41305
1.40883
1.4046
1.40036
1.3961
1.39184
1.38756
1.38327
1.37897
1.37465
1.37033
1.36599
1.36164
1.35728
1.35291
1.34852
1.34413
1.33972
1.3353
1.33087
1.32643
1.32198
1.31751
1.31304
1.30855
1.30405
1.29954
1.29502
1.29049
1.28595
1.28139
1.27683
1.27225
1.26767
1.26307
1.25846
1.25384
1.24922
1.24458
1.23992
1.23526
1.23059
1.22591
1.22122
1.21651
1.2118
1.20708
1.20234
1.1976
1.19285
1.18808
1.18331
1.17852
1.17373
1.16892
1.16411
1.15929
1.15445
1.14961
1.14476
1.13989
1.13502
1.13014
1.12525
1.12035
1.11544
1.11052
1.10559
1.10065
1.0957
1.09074
1.08578
1.0808
1.07582
1.07083
1.06582
1.06081
1.05579
1.05076
1.04573
1.04068
1.03562
1.03056
1.02549
1.02041
1.01532
1.01022
1.00511
1
0.994877
0.989746
0.984607
0.97946
0.974304
0.969141
0.963969
0.95879
0.953602
0.948407
0.943204
0.937993
0.932775
0.927548
0.922315
0.917073
0.911824
0.906568
0.901304
0.896033
0.890754
0.885468
0.880175
0.874875
0.869568
0.864253
0.858932
0.853603
0.848268
0.842925
0.837576
0.83222
0.826858
0.821488
0.816112
0.81073
0.805341
0.799945
0.794543
0.789135
0.78372
0.778299
0.772872
0.767439
0.761999
0.756553
0.751102
0.745644
0.74018
0.734711
0.729236
0.723755
0.718268
0.712775
0.707277
0.701774
0.696264
0.69075
0.68523
0.679704
0.674174
0.668637
0.663096
0.65755
0.651998
0.646442
0.64088
0.635313
0.629742
0.624166
0.618585
0.612999
0.607408
0.601813
0.596213
0.590609
0.585
0.579386
0.573769
0.568146
0.56252
0.55689
0.551255
0.545616
0.539973
0.534326
0.528675
0.52302
0.517361
0.511699
0.506032
0.500362
0.494688
0.489011
0.48333
0.477645
0.471958
0.466266
0.460572
0.454874
0.449172
0.443468
0.437761
0.43205
0.426336
0.42062
0.4149
0.409178
0.403452
0.397724
0.391994
0.38626
0.380524
0.374785
0.369044
0.363301
0.357555
0.351806
0.346056
0.340303
0.334548
0.32879
0.323031
0.31727
0.311506
0.305741
0.299974
0.294205
0.288434
0.282662
0.276888
0.271112
0.265335
0.259556
0.253776
0.247994
0.242211
0.236427
0.230641
0.224854
0.219066
0.213277
0.207487
0.201696
0.195905
0.190112
0.184318
0.178524
0.172729
0.166933
0.161137
0.15534
0.149542
0.143744
0.137946
0.132147
0.126348
0.120549
0.11475
0.10895
0.103151
0.0973513
0.0915517
0.0857522
0.0799529
0.0741537
0.0683547
0.0625561
0.0567578
0.0509598
0.0451624
0.0393654
0.0335689
0.0277731
0.021978
0.0161835
0.0103898
0.00459691
0.0011951
0.0069862
0.0127763
0.0185654
0.0243535
0.0301403
0.0359261
0.0417105
0.0474937
0.0532756
0.059056
0.064835
0.0706126
0.0763885
0.0821629
0.0879356
0.0937066
0.0994759
0.105243
0.111009
0.116773
0.122534
0.128294
0.134052
0.139807
0.14556
0.151311
0.15706
0.162807
0.168551
0.174292
0.180032
0.185768
0.191502
0.197234
0.202962
0.208688
0.214411
0.220132
0.225849
0.231564
0.237275
0.242983
0.248689
0.254391
0.26009
0.265785
0.271478
0.277167
0.282852
0.288534
0.294213
0.299888
0.305559
0.311227
0.316891
0.322551
0.328208
0.33386
0.339509
0.345154
0.350794
0.356431
0.362063
0.367691
0.373315
0.378935
0.38455
0.390161
0.395768
0.40137
0.406968
0.412561
0.418149
0.423733
0.429311
0.434886
0.440455
0.446019
0.451579
0.457133
0.462683
0.468227
0.473767
0.479301
0.484829
0.490353
0.495871
0.501384
0.506892
0.512394
0.51789
0.523381
0.528866
0.534346
0.53982
0.545288
0.55075
0.556206
0.561657
0.567101
0.57254
0.577972
0.583398
0.588819
0.594232
0.59964
0.605041
0.610437
0.615825
0.621207
0.626583
0.631952
0.637315
0.64267
0.64802
0.653362
0.658698
0.664027
0.669349
0.674664
0.679972
0.685273
0.690567
0.695854
0.701133
0.706406
0.711671
0.716929
0.722179
0.727423
0.732658
0.737887
0.743107
0.74832
0.753526
0.758724
0.763914
0.769096
0.774271
0.779437
0.784596
0.789747
0.79489
0.800024
0.805151
0.81027
0.81538
0.820482
0.825576
0.830661
0.835739
0.840807
0.845868
0.85092
0.855963
0.860998
0.866024
0.871041
0.87605
0.88105
0.886041
0.891023
0.895997
0.900961
0.905917
0.910863
0.915801
0.920729
0.925648
0.930558
0.935459
0.94035
0.945232
0.950105
0.954968
0.959822
0.964666
0.969501
0.974326
0.979142
0.983948
0.988744
0.993531
0.998307
1.00307
1.00783
1.01258
1.01732
1.02204
1.02676
1.03147
1.03616
1.04085
1.04553
1.05019
1.05485
1.05949
1.06413
1.06875
1.07337
1.07797
1.08257
1.08715
1.09172
1.09628
1.10083
1.10537
1.1099
1.11442
1.11893
1.12342
1.12791
1.13238
1.13685
1.1413
1.14574
1.15017
1.15459
1.159
1.1634
1.16778
1.17216
1.17652
1.18087
1.18521
1.18954
1.19386
1.19816
1.20246
1.20674
1.21101
1.21527
1.21952
1.22375
1.22798
1.23219
1.23639
1.24058
1.24475
1.24892
1.25307
1.25721
1.26134
1.26545
1.26956
1.27365
1.27773
1.28179
1.28585
1.28989
1.29392
1.29794
1.30194
1.30594
1.30992
1.31388
1.31784
1.32178
1.32571
1.32963
1.33353
1.33742
1.3413
1.34517
1.34902
1.35286
1.35669
1.3605
1.3643
1.36809
1.37187
1.37563
1.37938
1.38311
1.38684
1.39055
1.39424
1.39792
1.40159
1.40525
1.40889
1.41252
1.41614
1.41974
1.42333
1.42691
1.43047
1.43402
1.43755
1.44107
1.44458
1.44807
1.45155
1.45502
1.45847
1.46191
1.46534
1.46875
1.47215
1.47553
1.4789
1.48225
1.48559
1.48892
1.49223
1.49553
1.49882
1.50209
1.50535
1.50859
1.51182
1.51503
1.51823
1.52141
1.52458
1.52774
1.53088
1.53401
1.53712
1.54022
1.54331
1.54638
1.54943
1.55247
1.5555
1.55851
1.5615
1.56449
1.56745
1.5704
1.57334
1.57626
1.57917
1.58207
1.58494
1.58781
1.59066
1.59349
1.59631
1.59911
1.6019
1.60467
1.60743
1.61017
1.6129
1.61562
1.61831
1.621
1.62366
1.62632
1.62895
1.63158
1.63418
1.63677
1.63935
1.64191
1.64446
1.64699
1.6495
1.652
1.65448
1.65695
1.65941
1.66184
1.66426
1.66667
1.66906
1.67144
1.6738
1.67614
1.67847
1.68078
1.68308
1.68536
1.68763
1.68987
1.69211
1.69433
1.69653
1.69872
1.70089
1.70304
1.70518
1.70731
1.70941
1.7115
1.71358
1.71564
1.71768
1.71971
1.72172
1.72372
1.7257
1.72766
1.72961
1.73154
1.73346
1.73536
1.73724
1.73911
1.74096
1.74279
1.74461
1.74641
1.7482
1.74997
1.75173
1.75346
1.75518
1.75689
1.75858
1.76025
1.76191
1.76355
1.76517
1.76678
1.76837
1.76995
1.7715
1.77305
1.77457
1.77608
1.77757
1.77905
1.78051
1.78195
1.78338
1.78479
1.78618
1.78756
1.78892
1.79027
1.79159
1.79291
1.7942
1.79548
1.79674
1.79799
1.79921
1.80043
1.80162
1.8028
1.80396
1.80511
1.80624
1.80735
1.80845
1.80952
1.81059
1.81163
1.81266
1.81367
1.81467
1.81565
1.81661
1.81756
1.81848
1.8194
1.82029
1.82117
1.82203
1.82288
1.82371
1.82452
1.82531
1.82609
1.82685
1.8276
1.82832
1.82904
1.82973
1.83041
1.83107
1.83171
1.83234
1.83295
1.83354
1.83412
1.83468
1.83522
1.83575
1.83626
1.83675
1.83723
1.83769
1.83813
1.83855
1.83896
1.83935
1.83973
1.84009
1.84043
1.84075
1.84106
1.84135
1.84162
1.84188
1.84212
1.84234
1.84255
1.84274
1.84291
1.84307
1.84321
1.84333
1.84344
1.84353
1.8436
1.84365
1.84369
1.84371
1.84372
1.84371
1.84368
1.84363
1.84357
1.84349
1.84339
1.84328
1.84315
1.843
1.84284
1.84266
1.84246
1.84225
1.84202
1.84177
1.84151
1.84123
1.84093
1.84062
1.84028
1.83994
1.83957
1.83919
1.83879
1.83838
1.83795
1.8375
1.83704
1.83655
1.83606
1.83554
1.83501
1.83446
1.8339
1.83332
1.83272
1.83211
1.83147
1.83083
1.83016
1.82948
1.82878
1.82807
1.82734
1.82659
1.82583
1.82505
1.82425
1.82344
1.82261
1.82176
1.8209
1.82002
1.81913
1.81821
1.81728
1.81634
1.81538
1.8144
1.81341
1.8124
1.81137
1.81033
1.80927
1.80819
1.8071
1.80599
1.80486
1.80372
1.80257
1.80139
1.8002
1.799
1.79777
1.79653
1.79528
1.79401
1.79272
1.79142
1.7901
1.78876
1.78741
1.78604
1.78466
1.78326
1.78184
1.78041
1.77896
1.7775
1.77602
1.77452
1.77301
1.77148
1.76994
1.76838
1.7668
1.76521
1.7636
1.76198
1.76034
1.75869
1.75701
1.75533
1.75363
1.75191
1.75017
1.74842
1.74666
1.74488
1.74308
1.74127
1.73944
1.7376
1.73574
1.73387
1.73198
1.73007
1.72815
1.72621
1.72426
1.72229
1.72031
1.71831
1.7163
1.71427
1.71223
1.71017
1.70809
1.706
1.7039
1.70178
1.69964
1.69749
1.69532
1.69314
1.69095
1.68873
1.68651
1.68427
1.68201
1.67974
1.67745
1.67515
1.67283
1.6705
1.66816
1.66579
1.66342
1.66103
1.65862
1.6562
1.65377
1.65132
1.64885
1.64637
1.64388
1.64137
1.63885
1.63631
1.63376
1.63119
1.62861
1.62601
1.6234
1.62078
1.61814
1.61549
1.61282
1.61014
1.60744
1.60473
1.60201
1.59927
1.59651
1.59375
1.59096
1.58817
1.58536
1.58254
1.5797
1.57685
1.57398
1.5711
1.56821
1.5653
1.56238
1.55944
1.5565
1.55353
1.55056
1.54757
1.54456
1.54155
1.53851
1.53547
1.53241
1.52934
1.52626
1.52316
1.52004
1.51692
1.51378
1.51063
1.50746
1.50428
1.50109
1.49789
1.49467
1.49144
1.48819
1.48493
1.48166
1.47838
1.47508
1.47177
1.46845
1.46511
1.46177
1.4584
1.45503
1.45164
1.44824
1.44483
1.44141
1.43797
1.43452
1.43105
1.42758
1.42409
1.42059
1.41708
1.41355
1.41001
1.40646
1.4029
1.39933
1.39574
1.39214
1.38853
1.38491
1.38127
1.37762
1.37396
1.37029
1.36661
1.36291
1.35921
1.35549
1.35175
1.34801
1.34426
1.34049
1.33671
1.33292
1.32912
1.32531
1.32149
1.31765
1.3138
1.30994
1.30607
1.30219
1.2983
1.29439
1.29048
1.28655
1.28262
1.27867
1.27471
1.27074
1.26675
1.26276
1.25876
1.25474
1.25072
1.24668
1.24263
1.23858
1.23451
1.23043
1.22634
1.22224
1.21813
1.214
1.20987
1.20573
1.20158
1.19741
1.19324
1.18906
1.18486
1.18066
1.17644
1.17222
1.16798
1.16374
1.15948
1.15522
1.15094
1.14666
1.14237
1.13806
1.13375
1.12942
1.12509
1.12075
1.1164
1.11203
1.10766
1.10328
1.09889
1.09449
1.09008
1.08566
1.08124
1.0768
1.07235
1.0679
1.06343
1.05896
1.05448
1.04999
1.04549
1.04098
1.03646
1.03193
1.0274
1.02285
1.0183
1.01374
1.00917
1.00459
1
0.995404
0.9908
0.986188
0.981567
0.976938
0.9723
0.967655
0.963001
0.958339
0.953669
0.948991
0.944305
0.939611
0.934909
0.9302
0.925482
0.920757
0.916024
0.911284
0.906535
0.90178
0.897016
0.892245
0.887467
0.882681
0.877888
0.873088
0.86828
0.863465
0.858643
0.853814
0.848978
0.844134
0.839284
0.834427
0.829562
0.824691
0.819813
0.814929
0.810037
0.805139
0.800234
0.795323
0.790405
0.785481
0.78055
0.775613
0.770669
0.765719
0.760763
0.7558
0.750832
0.745857
0.740876
0.735889
0.730896
0.725897
0.720892
0.715882
0.710865
0.705843
0.700815
0.695781
0.690742
0.685697
0.680647
0.675591
0.67053
0.665463
0.660391
0.655314
0.650231
0.645144
0.640051
0.634953
0.62985
0.624741
0.619628
0.61451
0.609387
0.60426
0.599127
0.59399
0.588848
0.583702
0.57855
0.573395
0.568235
0.56307
0.557901
0.552728
0.54755
0.542368
0.537182
0.531991
0.526797
0.521599
0.516396
0.51119
0.505979
0.500765
0.495547
0.490325
0.485099
0.47987
0.474637
0.469401
0.464161
0.458917
0.45367
0.44842
0.443166
0.437909
0.432649
0.427385
0.422119
0.416849
0.411576
0.406301
0.401022
0.39574
0.390456
0.385169
0.379879
0.374586
0.36929
0.363992
0.358692
0.353389
0.348083
0.342775
0.337464
0.332152
0.326837
0.32152
0.3162
0.310879
0.305555
0.300229
0.294902
0.289572
0.284241
0.278907
0.273572
0.268235
0.262897
0.257557
0.252215
0.246872
0.241527
0.236181
0.230833
0.225484
0.220134
0.214782
0.209429
0.204075
0.19872
0.193364
0.188007
0.182649
0.17729
0.171931
0.16657
0.161209
0.155846
0.150484
0.14512
0.139756
0.134392
0.129027
0.123662
0.118296
0.11293
0.107564
0.102197
0.0968304
0.0914636
0.0860967
0.0807297
0.0753628
0.0699959
0.0646292
0.0592626
0.0538963
0.0485302
0.0431644
0.037799
0.032434
0.0270694
0.0217054
0.0163419
0.010979
0.00561681
0.000255292
0.00510548
0.0104654
0.0158246
0.0211828
0.0265401
0.0318963
0.0372516
0.0426057
0.0479587
0.0533105
0.0586611
0.0640104
0.0693584
0.0747049
0.0800501
0.0853937
0.0907359
0.0960764
0.101415
0.106753
0.112088
0.117422
0.122754
0.128084
0.133412
0.138738
0.144062
0.149385
0.154705
0.160022
0.165338
0.170652
0.175963
0.181271
0.186578
0.191882
0.197183
0.202482
0.207778
0.213072
0.218363
0.223651
0.228937
0.234219
0.239499
0.244776
0.25005
0.255321
0.260588
0.265853
0.271114
0.276373
0.281628
0.28688
0.292128
0.297373
0.302615
0.307853
0.313087
0.318318
0.323545
0.328769
0.333989
0.339205
0.344417
0.349626
0.35483
0.360031
0.365227
0.37042
0.375608
0.380792
0.385972
0.391148
0.39632
0.401487
0.40665
0.411808
0.416962
0.422111
0.427256
0.432396
0.437532
0.442663
0.447789
0.45291
0.458026
0.463138
0.468245
0.473346
0.478443
0.483534
0.488621
0.493702
0.498778
0.503849
0.508914
0.513975
0.519029
0.524079
0.529122
0.534161
0.539193
0.544221
0.549242
0.554258
0.559268
0.564272
0.56927
0.574263
0.579249
0.58423
0.589205
0.594173
0.599135
0.604092
0.609042
0.613985
0.618923
0.623854
0.628779
0.633697
0.638609
0.643515
0.648414
0.653306
0.658192
0.66307
0.667943
0.672808
0.677667
0.682519
0.687364
0.692202
0.697033
0.701857
0.706674
0.711483
0.716286
0.721081
0.72587
0.730651
0.735424
0.74019
0.744949
0.749701
0.754444
0.759181
0.76391
0.768631
0.773344
0.77805
0.782748
0.787438
0.792121
0.796795
0.801462
0.806121
0.810771
0.815414
0.820048
0.824675
0.829293
0.833903
0.838505
0.843099
0.847684
0.852261
0.856829
0.861389
0.865941
0.870484
0.875019
0.879544
0.884062
0.88857
0.89307
0.897561
0.902043
0.906517
0.910981
0.915437
0.919884
0.924321
0.92875
0.933169
0.93758
0.941981
0.946373
0.950756
0.955129
0.959494
0.963848
0.968194
0.97253
0.976857
0.981174
0.985481
0.989779
0.994068
0.998346
1.00262
1.00687
1.01112
1.01536
1.01959
1.02381
1.02802
1.03222
1.03641
1.04059
1.04476
1.04892
1.05307
1.05721
1.06134
1.06546
1.06957
1.07367
1.07776
1.08184
1.0859
1.08996
1.09401
1.09804
1.10207
1.10608
1.11009
1.11408
1.11806
1.12204
1.126
1.12995
1.13389
1.13782
1.14173
1.14564
1.14954
1.15342
1.15729
1.16116
1.16501
1.16885
1.17268
1.1765
1.1803
1.1841
1.18788
1.19166
1.19542
1.19917
1.20291
1.20663
1.21035
1.21405
1.21775
1.22143
1.2251
1.22875
1.2324
1.23603
1.23966
1.24327
1.24686
1.25045
1.25403
1.25759
1.26114
1.26468
1.26821
1.27172
1.27522
1.27872
1.28219
1.28566
1.28912
1.29256
1.29599
1.2994
1.30281
1.3062
1.30958
1.31295
1.31631
1.31965
1.32298
1.3263
1.32961
1.3329
1.33618
1.33945
1.3427
1.34595
1.34918
1.35239
1.3556
1.35879
1.36197
1.36513
1.36829
1.37143
1.37455
1.37767
1.38077
1.38386
1.38693
1.38999
1.39304
1.39608
1.3991
1.40211
1.40511
1.40809
1.41106
1.41402
1.41696
1.41989
1.42281
1.42571
1.4286
1.43148
1.43434
1.43719
1.44003
1.44285
1.44566
1.44845
1.45124
1.454
1.45676
1.4595
1.46223
1.46494
1.46764
1.47033
1.473
1.47566
1.4783
1.48093
1.48355
1.48615
1.48874
1.49132
1.49388
1.49643
1.49896
1.50148
1.50399
1.50648
1.50895
1.51142
1.51387
1.5163
1.51872
1.52113
1.52352
1.5259
1.52826
1.53061
1.53295
1.53527
1.53758
1.53987
1.54215
1.54441
1.54666
1.5489
1.55112
1.55332
1.55551
1.55769
1.55985
1.562
1.56414
1.56625
1.56836
1.57045
1.57252
1.57458
1.57663
1.57866
1.58068
1.58268
1.58467
1.58664
1.5886
1.59054
1.59247
1.59438
1.59628
1.59817
1.60004
1.60189
1.60373
1.60555
1.60736
1.60916
1.61094
1.6127
1.61445
1.61619
1.61791
1.61961
1.62131
1.62298
1.62464
1.62629
1.62792
1.62953
1.63113
1.63272
1.63428
1.63584
1.63738
1.6389
1.64041
1.64191
1.64339
1.64485
1.6463
1.64773
1.64915
1.65055
1.65194
1.65331
1.65467
1.65601
1.65734
1.65865
1.65994
1.66122
1.66249
1.66374
1.66497
1.66619
1.6674
1.66859
1.66976
1.67092
1.67206
1.67319
1.6743
1.6754
1.67648
1.67754
1.67859
1.67963
1.68064
1.68165
1.68264
1.68361
1.68457
1.68551
1.68643
1.68734
1.68824
1.68912
1.68998
1.69083
1.69167
1.69248
1.69328
1.69407
1.69484
1.6956
1.69634
1.69706
1.69777
1.69846
1.69914
1.6998
1.70045
1.70108
1.70169
1.70229
1.70288
1.70345
1.704
1.70454
1.70506
1.70556
1.70605
1.70653
1.70699
1.70743
1.70786
1.70827
1.70867
1.70905
1.70941
1.70976
1.7101
1.71042
1.71072
1.71101
1.71128
1.71153
1.71177
1.712
1.71221
1.7124
1.71258
1.71274
1.71289
1.71302
1.71313
1.71323
1.71331
1.71338
1.71343
1.71347
1.71349
1.7135
1.71349
1.71346
1.71342
1.71336
1.71329
1.7132
1.7131
1.71298
1.71285
1.7127
1.71253
1.71235
1.71215
1.71194
1.71171
1.71147
1.71121
1.71093
1.71064
1.71033
1.71001
1.70967
1.70932
1.70895
1.70857
1.70817
1.70775
1.70732
1.70688
1.70642
1.70594
1.70545
1.70494
1.70441
1.70388
1.70332
1.70275
1.70217
1.70157
1.70095
1.70032
1.69967
1.69901
1.69833
1.69764
1.69693
1.6962
1.69546
1.69471
1.69394
1.69315
1.69235
1.69154
1.69071
1.68986
1.689
1.68812
1.68723
1.68632
1.6854
1.68446
1.6835
1.68254
1.68155
1.68055
1.67954
1.67851
1.67746
1.6764
1.67533
1.67424
1.67313
1.67201
1.67088
1.66973
1.66856
1.66738
1.66618
1.66497
1.66375
1.66251
1.66125
1.65998
1.65869
1.65739
1.65608
1.65475
1.6534
1.65204
1.65067
1.64928
1.64787
1.64645
1.64502
1.64357
1.6421
1.64062
1.63913
1.63762
1.6361
1.63456
1.63301
1.63144
1.62986
1.62826
1.62665
1.62502
1.62338
1.62173
1.62006
1.61837
1.61667
1.61496
1.61323
1.61149
1.60973
1.60796
1.60618
1.60438
1.60256
1.60073
1.59889
1.59703
1.59516
1.59327
1.59137
1.58946
1.58753
1.58559
1.58363
1.58166
1.57967
1.57767
1.57566
1.57363
1.57159
1.56953
1.56746
1.56538
1.56328
1.56117
1.55904
1.5569
1.55475
1.55258
1.5504
1.5482
1.54599
1.54377
1.54153
1.53928
1.53702
1.53474
1.53245
1.53014
1.52782
1.52549
1.52314
1.52078
1.51841
1.51602
1.51362
1.51121
1.50878
1.50634
1.50388
1.50142
1.49893
1.49644
1.49393
1.49141
1.48888
1.48633
1.48377
1.48119
1.47861
1.47601
1.47339
1.47077
1.46813
1.46547
1.46281
1.46013
1.45744
1.45473
1.45201
1.44928
1.44654
1.44378
1.44102
1.43823
1.43544
1.43263
1.42981
1.42698
1.42413
1.42128
1.41841
1.41552
1.41263
1.40972
1.4068
1.40387
1.40092
1.39796
1.39499
1.39201
1.38902
1.38601
1.38299
1.37996
1.37692
1.37386
1.37079
1.36771
1.36462
1.36152
1.3584
1.35527
1.35213
1.34898
1.34582
1.34264
1.33945
1.33625
1.33304
1.32982
1.32659
1.32334
1.32008
1.31681
1.31353
1.31024
1.30693
1.30362
1.30029
1.29695
1.2936
1.29024
1.28687
1.28349
1.28009
1.27668
1.27327
1.26984
1.2664
1.26295
1.25949
1.25601
1.25253
1.24903
1.24553
1.24201
1.23848
1.23494
1.2314
1.22784
1.22426
1.22068
1.21709
1.21349
1.20987
1.20625
1.20262
1.19897
1.19532
1.19165
1.18797
1.18429
1.18059
1.17688
1.17317
1.16944
1.1657
1.16195
1.15819
1.15443
1.15065
1.14686
1.14306
1.13925
1.13544
1.13161
1.12777
1.12392
1.12007
1.1162
1.11232
1.10844
1.10454
1.10063
1.09672
1.0928
1.08886
1.08492
1.08097
1.077
1.07303
1.06905
1.06506
1.06106
1.05705
1.05304
1.04901
1.04498
1.04093
1.03688
1.03282
1.02874
1.02466
1.02058
1.01648
1.01237
1.00826
1.00413
1
0.995859
0.99171
0.987552
0.983385
0.97921
0.975027
0.970835
0.966635
0.962427
0.958211
0.953986
0.949753
0.945512
0.941263
0.937006
0.932741
0.928468
0.924187
0.919899
0.915602
0.911298
0.906986
0.902666
0.898338
0.894003
0.88966
0.88531
0.880952
0.876587
0.872214
0.867834
0.863447
0.859052
0.85465
0.850241
0.845824
0.841401
0.83697
0.832532
0.828088
0.823636
0.819177
0.814712
0.810239
0.80576
0.801274
0.796781
0.792282
0.787776
0.783263
0.778744
0.774218
0.769686
0.765147
0.760602
0.756051
0.751493
0.746929
0.742359
0.737783
0.7332
0.728612
0.724017
0.719416
0.71481
0.710197
0.705578
0.700954
0.696324
0.691688
0.687047
0.682399
0.677747
0.673088
0.668424
0.663755
0.65908
0.6544
0.649714
0.645023
0.640327
0.635625
0.630918
0.626206
0.621489
0.616767
0.61204
0.607308
0.602571
0.597829
0.593083
0.588331
0.583575
0.578814
0.574048
0.569278
0.564503
0.559724
0.55494
0.550152
0.545359
0.540562
0.535761
0.530955
0.526145
0.521331
0.516513
0.51169
0.506864
0.502034
0.497199
0.492361
0.487519
0.482673
0.477823
0.47297
0.468113
0.463252
0.458388
0.45352
0.448648
0.443773
0.438895
0.434013
0.429128
0.42424
0.419348
0.414454
0.409556
0.404655
0.39975
0.394843
0.389933
0.38502
0.380104
0.375185
0.370264
0.36534
0.360413
0.355483
0.350551
0.345616
0.340678
0.335738
0.330796
0.325852
0.320905
0.315955
0.311004
0.30605
0.301094
0.296136
0.291176
0.286214
0.28125
0.276284
0.271316
0.266346
0.261374
0.256401
0.251426
0.246449
0.241471
0.236491
0.23151
0.226527
0.221543
0.216557
0.21157
0.206582
0.201592
0.196601
0.191609
0.186616
0.181622
0.176627
0.171631
0.166634
0.161636
0.156637
0.151638
0.146637
0.141636
0.136635
0.131633
0.12663
0.121626
0.116623
0.111618
0.106614
0.101609
0.0966034
0.0915979
0.0865921
0.0815863
0.0765803
0.0715742
0.0665682
0.0615621
0.0565562
0.0515503
0.0465447
0.0415392
0.036534
0.0315291
0.0265245
0.0215203
0.0165166
0.0115133
0.00651062
0.00150847
0.00349307
0.00849393
0.0134941
0.0184935
0.0234921
0.0284898
0.0334867
0.0384826
0.0434776
0.0484715
0.0534643
0.058456
0.0634466
0.068436
0.073424
0.0784108
0.0833963
0.0883804
0.093363
0.0983441
0.103324
0.108302
0.113278
0.118253
0.123226
0.128197
0.133167
0.138135
0.1431
0.148064
0.153026
0.157986
0.162944
0.167899
0.172853
0.177804
0.182753
0.1877
0.192645
0.197587
0.202526
0.207463
0.212398
0.21733
0.22226
0.227187
0.232111
0.237032
0.241951
0.246867
0.25178
0.25669
0.261597
0.266501
0.271402
0.2763
0.281195
0.286086
0.290975
0.29586
0.300741
0.30562
0.310495
0.315367
0.320235
0.325099
0.32996
0.334818
0.339671
0.344522
0.349368
0.35421
0.359049
0.363884
0.368715
0.373541
0.378364
0.383183
0.387998
0.392808
0.397615
0.402417
0.407215
0.412008
0.416797
0.421582
0.426363
0.431138
0.43591
0.440677
0.445439
0.450196
0.454949
0.459697
0.46444
0.469179
0.473912
0.478641
0.483365
0.488083
0.492797
0.497506
0.502209
0.506907
0.5116
0.516288
0.520971
0.525648
0.53032
0.534986
0.539647
0.544302
0.548952
0.553596
0.558235
0.562868
0.567495
0.572117
0.576733
0.581342
0.585946
0.590545
0.595137
0.599723
0.604303
0.608877
0.613445
0.618006
0.622562
0.627111
0.631654
0.636191
0.640721
0.645245
0.649762
0.654273
0.658778
0.663276
0.667767
0.672252
0.676729
0.681201
0.685665
0.690123
0.694573
0.699017
0.703454
0.707884
0.712307
0.716723
0.721132
0.725533
0.729928
0.734315
0.738695
0.743068
0.747434
0.751792
0.756143
0.760486
0.764822
0.76915
0.773471
0.777784
0.782089
0.786387
0.790677
0.79496
0.799234
0.803501
0.80776
0.812011
0.816254
0.82049
0.824717
0.828936
0.833147
0.83735
0.841545
0.845731
0.849909
0.854079
0.858241
0.862395
0.86654
0.870676
0.874804
0.878924
0.883035
0.887138
0.891232
0.895317
0.899394
0.903462
0.907521
0.911571
0.915613
0.919646
0.92367
0.927685
0.931691
0.935688
0.939676
0.943655
0.947625
0.951585
0.955537
0.959479
0.963412
0.967336
0.971251
0.975156
0.979052
0.982938
0.986815
0.990683
0.994541
0.998389
1.00223
1.00606
1.00988
1.01369
1.01749
1.02128
1.02506
1.02883
1.03259
1.03634
1.04008
1.04381
1.04753
1.05125
1.05495
1.05864
1.06232
1.06599
1.06965
1.0733
1.07694
1.08057
1.08419
1.0878
1.0914
1.09499
1.09857
1.10213
1.10569
1.10924
1.11277
1.1163
1.11982
1.12332
1.12681
1.1303
1.13377
1.13723
1.14068
1.14412
1.14755
1.15097
1.15437
1.15777
1.16116
1.16453
1.16789
1.17125
1.17459
1.17792
1.18124
1.18454
1.18784
1.19112
1.1944
1.19766
1.20091
1.20415
1.20738
1.2106
1.2138
1.217
1.22018
1.22335
1.22651
1.22966
1.2328
1.23592
1.23903
1.24214
1.24523
1.2483
1.25137
1.25443
1.25747
1.2605
1.26352
1.26652
1.26952
1.2725
1.27547
1.27843
1.28138
1.28432
1.28724
1.29015
1.29305
1.29594
1.29881
1.30167
1.30452
1.30736
1.31019
1.313
1.3158
1.31859
1.32137
1.32413
1.32688
1.32962
1.33235
1.33506
1.33777
1.34046
1.34313
1.3458
1.34845
1.35109
1.35371
1.35633
1.35893
1.36152
1.36409
1.36665
1.3692
1.37174
1.37426
1.37678
1.37927
1.38176
1.38423
1.38669
1.38914
1.39157
1.394
1.3964
1.3988
1.40118
1.40355
1.4059
1.40825
1.41058
1.41289
1.4152
1.41749
1.41976
1.42203
1.42428
1.42651
1.42874
1.43095
1.43315
1.43533
1.4375
1.43966
1.4418
1.44393
1.44605
1.44815
1.45024
1.45232
1.45438
1.45643
1.45847
1.46049
1.4625
1.46449
1.46648
1.46844
1.4704
1.47234
1.47427
1.47618
1.47808
1.47997
1.48184
1.4837
1.48554
1.48737
1.48919
1.49099
1.49278
1.49456
1.49632
1.49807
1.4998
1.50152
1.50323
1.50492
1.5066
1.50827
1.50992
1.51156
1.51318
1.51479
1.51638
1.51796
1.51953
1.52108
1.52262
1.52415
1.52566
1.52715
1.52863
1.5301
1.53156
1.533
1.53442
1.53583
1.53723
1.53862
1.53998
1.54134
1.54268
1.54401
1.54532
1.54662
1.5479
1.54917
1.55042
1.55167
1.55289
1.5541
1.5553
1.55649
1.55766
1.55881
1.55995
1.56108
1.56219
1.56329
1.56437
1.56544
1.56649
1.56753
1.56856
1.56957
1.57057
1.57155
1.57251
1.57347
1.57441
1.57533
1.57624
1.57714
1.57802
1.57888
1.57974
1.58057
1.5814
1.5822
1.583
1.58378
1.58454
1.58529
1.58603
1.58675
1.58746
1.58815
1.58882
1.58949
1.59014
1.59077
1.59139
1.59199
1.59258
1.59316
1.59372
1.59427
1.5948
1.59531
1.59582
1.5963
1.59678
1.59724
1.59768
1.59811
1.59852
1.59892
1.59931
1.59968
1.60004
1.60038
1.6007
1.60102
1.60131
1.6016
1.60187
1.60212
1.60236
1.60258
1.60279
1.60299
1.60317
1.60333
1.60349
1.60362
1.60374
1.60385
1.60394
1.60402
1.60409
1.60413
1.60417
1.60419
1.60419
1.60418
1.60416
1.60412
1.60407
1.604
1.60392
1.60382
1.60371
1.60358
1.60344
1.60328
1.60311
1.60293
1.60273
1.60251
1.60228
1.60204
1.60178
1.60151
1.60122
1.60092
1.6006
1.60027
1.59993
1.59957
1.59919
1.5988
1.5984
1.59798
1.59755
1.5971
1.59664
1.59617
1.59568
1.59517
1.59465
1.59412
1.59357
1.59301
1.59243
1.59184
1.59123
1.59061
1.58997
1.58932
1.58866
1.58798
1.58729
1.58658
1.58586
1.58512
1.58437
1.58361
1.58283
1.58204
1.58123
1.58041
1.57957
1.57872
1.57785
1.57698
1.57608
1.57517
1.57425
1.57332
1.57237
1.5714
1.57042
1.56943
1.56842
1.5674
1.56636
1.56531
1.56425
1.56317
1.56208
1.56097
1.55985
1.55872
1.55757
1.55641
1.55523
1.55404
1.55284
1.55162
1.55038
1.54914
1.54788
1.5466
1.54531
1.54401
1.54269
1.54136
1.54002
1.53866
1.53729
1.5359
1.5345
1.53309
1.53166
1.53022
1.52877
1.5273
1.52581
1.52432
1.52281
1.52128
1.51975
1.5182
1.51663
1.51505
1.51346
1.51185
1.51024
1.5086
1.50696
1.5053
1.50362
1.50194
1.50024
1.49852
1.4968
1.49505
1.4933
1.49153
1.48975
1.48796
1.48615
1.48433
1.48249
1.48065
1.47879
1.47691
1.47502
1.47312
1.47121
1.46928
1.46734
1.46539
1.46342
1.46144
1.45945
1.45744
1.45543
1.45339
1.45135
1.44929
1.44722
1.44514
1.44304
1.44093
1.43881
1.43667
1.43452
1.43236
1.43019
1.428
1.4258
1.42359
1.42137
1.41913
1.41688
1.41461
1.41234
1.41005
1.40775
1.40544
1.40311
1.40077
1.39842
1.39606
1.39368
1.3913
1.38889
1.38648
1.38406
1.38162
1.37917
1.37671
1.37423
1.37175
1.36925
1.36674
1.36421
1.36168
1.35913
1.35657
1.354
1.35141
1.34882
1.34621
1.34359
1.34096
1.33832
1.33566
1.33299
1.33031
1.32762
1.32492
1.32221
1.31948
1.31674
1.31399
1.31123
1.30846
1.30567
1.30288
1.30007
1.29725
1.29442
1.29158
1.28872
1.28586
1.28298
1.28009
1.27719
1.27428
1.27136
1.26843
1.26549
1.26253
1.25956
1.25659
1.2536
1.2506
1.24759
1.24456
1.24153
1.23849
1.23543
1.23237
1.22929
1.2262
1.22311
1.22
1.21688
1.21375
1.2106
1.20745
1.20429
1.20112
1.19793
1.19474
1.19153
1.18832
1.18509
1.18186
1.17861
1.17535
1.17209
1.16881
1.16552
1.16222
1.15892
1.1556
1.15227
1.14893
1.14558
1.14222
1.13885
1.13547
1.13209
1.12869
1.12528
1.12186
1.11843
1.11499
1.11155
1.10809
1.10462
1.10114
1.09766
1.09416
1.09066
1.08714
1.08361
1.08008
1.07654
1.07298
1.06942
1.06585
1.06227
1.05868
1.05508
1.05147
1.04785
1.04422
1.04059
1.03694
1.03329
1.02963
1.02595
1.02227
1.01858
1.01488
1.01118
1.00746
1.00373
1
0.996257
0.992506
0.988746
0.984978
0.981201
0.977415
0.973621
0.969819
0.966008
0.962189
0.958361
0.954525
0.950681
0.946829
0.942968
0.9391
0.935223
0.931338
0.927445
0.923544
0.919636
0.915719
0.911794
0.907862
0.903921
0.899973
0.896018
0.892054
0.888083
0.884104
0.880117
0.876123
0.872122
0.868113
0.864096
0.860072
0.856041
0.852003
0.847957
0.843904
0.839843
0.835776
0.831701
0.827619
0.82353
0.819434
0.815331
0.811221
0.807105
0.802981
0.79885
0.794713
0.790569
0.786418
0.782261
0.778097
0.773926
0.769749
0.765565
0.761374
0.757177
0.752974
0.748765
0.744549
0.740326
0.736098
0.731863
0.727622
0.723375
0.719122
0.714863
0.710598
0.706326
0.702049
0.697766
0.693477
0.689182
0.684882
0.680576
0.676264
0.671946
0.667623
0.663294
0.658959
0.654619
0.650274
0.645923
0.641567
0.637205
0.632839
0.628466
0.624089
0.619707
0.615319
0.610926
0.606528
0.602125
0.597718
0.593305
0.588887
0.584465
0.580037
0.575605
0.571168
0.566727
0.56228
0.55783
0.553374
0.548914
0.54445
0.539981
0.535508
0.53103
0.526548
0.522062
0.517571
0.513077
0.508578
0.504075
0.499568
0.495057
0.490542
0.486023
0.4815
0.476973
0.472442
0.467908
0.46337
0.458828
0.454282
0.449733
0.44518
0.440624
0.436064
0.431501
0.426935
0.422365
0.417791
0.413215
0.408635
0.404052
0.399466
0.394877
0.390284
0.385689
0.381091
0.376489
0.371885
0.367278
0.362668
0.358055
0.35344
0.348822
0.344201
0.339578
0.334952
0.330323
0.325693
0.321059
0.316423
0.311785
0.307145
0.302502
0.297857
0.29321
0.288561
0.28391
0.279256
0.274601
0.269944
0.265284
0.260623
0.25596
0.251295
0.246629
0.241961
0.237291
0.232619
0.227946
0.223271
0.218595
0.213917
0.209238
0.204558
0.199876
0.195193
0.190509
0.185823
0.181137
0.176449
0.17176
0.16707
0.162379
0.157688
0.152995
0.148301
0.143607
0.138912
0.134216
0.12952
0.124822
0.120125
0.115426
0.110727
0.106028
0.101328
0.0966282
0.0919277
0.0872269
0.0825259
0.0778246
0.0731232
0.0684216
0.06372
0.0590183
0.0543166
0.049615
0.0449134
0.040212
0.0355107
0.0308097
0.0261089
0.0214084
0.0167082
0.0120085
0.00730913
0.00261026
0.00208809
0.00678589
0.0114831
0.0161796
0.0208755
0.0255707
0.030265
0.0349586
0.0396513
0.0443431
0.049034
0.0537239
0.0584128
0.0631006
0.0677872
0.0724728
0.0771571
0.0818402
0.086522
0.0912025
0.0958817
0.100559
0.105236
0.10991
0.114584
0.119255
0.123925
0.128594
0.13326
0.137925
0.142589
0.14725
0.151909
0.156567
0.161222
0.165876
0.170528
0.175177
0.179824
0.184469
0.189112
0.193753
0.198391
0.203028
0.207661
0.212292
0.216921
0.221548
0.226171
0.230792
0.235411
0.240027
0.24464
0.24925
0.253858
0.258463
0.263065
0.267663
0.272259
0.276852
0.281442
0.286029
0.290613
0.295193
0.299771
0.304345
0.308916
0.313483
0.318047
0.322608
0.327165
0.331719
0.336269
0.340816
0.345358
0.349898
0.354433
0.358965
0.363493
0.368017
0.372538
0.377054
0.381567
0.386075
0.39058
0.39508
0.399576
0.404069
0.408557
0.41304
0.41752
0.421995
0.426466
0.430932
0.435394
0.439851
0.444304
0.448753
0.453196
0.457636
0.46207
0.4665
0.470925
0.475345
0.479761
0.484171
0.488577
0.492977
0.497373
0.501764
0.506149
0.51053
0.514905
0.519275
0.52364
0.528
0.532354
0.536703
0.541046
0.545385
0.549717
0.554044
0.558366
0.562682
0.566993
0.571297
0.575596
0.57989
0.584177
0.588459
0.592735
0.597005
0.601269
0.605527
0.60978
0.614026
0.618266
0.6225
0.626727
0.630949
0.635164
0.639374
0.643576
0.647773
0.651963
0.656146
0.660324
0.664494
0.668659
0.672816
0.676967
0.681111
0.685249
0.68938
0.693504
0.697622
0.701732
0.705836
0.709933
0.714023
0.718106
0.722182
0.726251
0.730313
0.734367
0.738415
0.742455
0.746488
0.750514
0.754533
0.758544
0.762548
0.766544
0.770533
0.774515
0.778489
0.782456
0.786415
0.790366
0.79431
0.798246
0.802174
0.806094
0.810007
0.813912
0.817809
0.821698
0.825579
0.829453
0.833318
0.837175
0.841024
0.844865
0.848698
0.852523
0.85634
0.860148
0.863948
0.86774
0.871523
0.875298
0.879065
0.882823
0.886573
0.890314
0.894047
0.897771
0.901486
0.905193
0.908891
0.912581
0.916262
0.919934
0.923597
0.927251
0.930897
0.934534
0.938161
0.94178
0.94539
0.94899
0.952582
0.956165
0.959738
0.963303
0.966858
0.970404
0.97394
0.977468
0.980986
0.984494
0.987994
0.991484
0.994964
0.998436
1.0019
1.00535
1.00879
1.01222
1.01565
1.01906
1.02247
1.02586
1.02924
1.03262
1.03598
1.03934
1.04269
1.04602
1.04935
1.05266
1.05597
1.05926
1.06255
1.06582
1.06909
1.07235
1.07559
1.07883
1.08205
1.08527
1.08847
1.09166
1.09485
1.09802
1.10118
1.10434
1.10748
1.11061
1.11373
1.11684
1.11994
1.12303
1.12611
1.12918
1.13224
1.13529
1.13832
1.14135
1.14436
1.14737
1.15036
1.15334
1.15632
1.15928
1.16223
1.16517
1.1681
1.17101
1.17392
1.17681
1.1797
1.18257
1.18543
1.18828
1.19112
1.19395
1.19677
1.19958
1.20237
1.20516
1.20793
1.21069
1.21344
1.21618
1.2189
1.22162
1.22432
1.22702
1.2297
1.23237
1.23502
1.23767
1.24031
1.24293
1.24554
1.24814
1.25073
1.25331
1.25587
1.25842
1.26097
1.2635
1.26601
1.26852
1.27101
1.2735
1.27597
1.27843
1.28087
1.28331
1.28573
1.28814
1.29054
1.29293
1.2953
1.29766
1.30001
1.30235
1.30468
1.30699
1.30929
1.31158
1.31386
1.31613
1.31838
1.32062
1.32285
1.32507
1.32727
1.32946
1.33164
1.33381
1.33596
1.3381
1.34023
1.34235
1.34445
1.34655
1.34863
1.35069
1.35275
1.35479
1.35682
1.35884
1.36084
1.36283
1.36481
1.36678
1.36873
1.37067
1.3726
1.37451
1.37642
1.37831
1.38018
1.38205
1.3839
1.38574
1.38756
1.38938
1.39118
1.39296
1.39474
1.3965
1.39825
1.39998
1.40171
1.40342
1.40511
1.4068
1.40847
1.41013
1.41177
1.4134
1.41502
1.41663
1.41822
1.4198
1.42136
1.42292
1.42446
1.42598
1.4275
1.429
1.43048
1.43196
1.43342
1.43487
1.4363
1.43772
1.43913
1.44052
1.4419
1.44327
1.44463
1.44597
1.4473
1.44861
1.44991
1.4512
1.45247
1.45373
1.45498
1.45622
1.45744
1.45864
1.45984
1.46102
1.46219
1.46334
1.46448
1.46561
1.46672
1.46782
1.46891
1.46998
1.47104
1.47208
1.47312
1.47413
1.47514
1.47613
1.47711
1.47807
1.47902
1.47996
1.48088
1.48179
1.48269
1.48357
1.48444
1.4853
1.48614
1.48697
1.48778
1.48858
1.48937
1.49014
1.4909
1.49165
1.49238
1.4931
1.49381
1.4945
1.49518
1.49584
1.49649
1.49713
1.49775
1.49836
1.49895
1.49954
1.5001
1.50066
1.5012
1.50173
1.50224
1.50274
1.50322
1.5037
1.50415
1.5046
1.50503
1.50544
1.50585
1.50624
1.50661
1.50697
1.50732
1.50766
1.50798
1.50828
1.50857
1.50885
1.50912
1.50937
1.50961
1.50983
1.51004
1.51024
1.51042
1.51059
1.51074
1.51088
1.51101
1.51112
1.51122
1.51131
1.51138
1.51144
1.51148
1.51152
1.51153
1.51154
1.51152
1.5115
1.51146
1.51141
1.51134
1.51126
1.51117
1.51106
1.51094
1.51081
1.51066
1.5105
1.51032
1.51013
1.50993
1.50971
1.50948
1.50924
1.50898
1.50871
1.50842
1.50812
1.50781
1.50748
1.50714
1.50678
1.50642
1.50604
1.50564
1.50523
1.50481
1.50437
1.50392
1.50346
1.50298
1.50249
1.50198
1.50146
1.50093
1.50039
1.49983
1.49925
1.49867
1.49807
1.49745
1.49683
1.49619
1.49553
1.49486
1.49418
1.49349
1.49278
1.49206
1.49132
1.49057
1.48981
1.48903
1.48824
1.48744
1.48662
1.48579
1.48495
1.48409
1.48322
1.48234
1.48144
1.48053
1.4796
1.47867
1.47772
1.47675
1.47577
1.47478
1.47378
1.47276
1.47173
1.47068
1.46963
1.46856
1.46747
1.46637
1.46526
1.46414
1.463
1.46185
1.46069
1.45951
1.45832
1.45712
1.4559
1.45467
1.45343
1.45217
1.45091
1.44962
1.44833
1.44702
1.4457
1.44436
1.44302
1.44166
1.44028
1.4389
1.4375
1.43609
1.43466
1.43322
1.43177
1.43031
1.42883
1.42734
1.42584
1.42433
1.4228
1.42126
1.4197
1.41814
1.41656
1.41497
1.41336
1.41174
1.41011
1.40847
1.40681
1.40515
1.40347
1.40177
1.40007
1.39835
1.39662
1.39487
1.39312
1.39135
1.38957
1.38777
1.38597
1.38415
1.38232
1.38047
1.37862
1.37675
1.37487
1.37298
1.37107
1.36915
1.36723
1.36528
1.36333
1.36136
1.35938
1.35739
1.35539
1.35338
1.35135
1.34931
1.34726
1.34519
1.34312
1.34103
1.33893
1.33682
1.3347
1.33256
1.33041
1.32825
1.32608
1.3239
1.3217
1.3195
1.31728
1.31505
1.31281
1.31055
1.30829
1.30601
1.30372
1.30142
1.29911
1.29679
1.29445
1.2921
1.28975
1.28738
1.28499
1.2826
1.2802
1.27778
1.27535
1.27292
1.27047
1.26801
1.26553
1.26305
1.26055
1.25805
1.25553
1.253
1.25046
1.24791
1.24535
1.24278
1.24019
1.2376
1.23499
1.23238
1.22975
1.22711
1.22446
1.2218
1.21913
1.21644
1.21375
1.21105
1.20833
1.20561
1.20287
1.20012
1.19737
1.1946
1.19182
1.18903
1.18623
1.18342
1.1806
1.17777
1.17493
1.17207
1.16921
1.16634
1.16345
1.16056
1.15766
1.15474
1.15182
1.14888
1.14594
1.14299
1.14002
1.13705
1.13406
1.13107
1.12806
1.12505
1.12202
1.11899
1.11594
1.11289
1.10982
1.10675
1.10366
1.10057
1.09747
1.09435
1.09123
1.0881
1.08496
1.08181
1.07864
1.07547
1.07229
1.0691
1.06591
1.0627
1.05948
1.05625
1.05302
1.04977
1.04652
1.04325
1.03998
1.0367
1.03341
1.03011
1.0268
1.02348
1.02015
1.01681
1.01347
1.01012
1.00675
1.00338
1
0.996611
0.993213
0.989806
0.98639
0.982966
0.979534
0.976092
0.972643
0.969184
0.965718
0.962242
0.958759
0.955267
0.951767
0.948258
0.944741
0.941216
0.937683
0.934141
0.930591
0.927034
0.923468
0.919894
0.916312
0.912722
0.909124
0.905518
0.901905
0.898283
0.894654
0.891017
0.887372
0.88372
0.88006
0.876392
0.872716
0.869034
0.865343
0.861645
0.85794
0.854227
0.850506
0.846779
0.843044
0.839301
0.835552
0.831795
0.828031
0.82426
0.820482
0.816696
0.812904
0.809105
0.805298
0.801485
0.797665
0.793838
0.790004
0.786163
0.782316
0.778462
0.774601
0.770733
0.766859
0.762978
0.759091
0.755197
0.751297
0.74739
0.743477
0.739557
0.735632
0.731699
0.727761
0.723816
0.719866
0.715909
0.711946
0.707977
0.704001
0.70002
0.696033
0.69204
0.688041
0.684036
0.680026
0.676009
0.671987
0.667959
0.663926
0.659887
0.655842
0.651792
0.647736
0.643674
0.639608
0.635536
0.631458
0.627375
0.623287
0.619194
0.615095
0.610991
0.606882
0.602768
0.598649
0.594525
0.590396
0.586262
0.582123
0.577979
0.57383
0.569677
0.565519
0.561356
0.557188
0.553016
0.548839
0.544657
0.540471
0.536281
0.532086
0.527887
0.523683
0.519475
0.515262
0.511046
0.506825
0.5026
0.498371
0.494138
0.4899
0.485659
0.481414
0.477164
0.472911
0.468654
0.464393
0.460129
0.45586
0.451588
0.447312
0.443033
0.43875
0.434463
0.430173
0.42588
0.421583
0.417282
0.412978
0.408671
0.404361
0.400047
0.395731
0.391411
0.387088
0.382761
0.378432
0.3741
0.369765
0.365427
0.361086
0.356742
0.352396
0.348046
0.343694
0.339339
0.334982
0.330622
0.32626
0.321894
0.317527
0.313157
0.308785
0.30441
0.300033
0.295653
0.291272
0.286888
0.282502
0.278114
0.273724
0.269332
0.264937
0.260541
0.256143
0.251743
0.247342
0.242938
0.238533
0.234126
0.229717
0.225306
0.220894
0.216481
0.212066
0.207649
0.203231
0.198812
0.194391
0.189969
0.185546
0.181122
0.176696
0.172269
0.167841
0.163412
0.158982
0.154551
0.150119
0.145686
0.141252
0.136818
0.132382
0.127946
0.123509
0.119072
0.114633
0.110195
0.105755
0.101316
0.0968753
0.0924347
0.0879936
0.0835522
0.0791105
0.0746685
0.0702263
0.065784
0.0613415
0.0568989
0.0524562
0.0480135
0.0435708
0.0391282
0.0346857
0.0302434
0.0258012
0.0213593
0.0169176
0.0124762
0.00803515
0.0035945
0.000845722
0.00528548
0.00972473
0.0141634
0.0186015
0.023039
0.0274759
0.031912
0.0363473
0.0407819
0.0452156
0.0496485
0.0540805
0.0585115
0.0629415
0.0673705
0.0717984
0.0762252
0.0806509
0.0850753
0.0894986
0.0939205
0.0983412
0.10276
0.107178
0.111595
0.11601
0.120423
0.124835
0.129246
0.133654
0.138061
0.142467
0.14687
0.151272
0.155672
0.16007
0.164466
0.16886
0.173253
0.177643
0.182031
0.186417
0.190801
0.195182
0.199562
0.203939
0.208314
0.212686
0.217056
0.221424
0.225789
0.230152
0.234512
0.23887
0.243225
0.247577
0.251927
0.256273
0.260617
0.264959
0.269297
0.273632
0.277965
0.282295
0.286621
0.290945
0.295265
0.299582
0.303896
0.308207
0.312515
0.316819
0.32112
0.325418
0.329712
0.334002
0.33829
0.342573
0.346854
0.35113
0.355403
0.359672
0.363938
0.3682
0.372458
0.376712
0.380962
0.385209
0.389451
0.393689
0.397924
0.402154
0.40638
0.410603
0.41482
0.419034
0.423244
0.427449
0.43165
0.435846
0.440038
0.444226
0.448409
0.452588
0.456762
0.460931
0.465096
0.469257
0.473412
0.477563
0.481709
0.48585
0.489986
0.494118
0.498244
0.502366
0.506482
0.510594
0.5147
0.518802
0.522898
0.526989
0.531074
0.535155
0.53923
0.5433
0.547364
0.551424
0.555477
0.559525
0.563568
0.567605
0.571637
0.575663
0.579683
0.583697
0.587706
0.591709
0.595706
0.599698
0.603683
0.607663
0.611637
0.615604
0.619566
0.623522
0.627471
0.631415
0.635352
0.639283
0.643208
0.647126
0.651038
0.654944
0.658844
0.662737
0.666624
0.670504
0.674378
0.678245
0.682106
0.68596
0.689807
0.693648
0.697481
0.701309
0.705129
0.708943
0.712749
0.716549
0.720342
0.724128
0.727907
0.731679
0.735444
0.739202
0.742953
0.746696
0.750433
0.754162
0.757884
0.761598
0.765306
0.769006
0.772698
0.776383
0.780061
0.783731
0.787394
0.791049
0.794696
0.798336
0.801969
0.805593
0.80921
0.812819
0.816421
0.820014
0.8236
0.827178
0.830748
0.83431
0.837864
0.84141
0.844948
0.848478
0.851999
0.855513
0.859019
0.862516
0.866005
0.869486
0.872959
0.876423
0.879879
0.883327
0.886766
0.890197
0.893619
0.897033
0.900438
0.903835
0.907223
0.910602
0.913973
0.917335
0.920689
0.924034
0.92737
0.930697
0.934015
0.937325
0.940626
0.943917
0.9472
0.950474
0.953739
0.956995
0.960241
0.963479
0.966708
0.969927
0.973137
0.976338
0.97953
0.982713
0.985886
0.98905
0.992205
0.99535
0.998486
1.00161
1.00473
1.00784
1.01094
1.01402
1.0171
1.02017
1.02323
1.02628
1.02932
1.03235
1.03537
1.03839
1.04139
1.04438
1.04736
1.05033
1.0533
1.05625
1.05919
1.06212
1.06504
1.06796
1.07086
1.07375
1.07663
1.07951
1.08237
1.08522
1.08806
1.09089
1.09371
1.09653
1.09933
1.10212
1.1049
1.10767
1.11043
1.11317
1.11591
1.11864
1.12136
1.12407
1.12676
1.12945
1.13212
1.13479
1.13744
1.14009
1.14272
1.14534
1.14795
1.15055
1.15314
1.15572
1.15829
1.16085
1.1634
1.16593
1.16846
1.17097
1.17348
1.17597
1.17845
1.18092
1.18338
1.18583
1.18826
1.19069
1.19311
1.19551
1.1979
1.20028
1.20265
1.20501
1.20736
1.2097
1.21202
1.21434
1.21664
1.21893
1.22121
1.22348
1.22574
1.22799
1.23022
1.23244
1.23466
1.23686
1.23904
1.24122
1.24339
1.24554
1.24768
1.24982
1.25194
1.25404
1.25614
1.25822
1.2603
1.26236
1.26441
1.26645
1.26847
1.27049
1.27249
1.27448
1.27646
1.27842
1.28038
1.28232
1.28425
1.28617
1.28808
1.28998
1.29186
1.29373
1.29559
1.29744
1.29927
1.3011
1.30291
1.30471
1.3065
1.30827
1.31004
1.31179
1.31353
1.31525
1.31697
1.31867
1.32036
1.32204
1.3237
1.32536
1.327
1.32863
1.33024
1.33185
1.33344
1.33502
1.33659
1.33814
1.33969
1.34122
1.34274
1.34424
1.34574
1.34722
1.34868
1.35014
1.35158
1.35302
1.35443
1.35584
1.35723
1.35862
1.35998
1.36134
1.36268
1.36401
1.36533
1.36664
1.36793
1.36921
1.37048
1.37174
1.37298
1.37421
1.37543
1.37663
1.37782
1.379
1.38017
1.38132
1.38247
1.38359
1.38471
1.38581
1.3869
1.38798
1.38905
1.3901
1.39114
1.39216
1.39318
1.39418
1.39517
1.39614
1.39711
1.39806
1.39899
1.39992
1.40083
1.40173
1.40261
1.40348
1.40434
1.40519
1.40602
1.40685
1.40765
1.40845
1.40923
1.41
1.41076
1.4115
1.41223
1.41295
1.41365
1.41434
1.41502
1.41569
1.41634
1.41698
1.41761
1.41822
1.41882
1.41941
1.41999
1.42055
1.4211
1.42163
1.42215
1.42266
1.42316
1.42365
1.42412
1.42457
1.42502
1.42545
1.42587
1.42627
1.42667
1.42705
1.42741
1.42777
1.42811
1.42843
1.42875
1.42905
1.42934
1.42961
1.42987
1.43012
1.43036
1.43058
1.43079
1.43099
1.43117
1.43134
1.4315
1.43164
1.43177
1.43189
1.432
1.43209
1.43217
1.43223
1.43229
1.43233
1.43235
1.43237
1.43237
1.43235
1.43233
1.43229
1.43224
1.43217
1.4321
1.43201
1.4319
1.43179
1.43166
1.43151
1.43136
1.43119
1.43101
1.43081
1.4306
1.43038
1.43015
1.4299
1.42964
1.42937
1.42908
1.42878
1.42847
1.42814
1.4278
1.42745
1.42709
1.42671
1.42632
1.42592
1.4255
1.42507
1.42463
1.42418
1.42371
1.42323
1.42273
1.42223
1.42171
1.42118
1.42063
1.42007
1.4195
1.41892
1.41832
1.41771
1.41709
1.41645
1.4158
1.41514
1.41447
1.41378
1.41308
1.41237
1.41164
1.41091
1.41016
1.40939
1.40862
1.40783
1.40702
1.40621
1.40538
1.40454
1.40369
1.40282
1.40194
1.40105
1.40015
1.39923
1.3983
1.39736
1.39641
1.39544
1.39446
1.39347
1.39246
1.39145
1.39042
1.38937
1.38832
1.38725
1.38617
1.38508
1.38397
1.38285
1.38172
1.38058
1.37942
1.37826
1.37708
1.37588
1.37468
1.37346
1.37223
1.37099
1.36973
1.36847
1.36719
1.3659
1.36459
1.36328
1.36195
1.36061
1.35925
1.35789
1.35651
1.35512
1.35372
1.3523
1.35087
1.34944
1.34798
1.34652
1.34505
1.34356
1.34206
1.34055
1.33902
1.33749
1.33594
1.33438
1.33281
1.33122
1.32963
1.32802
1.3264
1.32477
1.32313
1.32147
1.3198
1.31812
1.31643
1.31473
1.31301
1.31129
1.30955
1.3078
1.30604
1.30426
1.30248
1.30068
1.29887
1.29705
1.29522
1.29338
1.29152
1.28965
1.28778
1.28589
1.28398
1.28207
1.28015
1.27821
1.27626
1.2743
1.27233
1.27035
1.26836
1.26635
1.26434
1.26231
1.26027
1.25822
1.25616
1.25409
1.252
1.24991
1.2478
1.24569
1.24356
1.24142
1.23927
1.23711
1.23493
1.23275
1.23055
1.22835
1.22613
1.2239
1.22166
1.21941
1.21715
1.21488
1.2126
1.21031
1.208
1.20569
1.20336
1.20103
1.19868
1.19632
1.19395
1.19157
1.18918
1.18678
1.18437
1.18195
1.17952
1.17708
1.17462
1.17216
1.16969
1.1672
1.16471
1.1622
1.15969
1.15716
1.15462
1.15208
1.14952
1.14695
1.14438
1.14179
1.13919
1.13658
1.13397
1.13134
1.1287
1.12605
1.12339
1.12073
1.11805
1.11536
1.11266
1.10996
1.10724
1.10451
1.10177
1.09903
1.09627
1.0935
1.09073
1.08794
1.08515
1.08234
1.07953
1.0767
1.07387
1.07102
1.06817
1.06531
1.06244
1.05956
1.05667
1.05377
1.05086
1.04794
1.04501
1.04207
1.03913
1.03617
1.03321
1.03023
1.02725
1.02426
1.02126
1.01825
1.01523
1.0122
1.00916
1.00612
1.00306
1
0.996928
0.993846
0.990757
0.987658
0.98455
0.981434
0.97831
0.975176
0.972034
0.968884
0.965725
0.962557
0.959381
0.956197
0.953004
0.949803
0.946593
0.943376
0.940149
0.936915
0.933672
0.930421
0.927162
0.923895
0.92062
0.917336
0.914045
0.910745
0.907438
0.904122
0.900799
0.897468
0.894129
0.890782
0.887427
0.884065
0.880694
0.877316
0.873931
0.870537
0.867137
0.863728
0.860312
0.856888
0.853457
0.850019
0.846573
0.84312
0.839659
0.836191
0.832716
0.829233
0.825744
0.822247
0.818742
0.815231
0.811713
0.808187
0.804655
0.801116
0.797569
0.794016
0.790455
0.786888
0.783314
0.779734
0.776146
0.772552
0.768951
0.765343
0.761729
0.758108
0.754481
0.750847
0.747206
0.743559
0.739906
0.736246
0.73258
0.728908
0.725229
0.721544
0.717853
0.714155
0.710452
0.706742
0.703026
0.699304
0.695576
0.691842
0.688102
0.684357
0.680605
0.676848
0.673084
0.669315
0.66554
0.66176
0.657974
0.654182
0.650384
0.646581
0.642773
0.638959
0.635139
0.631314
0.627484
0.623648
0.619807
0.615961
0.612109
0.608252
0.60439
0.600523
0.596651
0.592774
0.588892
0.585004
0.581112
0.577215
0.573313
0.569406
0.565494
0.561577
0.557656
0.55373
0.549799
0.545864
0.541924
0.537979
0.53403
0.530077
0.526119
0.522156
0.518189
0.514218
0.510243
0.506263
0.502279
0.498291
0.494298
0.490302
0.486301
0.482297
0.478288
0.474275
0.470259
0.466238
0.462214
0.458186
0.454154
0.450118
0.446078
0.442035
0.437988
0.433938
0.429884
0.425826
0.421765
0.417701
0.413633
0.409562
0.405487
0.401409
0.397328
0.393243
0.389155
0.385065
0.380971
0.376874
0.372773
0.36867
0.364564
0.360455
0.356343
0.352228
0.348111
0.34399
0.339867
0.335741
0.331613
0.327482
0.323348
0.319211
0.315073
0.310931
0.306787
0.302641
0.298493
0.294342
0.290189
0.286033
0.281876
0.277716
0.273554
0.26939
0.265224
0.261055
0.256885
0.252713
0.248539
0.244363
0.240185
0.236006
0.231825
0.227642
0.223457
0.219271
0.215083
0.210893
0.206702
0.20251
0.198316
0.19412
0.189923
0.185725
0.181526
0.177325
0.173123
0.16892
0.164716
0.160511
0.156304
0.152097
0.147889
0.143679
0.139469
0.135258
0.131046
0.126833
0.122619
0.118405
0.11419
0.109975
0.105758
0.101542
0.0973242
0.0931064
0.0888881
0.0846695
0.0804504
0.076231
0.0720113
0.0677913
0.0635712
0.0593508
0.0551303
0.0509097
0.046689
0.0424683
0.0382476
0.0340269
0.0298063
0.0255859
0.0213656
0.0171455
0.0129256
0.00870603
0.00448677
0.000267855
0.00395066
0.00816875
0.0123864
0.0166035
0.0208201
0.025036
0.0292514
0.0334661
0.0376801
0.0418934
0.0461058
0.0503175
0.0545283
0.0587383
0.0629473
0.0671553
0.0713623
0.0755683
0.0797732
0.083977
0.0881796
0.0923811
0.0965813
0.10078
0.104978
0.109174
0.113369
0.117562
0.121754
0.125945
0.130134
0.134321
0.138507
0.142691
0.146873
0.151054
0.155233
0.15941
0.163585
0.167759
0.17193
0.1761
0.180267
0.184433
0.188596
0.192758
0.196917
0.201074
0.205229
0.209381
0.213531
0.217679
0.221825
0.225968
0.230108
0.234247
0.238382
0.242515
0.246646
0.250774
0.254899
0.259021
0.263141
0.267258
0.271372
0.275483
0.279592
0.283697
0.2878
0.291899
0.295996
0.300089
0.304179
0.308266
0.31235
0.316431
0.320508
0.324583
0.328653
0.332721
0.336785
0.340845
0.344902
0.348956
0.353006
0.357052
0.361095
0.365134
0.369169
0.373201
0.377229
0.381253
0.385273
0.389289
0.393302
0.39731
0.401315
0.405315
0.409312
0.413304
0.417292
0.421276
0.425256
0.429231
0.433202
0.437169
0.441132
0.44509
0.449043
0.452993
0.456937
0.460878
0.464813
0.468744
0.472671
0.476593
0.48051
0.484422
0.488329
0.492232
0.49613
0.500023
0.503911
0.507794
0.511672
0.515545
0.519413
0.523276
0.527134
0.530987
0.534834
0.538676
0.542513
0.546345
0.550171
0.553992
0.557808
0.561618
0.565422
0.569222
0.573015
0.576803
0.580585
0.584362
0.588133
0.591899
0.595658
0.599412
0.60316
0.606902
0.610639
0.614369
0.618094
0.621812
0.625524
0.629231
0.632931
0.636625
0.640314
0.643995
0.647671
0.651341
0.655004
0.658661
0.662311
0.665955
0.669593
0.673224
0.676849
0.680467
0.684079
0.687684
0.691283
0.694875
0.69846
0.702039
0.705611
0.709176
0.712734
0.716286
0.71983
0.723368
0.726899
0.730423
0.73394
0.73745
0.740952
0.744448
0.747937
0.751418
0.754893
0.75836
0.76182
0.765272
0.768718
0.772156
0.775586
0.77901
0.782426
0.785834
0.789235
0.792628
0.796014
0.799393
0.802763
0.806126
0.809482
0.81283
0.81617
0.819502
0.822826
0.826143
0.829452
0.832753
0.836046
0.839331
0.842608
0.845878
0.849139
0.852392
0.855637
0.858874
0.862103
0.865324
0.868536
0.871741
0.874937
0.878125
0.881304
0.884475
0.887638
0.890793
0.893939
0.897076
0.900206
0.903326
0.906438
0.909542
0.912637
0.915723
0.918801
0.92187
0.924931
0.927982
0.931025
0.93406
0.937085
0.940102
0.943109
0.946108
0.949098
0.952079
0.955051
0.958014
0.960968
0.963914
0.96685
0.969776
0.972694
0.975603
0.978503
0.981393
0.984274
0.987146
0.990009
0.992862
0.995706
0.998541
1.00137
1.00418
1.00699
1.00979
1.01257
1.01535
1.01812
1.02088
1.02363
1.02637
1.0291
1.03182
1.03453
1.03723
1.03992
1.04261
1.04528
1.04794
1.05059
1.05324
1.05587
1.05849
1.0611
1.06371
1.0663
1.06889
1.07146
1.07402
1.07658
1.07912
1.08165
1.08418
1.08669
1.08919
1.09168
1.09417
1.09664
1.0991
1.10155
1.10399
1.10643
1.10885
1.11126
1.11366
1.11605
1.11843
1.1208
1.12316
1.1255
1.12784
1.13017
1.13249
1.13479
1.13709
1.13937
1.14165
1.14391
1.14616
1.14841
1.15064
1.15286
1.15507
1.15727
1.15946
1.16164
1.16381
1.16596
1.16811
1.17024
1.17237
1.17448
1.17658
1.17868
1.18076
1.18283
1.18488
1.18693
1.18897
1.19099
1.19301
1.19501
1.197
1.19899
1.20096
1.20292
1.20486
1.2068
1.20873
1.21064
1.21254
1.21444
1.21632
1.21819
1.22004
1.22189
1.22373
1.22555
1.22736
1.22916
1.23095
1.23273
1.2345
1.23626
1.238
1.23973
1.24146
1.24317
1.24487
1.24655
1.24823
1.24989
1.25155
1.25319
1.25482
1.25643
1.25804
1.25963
1.26122
1.26279
1.26435
1.2659
1.26743
1.26896
1.27047
1.27197
1.27346
1.27494
1.27641
1.27786
1.2793
1.28073
1.28215
1.28356
1.28495
1.28634
1.28771
1.28907
1.29042
1.29175
1.29308
1.29439
1.29569
1.29698
1.29825
1.29952
1.30077
1.30201
1.30324
1.30446
1.30566
1.30685
1.30803
1.3092
1.31036
1.3115
1.31263
1.31375
1.31486
1.31596
1.31704
1.31811
1.31917
1.32022
1.32126
1.32228
1.32329
1.32429
1.32528
1.32625
1.32721
1.32816
1.3291
1.33003
1.33094
1.33184
1.33273
1.33361
1.33447
1.33533
1.33617
1.33699
1.33781
1.33861
1.3394
1.34018
1.34095
1.3417
1.34245
1.34318
1.34389
1.3446
1.34529
1.34597
1.34664
1.3473
1.34794
1.34857
1.34919
1.3498
1.35039
1.35097
1.35154
1.3521
1.35264
1.35317
1.35369
1.3542
1.3547
1.35518
1.35565
1.35611
1.35655
1.35698
1.3574
1.35781
1.35821
1.35859
1.35896
1.35932
1.35967
1.36
1.36032
1.36063
1.36093
1.36121
1.36148
1.36174
1.36199
1.36222
1.36244
1.36265
1.36285
1.36303
1.36321
1.36336
1.36351
1.36365
1.36377
1.36388
1.36398
1.36406
1.36413
1.36419
1.36424
1.36427
1.3643
1.36431
1.36431
1.36429
1.36426
1.36422
1.36417
1.36411
1.36403
1.36394
1.36384
1.36372
1.3636
1.36346
1.36331
1.36314
1.36297
1.36278
1.36258
1.36236
1.36214
1.3619
1.36165
1.36139
1.36111
1.36082
1.36052
1.36021
1.35988
1.35955
1.3592
1.35883
1.35846
1.35807
1.35767
1.35726
1.35684
1.3564
1.35595
1.35549
1.35502
1.35453
1.35404
1.35353
1.353
1.35247
1.35192
1.35136
1.35079
1.35021
1.34961
1.349
1.34838
1.34775
1.3471
1.34645
1.34578
1.3451
1.3444
1.3437
1.34298
1.34225
1.3415
1.34075
1.33998
1.3392
1.33841
1.33761
1.33679
1.33597
1.33513
1.33427
1.33341
1.33253
1.33165
1.33075
1.32983
1.32891
1.32797
1.32702
1.32606
1.32509
1.32411
1.32311
1.3221
1.32108
1.32005
1.31901
1.31795
1.31688
1.3158
1.31471
1.31361
1.31249
1.31136
1.31022
1.30907
1.30791
1.30674
1.30555
1.30435
1.30314
1.30192
1.30068
1.29944
1.29818
1.29691
1.29563
1.29434
1.29304
1.29172
1.29039
1.28905
1.2877
1.28634
1.28497
1.28358
1.28218
1.28077
1.27935
1.27792
1.27648
1.27502
1.27356
1.27208
1.27059
1.26909
1.26758
1.26605
1.26452
1.26297
1.26142
1.25985
1.25827
1.25667
1.25507
1.25346
1.25183
1.25019
1.24855
1.24689
1.24522
1.24353
1.24184
1.24014
1.23842
1.23669
1.23496
1.23321
1.23145
1.22968
1.22789
1.2261
1.2243
1.22248
1.22066
1.21882
1.21697
1.21511
1.21324
1.21136
1.20947
1.20757
1.20565
1.20373
1.2018
1.19985
1.19789
1.19593
1.19395
1.19196
1.18996
1.18795
1.18593
1.1839
1.18186
1.1798
1.17774
1.17567
1.17358
1.17149
1.16938
1.16727
1.16514
1.163
1.16086
1.1587
1.15653
1.15435
1.15216
1.14996
1.14776
1.14554
1.14331
1.14107
1.13882
1.13656
1.13429
1.132
1.12971
1.12741
1.1251
1.12278
1.12045
1.11811
1.11576
1.1134
1.11103
1.10865
1.10626
1.10385
1.10144
1.09902
1.09659
1.09415
1.0917
1.08924
1.08678
1.0843
1.08181
1.07931
1.0768
1.07428
1.07176
1.06922
1.06668
1.06412
1.06155
1.05898
1.0564
1.0538
1.0512
1.04859
1.04597
1.04334
1.0407
1.03805
1.03539
1.03272
1.03004
1.02736
1.02466
1.02196
1.01925
1.01652
1.01379
1.01105
1.0083
1.00554
1.00278
1
0.997215
0.994421
0.991618
0.988807
0.985986
0.983157
0.98032
0.977473
0.974618
0.971754
0.968882
0.966001
0.963111
0.960213
0.957307
0.954392
0.951468
0.948536
0.945596
0.942647
0.93969
0.936725
0.933751
0.930769
0.927779
0.924781
0.921775
0.91876
0.915737
0.912706
0.909668
0.906621
0.903566
0.900503
0.897432
0.894353
0.891267
0.888172
0.88507
0.88196
0.878842
0.875716
0.872583
0.869442
0.866293
0.863137
0.859973
0.856801
0.853622
0.850436
0.847242
0.84404
0.840832
0.837615
0.834392
0.831161
0.827922
0.824677
0.821424
0.818164
0.814897
0.811623
0.808341
0.805053
0.801757
0.798455
0.795145
0.791829
0.788505
0.785175
0.781838
0.778493
0.775143
0.771785
0.76842
0.765049
0.761672
0.758287
0.754896
0.751498
0.748094
0.744683
0.741266
0.737842
0.734412
0.730975
0.727533
0.724083
0.720628
0.717166
0.713698
0.710223
0.706743
0.703256
0.699764
0.696265
0.69276
0.689249
0.685732
0.682209
0.678681
0.675146
0.671606
0.668059
0.664507
0.660949
0.657386
0.653817
0.650242
0.646661
0.643075
0.639484
0.635886
0.632284
0.628676
0.625062
0.621443
0.617819
0.614189
0.610554
0.606914
0.603269
0.599618
0.595963
0.592302
0.588636
0.584965
0.581289
0.577608
0.573922
0.570231
0.566535
0.562835
0.55913
0.555419
0.551704
0.547985
0.544261
0.540532
0.536798
0.53306
0.529317
0.52557
0.521818
0.518062
0.514302
0.510537
0.506768
0.502994
0.499217
0.495435
0.491649
0.487858
0.484064
0.480265
0.476463
0.472656
0.468845
0.465031
0.461212
0.45739
0.453564
0.449734
0.4459
0.442063
0.438222
0.434377
0.430528
0.426676
0.42282
0.418961
0.415099
0.411232
0.407363
0.40349
0.399614
0.395734
0.391851
0.387965
0.384076
0.380183
0.376288
0.372389
0.368487
0.364583
0.360675
0.356764
0.35285
0.348934
0.345014
0.341092
0.337167
0.333239
0.329309
0.325376
0.32144
0.317502
0.313561
0.309618
0.305672
0.301723
0.297773
0.29382
0.289864
0.285906
0.281946
0.277984
0.274019
0.270053
0.266084
0.262113
0.25814
0.254165
0.250188
0.24621
0.242229
0.238246
0.234262
0.230276
0.226288
0.222298
0.218306
0.214313
0.210319
0.206322
0.202325
0.198325
0.194324
0.190322
0.186319
0.182314
0.178307
0.1743
0.170291
0.166281
0.16227
0.158257
0.154244
0.150229
0.146214
0.142197
0.13818
0.134161
0.130142
0.126122
0.122101
0.118079
0.114057
0.110034
0.10601
0.101986
0.0979605
0.0939349
0.0899088
0.0858823
0.0818552
0.0778278
0.0738
0.0697719
0.0657435
0.0617148
0.0576859
0.0536568
0.0496276
0.0455983
0.0415689
0.0375394
0.03351
0.0294805
0.0254512
0.021422
0.0173929
0.013364
0.00933528
0.00530685
0.00127871
0.0027491
0.00677655
0.0108036
0.0148302
0.0188563
0.0228819
0.026907
0.0309315
0.0349553
0.0389785
0.043001
0.0470228
0.0510438
0.055064
0.0590834
0.0631018
0.0671194
0.071136
0.0751516
0.0791662
0.0831798
0.0871922
0.0912035
0.0952137
0.0992226
0.10323
0.107237
0.111242
0.115246
0.119248
0.123249
0.127248
0.131246
0.135243
0.139238
0.143231
0.147222
0.151212
0.155201
0.159187
0.163172
0.167155
0.171136
0.175115
0.179092
0.183067
0.18704
0.191011
0.19498
0.198947
0.202912
0.206875
0.210835
0.214793
0.218749
0.222703
0.226654
0.230603
0.234549
0.238493
0.242434
0.246373
0.25031
0.254243
0.258174
0.262102
0.266028
0.269951
0.273871
0.277788
0.281702
0.285614
0.289522
0.293428
0.297331
0.30123
0.305126
0.30902
0.31291
0.316797
0.320681
0.324561
0.328439
0.332312
0.336183
0.34005
0.343914
0.347774
0.351631
0.355484
0.359334
0.36318
0.367023
0.370861
0.374697
0.378528
0.382356
0.386179
0.389999
0.393815
0.397628
0.401436
0.40524
0.40904
0.412836
0.416628
0.420416
0.4242
0.42798
0.431755
0.435526
0.439293
0.443056
0.446814
0.450568
0.454317
0.458062
0.461803
0.465539
0.46927
0.472997
0.476719
0.480436
0.484149
0.487857
0.491561
0.495259
0.498953
0.502642
0.506326
0.510005
0.513679
0.517348
0.521012
0.524671
0.528325
0.531974
0.535617
0.539256
0.542889
0.546517
0.55014
0.553757
0.557369
0.560976
0.564577
0.568173
0.571763
0.575348
0.578927
0.582501
0.586069
0.589631
0.593188
0.596739
0.600284
0.603824
0.607357
0.610885
0.614407
0.617923
0.621434
0.624938
0.628436
0.631928
0.635415
0.638895
0.642369
0.645836
0.649298
0.652754
0.656203
0.659646
0.663082
0.666513
0.669937
0.673354
0.676765
0.68017
0.683568
0.68696
0.690345
0.693724
0.697095
0.700461
0.703819
0.707171
0.710517
0.713855
0.717187
0.720512
0.72383
0.727141
0.730445
0.733742
0.737033
0.740316
0.743592
0.746862
0.750124
0.753379
0.756627
0.759868
0.763101
0.766328
0.769547
0.772758
0.775963
0.77916
0.78235
0.785532
0.788707
0.791875
0.795035
0.798187
0.801332
0.80447
0.807599
0.810722
0.813836
0.816943
0.820042
0.823134
0.826217
0.829293
0.832361
0.835421
0.838474
0.841518
0.844555
0.847583
0.850604
0.853616
0.856621
0.859618
0.862606
0.865586
0.868558
0.871522
0.874478
0.877426
0.880365
0.883296
0.886219
0.889133
0.892039
0.894937
0.897827
0.900707
0.90358
0.906444
0.909299
0.912146
0.914985
0.917815
0.920636
0.923448
0.926252
0.929048
0.931834
0.934612
0.937381
0.940141
0.942893
0.945636
0.948369
0.951094
0.95381
0.956518
0.959216
0.961905
0.964585
0.967256
0.969919
0.972572
0.975216
0.977851
0.980477
0.983093
0.985701
0.988299
0.990888
0.993468
0.996038
0.998599
1.00115
1.00369
1.00623
1.00875
1.01127
1.01377
1.01627
1.01875
1.02123
1.0237
1.02615
1.0286
1.03104
1.03347
1.03589
1.0383
1.0407
1.04309
1.04547
1.04784
1.0502
1.05255
1.05489
1.05722
1.05955
1.06186
1.06416
1.06645
1.06873
1.07101
1.07327
1.07552
1.07776
1.08
1.08222
1.08443
1.08663
1.08882
1.09101
1.09318
1.09534
1.09749
1.09963
1.10176
1.10389
1.106
1.1081
1.11019
1.11227
1.11434
1.1164
1.11844
1.12048
1.12251
1.12453
1.12654
1.12853
1.13052
1.1325
1.13446
1.13642
1.13836
1.1403
1.14222
1.14413
1.14603
1.14793
1.14981
1.15168
1.15354
1.15539
1.15722
1.15905
1.16087
1.16268
1.16447
1.16626
1.16803
1.16979
1.17154
1.17329
1.17502
1.17674
1.17845
1.18014
1.18183
1.18351
1.18517
1.18683
1.18847
1.1901
1.19172
1.19333
1.19493
1.19652
1.1981
1.19967
1.20122
1.20277
1.2043
1.20582
1.20733
1.20883
1.21032
1.2118
1.21326
1.21472
1.21616
1.2176
1.21902
1.22043
1.22183
1.22321
1.22459
1.22596
1.22731
1.22865
1.22998
1.2313
1.23261
1.23391
1.2352
1.23647
1.23773
1.23898
1.24023
1.24145
1.24267
1.24388
1.24507
1.24626
1.24743
1.24859
1.24974
1.25087
1.252
1.25311
1.25422
1.25531
1.25639
1.25746
1.25851
1.25956
1.26059
1.26161
1.26262
1.26362
1.26461
1.26559
1.26655
1.2675
1.26844
1.26937
1.27029
1.2712
1.27209
1.27297
1.27384
1.2747
1.27555
1.27638
1.27721
1.27802
1.27882
1.27961
1.28039
1.28115
1.28191
1.28265
1.28338
1.2841
1.2848
1.2855
1.28618
1.28685
1.28751
1.28816
1.2888
1.28942
1.29003
1.29063
1.29122
1.2918
1.29236
1.29292
1.29346
1.29399
1.2945
1.29501
1.2955
1.29599
1.29646
1.29691
1.29736
1.2978
1.29822
1.29863
1.29903
1.29942
1.29979
1.30015
1.30051
1.30085
1.30117
1.30149
1.30179
1.30208
1.30236
1.30263
1.30289
1.30313
1.30337
1.30359
1.3038
1.30399
1.30418
1.30435
1.30451
1.30466
1.3048
1.30492
1.30504
1.30514
1.30523
1.30531
1.30537
1.30543
1.30547
1.3055
1.30552
1.30552
1.30552
1.3055
1.30547
1.30543
1.30538
1.30531
1.30523
1.30515
1.30504
1.30493
1.30481
1.30467
1.30452
1.30436
1.30419
1.30401
1.30381
1.3036
1.30338
1.30315
1.30291
1.30265
1.30239
1.30211
1.30182
1.30151
1.3012
1.30087
1.30054
1.30019
1.29982
1.29945
1.29907
1.29867
1.29826
1.29784
1.29741
1.29696
1.29651
1.29604
1.29556
1.29507
1.29456
1.29405
1.29352
1.29298
1.29243
1.29187
1.2913
1.29071
1.29011
1.2895
1.28888
1.28825
1.28761
1.28695
1.28628
1.2856
1.28491
1.28421
1.2835
1.28277
1.28203
1.28129
1.28052
1.27975
1.27897
1.27817
1.27737
1.27655
1.27572
1.27488
1.27402
1.27316
1.27228
1.27139
1.27049
1.26958
1.26866
1.26773
1.26678
1.26582
1.26486
1.26388
1.26288
1.26188
1.26087
1.25984
1.25881
1.25776
1.2567
1.25563
1.25454
1.25345
1.25234
1.25123
1.2501
1.24896
1.24781
1.24665
1.24548
1.24429
1.2431
1.24189
1.24067
1.23944
1.2382
1.23695
1.23569
1.23441
1.23313
1.23183
1.23052
1.22921
1.22788
1.22654
1.22518
1.22382
1.22245
1.22106
1.21967
1.21826
1.21684
1.21541
1.21397
1.21252
1.21106
1.20959
1.2081
1.20661
1.2051
1.20359
1.20206
1.20052
1.19897
1.19741
1.19584
1.19426
1.19267
1.19107
1.18946
1.18783
1.1862
1.18455
1.18289
1.18123
1.17955
1.17786
1.17616
1.17445
1.17273
1.171
1.16926
1.16751
1.16575
1.16398
1.16219
1.1604
1.1586
1.15678
1.15496
1.15312
1.15128
1.14942
1.14756
1.14568
1.14379
1.1419
1.13999
1.13807
1.13614
1.13421
1.13226
1.1303
1.12833
1.12635
1.12436
1.12236
1.12036
1.11834
1.11631
1.11427
1.11222
1.11016
1.10809
1.10601
1.10392
1.10183
1.09972
1.0976
1.09547
1.09333
1.09118
1.08903
1.08686
1.08468
1.0825
1.0803
1.07809
1.07588
1.07365
1.07142
1.06917
1.06692
1.06465
1.06238
1.0601
1.05781
1.0555
1.05319
1.05087
1.04854
1.0462
1.04385
1.04149
1.03913
1.03675
1.03436
1.03197
1.02956
1.02715
1.02473
1.0223
1.01986
1.0174
1.01495
1.01248
1.01
1.00751
1.00502
1.00251
1
0.997478
0.994947
0.992407
0.989858
0.9873
0.984733
0.982158
0.979574
0.976981
0.97438
0.97177
0.969151
0.966523
0.963887
0.961243
0.95859
0.955928
0.953258
0.950579
0.947892
0.945196
0.942492
0.93978
0.937059
0.93433
0.931593
0.928847
0.926093
0.923331
0.920561
0.917782
0.914995
0.912201
0.909398
0.906587
0.903768
0.900941
0.898106
0.895263
0.892412
0.889553
0.886686
0.883812
0.880929
0.878039
0.875141
0.872235
0.869322
0.866401
0.863472
0.860535
0.857591
0.85464
0.85168
0.848714
0.845739
0.842757
0.839768
0.836772
0.833768
0.830756
0.827737
0.824711
0.821678
0.818637
0.815589
0.812534
0.809472
0.806403
0.803326
0.800243
0.797152
0.794055
0.79095
0.787839
0.78472
0.781595
0.778462
0.775323
0.772177
0.769024
0.765865
0.762698
0.759525
0.756346
0.753159
0.749967
0.746767
0.743561
0.740348
0.737129
0.733904
0.730672
0.727433
0.724188
0.720937
0.71768
0.714416
0.711146
0.707869
0.704587
0.701298
0.698004
0.694703
0.691396
0.688083
0.684764
0.681439
0.678108
0.674771
0.671428
0.668079
0.664725
0.661365
0.657999
0.654627
0.651249
0.647866
0.644477
0.641083
0.637683
0.634277
0.630866
0.62745
0.624028
0.6206
0.617168
0.613729
0.610286
0.606837
0.603383
0.599924
0.596459
0.592989
0.589515
0.586035
0.58255
0.57906
0.575565
0.572065
0.56856
0.56505
0.561535
0.558015
0.554491
0.550962
0.547428
0.543889
0.540346
0.536798
0.533245
0.529688
0.526126
0.52256
0.518989
0.515414
0.511834
0.50825
0.504662
0.501069
0.497472
0.493871
0.490265
0.486655
0.483042
0.479424
0.475802
0.472175
0.468545
0.464911
0.461273
0.457631
0.453985
0.450335
0.446682
0.443024
0.439363
0.435698
0.43203
0.428358
0.424682
0.421002
0.417319
0.413633
0.409943
0.40625
0.402553
0.398852
0.395149
0.391442
0.387732
0.384018
0.380302
0.376582
0.372859
0.369133
0.365404
0.361671
0.357936
0.354198
0.350457
0.346713
0.342966
0.339216
0.335464
0.331708
0.32795
0.324189
0.320426
0.31666
0.312891
0.30912
0.305346
0.30157
0.297791
0.29401
0.290227
0.286441
0.282653
0.278862
0.27507
0.271275
0.267477
0.263678
0.259877
0.256073
0.252268
0.24846
0.244651
0.240839
0.237026
0.233211
0.229394
0.225575
0.221755
0.217932
0.214108
0.210283
0.206455
0.202626
0.198796
0.194964
0.191131
0.187296
0.183459
0.179622
0.175783
0.171942
0.168101
0.164258
0.160414
0.156569
0.152723
0.148875
0.145027
0.141177
0.137327
0.133475
0.129623
0.125769
0.121915
0.11806
0.114205
0.110348
0.106491
0.102633
0.0987747
0.0949156
0.0910559
0.0871957
0.083335
0.0794739
0.0756123
0.0717503
0.0678879
0.0640253
0.0601623
0.0562991
0.0524357
0.0485721
0.0447083
0.0408444
0.0369805
0.0331165
0.0292525
0.0253885
0.0215246
0.0176608
0.0137972
0.00993368
0.00607039
0.00220734
0.00165544
0.00551791
0.00938003
0.0132418
0.0171031
0.020964
0.0248243
0.0286842
0.0325435
0.0364022
0.0402603
0.0441178
0.0479745
0.0518305
0.0556857
0.0595402
0.0633937
0.0672465
0.0710983
0.0749492
0.078799
0.0826479
0.0864958
0.0903425
0.0941882
0.0980326
0.101876
0.105718
0.109559
0.113398
0.117237
0.121073
0.124909
0.128743
0.132575
0.136406
0.140236
0.144064
0.14789
0.151715
0.155538
0.159359
0.163179
0.166997
0.170813
0.174627
0.178439
0.182249
0.186058
0.189864
0.193668
0.197471
0.201271
0.205069
0.208865
0.212659
0.21645
0.220239
0.224026
0.227811
0.231593
0.235373
0.239151
0.242926
0.246698
0.250468
0.254235
0.258
0.261762
0.265522
0.269278
0.273032
0.276784
0.280532
0.284278
0.28802
0.29176
0.295497
0.299231
0.302962
0.306689
0.310414
0.314136
0.317854
0.321569
0.325282
0.32899
0.332696
0.336398
0.340097
0.343793
0.347485
0.351173
0.354858
0.35854
0.362218
0.365893
0.369564
0.373231
0.376894
0.380554
0.38421
0.387863
0.391511
0.395156
0.398797
0.402434
0.406066
0.409695
0.41332
0.416941
0.420558
0.424171
0.427779
0.431384
0.434984
0.43858
0.442172
0.445759
0.449342
0.452921
0.456495
0.460065
0.46363
0.467191
0.470748
0.474299
0.477847
0.481389
0.484927
0.48846
0.491989
0.495513
0.499032
0.502546
0.506055
0.50956
0.513059
0.516554
0.520043
0.523528
0.527007
0.530482
0.533951
0.537416
0.540875
0.544329
0.547777
0.551221
0.554659
0.558092
0.561519
0.564941
0.568358
0.571769
0.575175
0.578576
0.58197
0.58536
0.588743
0.592121
0.595493
0.59886
0.602221
0.605576
0.608926
0.612269
0.615607
0.618939
0.622265
0.625585
0.628899
0.632207
0.63551
0.638806
0.642096
0.64538
0.648658
0.651929
0.655195
0.658454
0.661707
0.664954
0.668194
0.671428
0.674656
0.677877
0.681092
0.6843
0.687502
0.690698
0.693887
0.697069
0.700245
0.703414
0.706576
0.709732
0.712881
0.716024
0.719159
0.722288
0.72541
0.728525
0.731633
0.734735
0.737829
0.740917
0.743997
0.74707
0.750137
0.753196
0.756248
0.759294
0.762332
0.765362
0.768386
0.771402
0.774411
0.777413
0.780408
0.783395
0.786375
0.789347
0.792312
0.79527
0.79822
0.801162
0.804097
0.807025
0.809945
0.812857
0.815762
0.818659
0.821548
0.82443
0.827303
0.83017
0.833028
0.835878
0.838721
0.841556
0.844383
0.847202
0.850013
0.852816
0.855612
0.858399
0.861178
0.863949
0.866712
0.869467
0.872214
0.874952
0.877683
0.880405
0.883119
0.885824
0.888522
0.891211
0.893892
0.896564
0.899228
0.901884
0.904531
0.90717
0.9098
0.912422
0.915036
0.91764
0.920237
0.922824
0.925403
0.927974
0.930536
0.933089
0.935633
0.938169
0.940696
0.943214
0.945723
0.948224
0.950716
0.953199
0.955673
0.958138
0.960594
0.963041
0.965479
0.967909
0.970329
0.97274
0.975143
0.977536
0.97992
0.982295
0.984661
0.987017
0.989365
0.991703
0.994032
0.996352
0.998663
1.00096
1.00326
1.00554
1.00781
1.01008
1.01233
1.01458
1.01681
1.01904
1.02125
1.02346
1.02566
1.02785
1.03003
1.0322
1.03436
1.03651
1.03865
1.04078
1.0429
1.04501
1.04711
1.04921
1.05129
1.05336
1.05542
1.05748
1.05952
1.06155
1.06358
1.06559
1.0676
1.06959
1.07157
1.07355
1.07551
1.07747
1.07941
1.08135
1.08327
1.08519
1.08709
1.08899
1.09087
1.09274
1.09461
1.09646
1.09831
1.10014
1.10196
1.10378
1.10558
1.10737
1.10916
1.11093
1.11269
1.11444
1.11618
1.11792
1.11964
1.12135
1.12305
1.12474
1.12642
1.12809
1.12975
1.13139
1.13303
1.13466
1.13628
1.13788
1.13948
1.14107
1.14264
1.14421
1.14576
1.1473
1.14884
1.15036
1.15187
1.15337
1.15486
1.15634
1.15781
1.15927
1.16072
1.16215
1.16358
1.165
1.1664
1.16779
1.16918
1.17055
1.17191
1.17326
1.1746
1.17593
1.17725
1.17856
1.17986
1.18114
1.18242
1.18368
1.18494
1.18618
1.18741
1.18863
1.18984
1.19104
1.19223
1.19341
1.19457
1.19573
1.19687
1.19801
1.19913
1.20024
1.20134
1.20243
1.20351
1.20457
1.20563
1.20667
1.20771
1.20873
1.20974
1.21074
1.21173
1.21271
1.21368
1.21463
1.21558
1.21651
1.21743
1.21835
1.21925
1.22013
1.22101
1.22188
1.22273
1.22358
1.22441
1.22523
1.22604
1.22684
1.22763
1.22841
1.22917
1.22993
1.23067
1.2314
1.23212
1.23283
1.23353
1.23422
1.23489
1.23556
1.23621
1.23685
1.23748
1.2381
1.23871
1.2393
1.23989
1.24046
1.24102
1.24157
1.24211
1.24264
1.24316
1.24366
1.24415
1.24464
1.24511
1.24557
1.24602
1.24645
1.24688
1.24729
1.24769
1.24809
1.24847
1.24883
1.24919
1.24954
1.24987
1.25019
1.2505
1.2508
1.25109
1.25137
1.25164
1.25189
1.25213
1.25236
1.25258
1.25279
1.25299
1.25317
1.25335
1.25351
1.25366
1.2538
1.25393
1.25405
1.25415
1.25425
1.25433
1.2544
1.25446
1.25451
1.25455
1.25457
1.25458
1.25459
1.25458
1.25456
1.25453
1.25448
1.25443
1.25436
1.25428
1.25419
1.25409
1.25398
1.25386
1.25372
1.25358
1.25342
1.25325
1.25307
1.25288
1.25268
1.25246
1.25224
1.252
1.25175
1.25149
1.25122
1.25093
1.25064
1.25033
1.25002
1.24969
1.24935
1.249
1.24864
1.24826
1.24788
1.24748
1.24707
1.24665
1.24622
1.24578
1.24533
1.24486
1.24438
1.2439
1.2434
1.24289
1.24237
1.24184
1.24129
1.24074
1.24017
1.23959
1.239
1.2384
1.23779
1.23717
1.23654
1.23589
1.23523
1.23457
1.23389
1.2332
1.2325
1.23178
1.23106
1.23033
1.22958
1.22882
1.22806
1.22728
1.22649
1.22568
1.22487
1.22405
1.22321
1.22237
1.22151
1.22064
1.21976
1.21887
1.21797
1.21706
1.21614
1.2152
1.21426
1.2133
1.21233
1.21135
1.21036
1.20936
1.20835
1.20733
1.2063
1.20525
1.2042
1.20313
1.20206
1.20097
1.19987
1.19876
1.19764
1.19651
1.19537
1.19421
1.19305
1.19188
1.19069
1.18949
1.18829
1.18707
1.18584
1.1846
1.18335
1.18209
1.18082
1.17954
1.17825
1.17695
1.17563
1.17431
1.17297
1.17163
1.17027
1.16891
1.16753
1.16614
1.16474
1.16333
1.16191
1.16048
1.15904
1.15759
1.15613
1.15466
1.15318
1.15169
1.15018
1.14867
1.14715
1.14561
1.14407
1.14251
1.14095
1.13937
1.13779
1.13619
1.13459
1.13297
1.13134
1.12971
1.12806
1.1264
1.12474
1.12306
1.12137
1.11967
1.11797
1.11625
1.11452
1.11278
1.11104
1.10928
1.10751
1.10573
1.10395
1.10215
1.10034
1.09852
1.0967
1.09486
1.09301
1.09116
1.08929
1.08741
1.08553
1.08363
1.08172
1.07981
1.07788
1.07595
1.074
1.07205
1.07009
1.06811
1.06613
1.06414
1.06213
1.06012
1.0581
1.05607
1.05403
1.05198
1.04992
1.04785
1.04578
1.04369
1.04159
1.03949
1.03737
1.03524
1.03311
1.03097
1.02882
1.02665
1.02448
1.0223
1.02011
1.01791
1.01571
1.01349
1.01126
1.00903
1.00679
1.00453
1.00227
1
0.99772
0.995431
0.993134
0.990827
0.988512
0.986187
0.983854
0.981512
0.979162
0.976802
0.974434
0.972057
0.969671
0.967277
0.964874
0.962463
0.960043
0.957614
0.955176
0.952731
0.950276
0.947813
0.945342
0.942862
0.940374
0.937878
0.935373
0.932859
0.930338
0.927808
0.92527
0.922723
0.920168
0.917605
0.915034
0.912455
0.909868
0.907272
0.904669
0.902057
0.899437
0.896809
0.894174
0.89153
0.888878
0.886219
0.883552
0.880876
0.878193
0.875502
0.872803
0.870097
0.867383
0.864661
0.861931
0.859194
0.856449
0.853696
0.850936
0.848168
0.845393
0.84261
0.83982
0.837022
0.834217
0.831404
0.828584
0.825757
0.822922
0.82008
0.817231
0.814375
0.811511
0.80864
0.805762
0.802877
0.799985
0.797085
0.794179
0.791265
0.788345
0.785417
0.782483
0.779541
0.776593
0.773638
0.770676
0.767707
0.764731
0.761749
0.75876
0.755764
0.752762
0.749752
0.746737
0.743714
0.740685
0.73765
0.734608
0.731559
0.728504
0.725443
0.722375
0.719301
0.716221
0.713134
0.710041
0.706941
0.703836
0.700724
0.697606
0.694482
0.691352
0.688216
0.685073
0.681925
0.678771
0.67561
0.672444
0.669272
0.666094
0.66291
0.65972
0.656525
0.653323
0.650116
0.646904
0.643685
0.640461
0.637232
0.633997
0.630756
0.627509
0.624258
0.621
0.617738
0.61447
0.611196
0.607917
0.604633
0.601344
0.598049
0.594749
0.591444
0.588134
0.584819
0.581498
0.578173
0.574842
0.571507
0.568166
0.564821
0.56147
0.558115
0.554755
0.55139
0.54802
0.544646
0.541266
0.537882
0.534494
0.5311
0.527703
0.5243
0.520893
0.517482
0.514066
0.510645
0.50722
0.503791
0.500358
0.49692
0.493478
0.490031
0.48658
0.483126
0.479667
0.476203
0.472736
0.469265
0.465789
0.46231
0.458827
0.455339
0.451848
0.448353
0.444854
0.441352
0.437845
0.434335
0.430821
0.427303
0.423782
0.420257
0.416728
0.413196
0.409661
0.406122
0.402579
0.399033
0.395484
0.391931
0.388375
0.384816
0.381253
0.377687
0.374118
0.370546
0.366971
0.363393
0.359811
0.356227
0.352639
0.349049
0.345455
0.341859
0.33826
0.334658
0.331053
0.327446
0.323835
0.320222
0.316607
0.312988
0.309367
0.305744
0.302118
0.298489
0.294858
0.291225
0.287589
0.283951
0.28031
0.276668
0.273023
0.269375
0.265726
0.262074
0.25842
0.254764
0.251106
0.247446
0.243784
0.24012
0.236454
0.232786
0.229117
0.225445
0.221772
0.218097
0.21442
0.210741
0.207061
0.203379
0.199696
0.196011
0.192324
0.188636
0.184946
0.181255
0.177563
0.173869
0.170174
0.166478
0.16278
0.159082
0.155382
0.15168
0.147978
0.144275
0.14057
0.136865
0.133158
0.129451
0.125742
0.122033
0.118323
0.114612
0.110901
0.107188
0.103475
0.099761
0.0960464
0.0923313
0.0886156
0.0848993
0.0811825
0.0774652
0.0737475
0.0700293
0.0663108
0.0625919
0.0588727
0.0551532
0.0514335
0.0477136
0.0439935
0.0402732
0.0365528
0.0328324
0.0291119
0.0253914
0.021671
0.0179505
0.0142302
0.01051
0.00679
0.00307017
0.000649437
0.00436878
0.00808783
0.0118065
0.0155249
0.0192429
0.0229604
0.0266774
0.030394
0.03411
0.0378255
0.0415403
0.0452546
0.0489681
0.052681
0.0563931
0.0601045
0.063815
0.0675247
0.0712335
0.0749415
0.0786485
0.0823545
0.0860595
0.0897635
0.0934664
0.0971682
0.100869
0.104568
0.108267
0.111964
0.115659
0.119354
0.123047
0.126739
0.130429
0.134118
0.137805
0.141491
0.145176
0.148858
0.152539
0.156219
0.159897
0.163573
0.167247
0.17092
0.174591
0.17826
0.181927
0.185592
0.189255
0.192916
0.196576
0.200233
0.203888
0.207541
0.211192
0.214841
0.218487
0.222131
0.225773
0.229413
0.23305
0.236685
0.240318
0.243948
0.247575
0.251201
0.254823
0.258443
0.262061
0.265675
0.269287
0.272897
0.276504
0.280107
0.283709
0.287307
0.290902
0.294495
0.298084
0.301671
0.305254
0.308835
0.312413
0.315987
0.319558
0.323126
0.326691
0.330253
0.333812
0.337367
0.340919
0.344467
0.348012
0.351554
0.355092
0.358627
0.362158
0.365686
0.36921
0.372731
0.376248
0.379761
0.38327
0.386776
0.390278
0.393777
0.397271
0.400762
0.404248
0.407731
0.41121
0.414685
0.418155
0.421622
0.425085
0.428543
0.431998
0.435448
0.438894
0.442336
0.445773
0.449206
0.452635
0.45606
0.45948
0.462896
0.466307
0.469714
0.473116
0.476514
0.479907
0.483295
0.486679
0.490058
0.493433
0.496803
0.500168
0.503528
0.506884
0.510234
0.51358
0.516921
0.520257
0.523587
0.526913
0.530234
0.53355
0.536861
0.540166
0.543467
0.546762
0.550052
0.553337
0.556616
0.559891
0.563159
0.566423
0.569681
0.572934
0.576181
0.579423
0.582659
0.58589
0.589116
0.592335
0.595549
0.598758
0.60196
0.605157
0.608349
0.611534
0.614714
0.617888
0.621056
0.624218
0.627374
0.630524
0.633669
0.636807
0.63994
0.643066
0.646186
0.6493
0.652408
0.65551
0.658606
0.661695
0.664778
0.667855
0.670926
0.67399
0.677048
0.6801
0.683145
0.686184
0.689216
0.692242
0.695261
0.698274
0.70128
0.704279
0.707272
0.710259
0.713238
0.716211
0.719177
0.722137
0.725089
0.728035
0.730974
0.733906
0.736832
0.73975
0.742661
0.745566
0.748463
0.751353
0.754237
0.757113
0.759982
0.762844
0.765699
0.768547
0.771387
0.774221
0.777047
0.779865
0.782677
0.785481
0.788278
0.791067
0.793849
0.796624
0.799391
0.802151
0.804903
0.807648
0.810385
0.813114
0.815836
0.81855
0.821257
0.823956
0.826647
0.829331
0.832007
0.834675
0.837335
0.839988
0.842632
0.845269
0.847898
0.850519
0.853132
0.855737
0.858334
0.860923
0.863504
0.866077
0.868642
0.871199
0.873748
0.876289
0.878821
0.881345
0.883862
0.886369
0.888869
0.89136
0.893843
0.896318
0.898784
0.901242
0.903692
0.906133
0.908566
0.91099
0.913406
0.915814
0.918213
0.920603
0.922985
0.925358
0.927723
0.930079
0.932426
0.934765
0.937095
0.939416
0.941729
0.944033
0.946328
0.948614
0.950892
0.95316
0.95542
0.957671
0.959913
0.962147
0.964371
0.966586
0.968793
0.97099
0.973178
0.975358
0.977528
0.979689
0.981842
0.983985
0.986119
0.988244
0.990359
0.992466
0.994563
0.996651
0.99873
1.0008
1.00286
1.00491
1.00695
1.00899
1.01101
1.01302
1.01503
1.01702
1.01901
1.02098
1.02295
1.02491
1.02686
1.02879
1.03072
1.03264
1.03455
1.03645
1.03834
1.04022
1.0421
1.04396
1.04581
1.04765
1.04949
1.05131
1.05312
1.05493
1.05672
1.0585
1.06028
1.06204
1.0638
1.06554
1.06728
1.069
1.07072
1.07242
1.07412
1.07581
1.07748
1.07915
1.0808
1.08245
1.08409
1.08571
1.08733
1.08893
1.09053
1.09212
1.09369
1.09526
1.09681
1.09836
1.0999
1.10142
1.10294
1.10444
1.10594
1.10742
1.1089
1.11036
1.11181
1.11326
1.11469
1.11612
1.11753
1.11893
1.12032
1.12171
1.12308
1.12444
1.12579
1.12713
1.12846
1.12978
1.13109
1.13239
1.13368
1.13496
1.13623
1.13748
1.13873
1.13997
1.14119
1.14241
1.14362
1.14481
1.14599
1.14717
1.14833
1.14948
1.15063
1.15176
1.15288
1.15399
1.15509
1.15618
1.15726
1.15832
1.15938
1.16043
1.16146
1.16249
1.1635
1.16451
1.1655
1.16648
1.16746
1.16842
1.16937
1.17031
1.17124
1.17215
1.17306
1.17396
1.17484
1.17572
1.17658
1.17744
1.17828
1.17911
1.17993
1.18074
1.18154
1.18233
1.18311
1.18388
1.18463
1.18538
1.18611
1.18684
1.18755
1.18825
1.18894
1.18962
1.19029
1.19095
1.1916
1.19224
1.19286
1.19348
1.19408
1.19467
1.19526
1.19583
1.19639
1.19694
1.19747
1.198
1.19852
1.19902
1.19952
1.2
1.20047
1.20094
1.20139
1.20183
1.20225
1.20267
1.20308
1.20347
1.20386
1.20423
1.20459
1.20495
1.20529
1.20562
1.20593
1.20624
1.20654
1.20682
1.2071
1.20736
1.20761
1.20785
1.20809
1.2083
1.20851
1.20871
1.2089
1.20907
1.20924
1.20939
1.20953
1.20966
1.20978
1.20989
1.20999
1.21008
1.21015
1.21022
1.21027
1.21031
1.21034
1.21036
1.21037
1.21037
1.21036
1.21034
1.2103
1.21026
1.2102
1.21013
1.21005
1.20996
1.20986
1.20975
1.20963
1.20949
1.20935
1.20919
1.20903
1.20885
1.20866
1.20846
1.20825
1.20803
1.20779
1.20755
1.2073
1.20703
1.20675
1.20647
1.20617
1.20586
1.20554
1.2052
1.20486
1.20451
1.20414
1.20377
1.20338
1.20298
1.20257
1.20216
1.20172
1.20128
1.20083
1.20037
1.19989
1.19941
1.19891
1.19841
1.19789
1.19736
1.19682
1.19627
1.19571
1.19514
1.19456
1.19396
1.19336
1.19274
1.19212
1.19148
1.19083
1.19017
1.1895
1.18882
1.18813
1.18743
1.18672
1.18599
1.18526
1.18451
1.18376
1.18299
1.18221
1.18143
1.18063
1.17982
1.179
1.17817
1.17733
1.17647
1.17561
1.17474
1.17385
1.17296
1.17205
1.17114
1.17021
1.16927
1.16832
1.16737
1.1664
1.16542
1.16443
1.16343
1.16242
1.16139
1.16036
1.15932
1.15826
1.1572
1.15613
1.15504
1.15395
1.15284
1.15172
1.1506
1.14946
1.14831
1.14716
1.14599
1.14481
1.14362
1.14242
1.14121
1.13999
1.13876
1.13752
1.13627
1.13501
1.13374
1.13246
1.13116
1.12986
1.12855
1.12723
1.12589
1.12455
1.1232
1.12183
1.12046
1.11908
1.11768
1.11628
1.11487
1.11344
1.11201
1.11056
1.10911
1.10765
1.10617
1.10469
1.10319
1.10169
1.10018
1.09865
1.09712
1.09557
1.09402
1.09246
1.09088
1.0893
1.08771
1.0861
1.08449
1.08287
1.08124
1.0796
1.07794
1.07628
1.07461
1.07293
1.07124
1.06954
1.06783
1.06611
1.06438
1.06264
1.0609
1.05914
1.05737
1.05559
1.05381
1.05201
1.05021
1.04839
1.04657
1.04473
1.04289
1.04104
1.03918
1.03731
1.03542
1.03353
1.03164
1.02973
1.02781
1.02588
1.02395
1.022
1.02005
1.01808
1.01611
1.01413
1.01214
1.01014
1.00813
1.00611
1.00408
1.00205
1
0.997946
0.995882
0.99381
0.991729
0.989638
0.987539
0.985431
0.983315
0.981189
0.979054
0.976911
0.974759
0.972598
0.970429
0.968251
0.966064
0.963868
0.961664
0.959451
0.95723
0.955
0.952761
0.950514
0.948259
0.945994
0.943722
0.941441
0.939151
0.936853
0.934547
0.932232
0.929909
0.927578
0.925238
0.92289
0.920534
0.918169
0.915796
0.913416
0.911026
0.908629
0.906224
0.90381
0.901389
0.898959
0.896521
0.894076
0.891622
0.88916
0.886691
0.884213
0.881728
0.879234
0.876733
0.874224
0.871707
0.869183
0.86665
0.86411
0.861562
0.859007
0.856443
0.853873
0.851294
0.848708
0.846114
0.843513
0.840904
0.838288
0.835664
0.833033
0.830395
0.827749
0.825095
0.822435
0.819767
0.817091
0.814409
0.811719
0.809021
0.806317
0.803606
0.800887
0.798161
0.795428
0.792688
0.789941
0.787187
0.784426
0.781658
0.778883
0.776101
0.773312
0.770517
0.767714
0.764905
0.762089
0.759266
0.756436
0.7536
0.750756
0.747907
0.74505
0.742187
0.739318
0.736442
0.733559
0.73067
0.727774
0.724872
0.721963
0.719048
0.716127
0.713199
0.710265
0.707325
0.704379
0.701426
0.698467
0.695502
0.69253
0.689553
0.686569
0.68358
0.680584
0.677583
0.674575
0.671561
0.668542
0.665516
0.662485
0.659448
0.656405
0.653356
0.650301
0.647241
0.644175
0.641103
0.638026
0.634943
0.631855
0.62876
0.625661
0.622556
0.619445
0.616329
0.613207
0.61008
0.606948
0.603811
0.600668
0.597519
0.594366
0.591207
0.588043
0.584874
0.5817
0.578521
0.575337
0.572147
0.568953
0.565753
0.562549
0.55934
0.556126
0.552907
0.549683
0.546454
0.543221
0.539982
0.536739
0.533492
0.53024
0.526983
0.523721
0.520455
0.517184
0.513909
0.51063
0.507346
0.504057
0.500764
0.497467
0.494165
0.49086
0.487549
0.484235
0.480917
0.477594
0.474267
0.470936
0.467601
0.464262
0.460918
0.457571
0.45422
0.450865
0.447506
0.444143
0.440777
0.437406
0.434032
0.430654
0.427272
0.423887
0.420498
0.417105
0.413709
0.410309
0.406906
0.403499
0.400089
0.396675
0.393258
0.389837
0.386413
0.382986
0.379556
0.376122
0.372685
0.369245
0.365802
0.362355
0.358906
0.355453
0.351998
0.348539
0.345078
0.341613
0.338146
0.334676
0.331203
0.327727
0.324249
0.320767
0.317283
0.313797
0.310307
0.306815
0.303321
0.299824
0.296324
0.292822
0.289317
0.28581
0.282301
0.278789
0.275275
0.271759
0.26824
0.26472
0.261197
0.257671
0.254144
0.250615
0.247083
0.24355
0.240014
0.236477
0.232938
0.229396
0.225853
0.222308
0.218761
0.215213
0.211662
0.20811
0.204557
0.201001
0.197444
0.193886
0.190326
0.186764
0.183201
0.179637
0.176071
0.172503
0.168935
0.165365
0.161793
0.158221
0.154647
0.151072
0.147496
0.143919
0.140341
0.136761
0.133181
0.129599
0.126017
0.122434
0.11885
0.115265
0.111679
0.108092
0.104505
0.100917
0.0973278
0.0937383
0.0901481
0.0865574
0.0829661
0.0793743
0.0757819
0.0721891
0.0685959
0.0650023
0.0614083
0.0578139
0.0542193
0.0506243
0.0470292
0.0434338
0.0398383
0.0362426
0.0326468
0.029051
0.0254551
0.0218592
0.0182633
0.0146674
0.0110717
0.00747608
0.00388061
0.000285331
0.00330973
0.00690453
0.0104991
0.0140933
0.0176871
0.0212806
0.0248736
0.0284662
0.0320583
0.03565
0.039241
0.0428315
0.0464214
0.0500106
0.0535991
0.057187
0.060774
0.0643604
0.0679459
0.0715305
0.0751143
0.0786972
0.0822791
0.0858601
0.0894401
0.093019
0.0965969
0.100174
0.103749
0.107324
0.110897
0.114469
0.11804
0.121609
0.125177
0.128744
0.13231
0.135874
0.139436
0.142997
0.146557
0.150114
0.153671
0.157226
0.160779
0.16433
0.16788
0.171428
0.174974
0.178518
0.18206
0.185601
0.18914
0.192676
0.196211
0.199744
0.203275
0.206803
0.21033
0.213854
0.217377
0.220897
0.224414
0.22793
0.231443
0.234954
0.238463
0.241969
0.245473
0.248974
0.252473
0.255969
0.259463
0.262954
0.266443
0.269929
0.273412
0.276892
0.28037
0.283845
0.287318
0.290787
0.294253
0.297717
0.301178
0.304636
0.30809
0.311542
0.314991
0.318436
0.321879
0.325318
0.328754
0.332187
0.335617
0.339044
0.342467
0.345886
0.349303
0.352716
0.356126
0.359532
0.362935
0.366334
0.369729
0.373121
0.37651
0.379895
0.383276
0.386653
0.390027
0.393397
0.396763
0.400125
0.403484
0.406838
0.410189
0.413536
0.416878
0.420217
0.423552
0.426882
0.430209
0.433531
0.43685
0.440164
0.443474
0.446779
0.45008
0.453377
0.45667
0.459958
0.463242
0.466522
0.469797
0.473068
0.476334
0.479595
0.482852
0.486104
0.489352
0.492595
0.495834
0.499067
0.502296
0.50552
0.508739
0.511954
0.515164
0.518368
0.521568
0.524763
0.527953
0.531138
0.534317
0.537492
0.540662
0.543826
0.546986
0.55014
0.553289
0.556433
0.559571
0.562704
0.565832
0.568955
0.572072
0.575184
0.57829
0.581391
0.584486
0.587576
0.590661
0.593739
0.596812
0.59988
0.602942
0.605998
0.609048
0.612093
0.615132
0.618165
0.621192
0.624214
0.62723
0.630239
0.633243
0.636241
0.639233
0.642218
0.645198
0.648172
0.65114
0.654101
0.657057
0.660006
0.662949
0.665886
0.668816
0.67174
0.674658
0.67757
0.680475
0.683374
0.686267
0.689153
0.692032
0.694905
0.697772
0.700632
0.703485
0.706332
0.709173
0.712006
0.714833
0.717654
0.720467
0.723274
0.726074
0.728868
0.731654
0.734434
0.737206
0.739972
0.742731
0.745483
0.748228
0.750967
0.753698
0.756422
0.759139
0.761849
0.764551
0.767247
0.769935
0.772617
0.775291
0.777958
0.780617
0.78327
0.785915
0.788552
0.791183
0.793806
0.796421
0.79903
0.80163
0.804224
0.806809
0.809388
0.811958
0.814521
0.817077
0.819625
0.822165
0.824698
0.827223
0.82974
0.83225
0.834752
0.837246
0.839732
0.842211
0.844682
0.847144
0.849599
0.852047
0.854486
0.856917
0.85934
0.861756
0.864163
0.866562
0.868953
0.871336
0.873711
0.876078
0.878437
0.880788
0.88313
0.885465
0.887791
0.890109
0.892418
0.89472
0.897013
0.899297
0.901574
0.903842
0.906101
0.908353
0.910595
0.91283
0.915056
0.917273
0.919482
0.921683
0.923874
0.926058
0.928233
0.930399
0.932556
0.934705
0.936846
0.938977
0.9411
0.943214
0.94532
0.947417
0.949505
0.951584
0.953654
0.955716
0.957768
0.959812
0.961847
0.963873
0.965891
0.967899
0.969898
0.971889
0.97387
0.975842
0.977806
0.97976
0.981705
0.983642
0.985569
0.987487
0.989396
0.991295
0.993186
0.995068
0.99694
0.998803
1.00066
1.0025
1.00434
1.00616
1.00798
1.00979
1.01159
1.01337
1.01515
1.01692
1.01868
1.02044
1.02218
1.02391
1.02563
1.02735
1.02905
1.03075
1.03243
1.03411
1.03577
1.03743
1.03908
1.04071
1.04234
1.04396
1.04557
1.04717
1.04876
1.05034
1.05191
1.05347
1.05502
1.05656
1.05809
1.05961
1.06112
1.06263
1.06412
1.0656
1.06707
1.06854
1.06999
1.07143
1.07287
1.07429
1.0757
1.07711
1.0785
1.07988
1.08126
1.08262
1.08398
1.08532
1.08665
1.08798
1.08929
1.0906
1.09189
1.09317
1.09445
1.09571
1.09697
1.09821
1.09944
1.10067
1.10188
1.10308
1.10428
1.10546
1.10663
1.1078
1.10895
1.11009
1.11122
1.11235
1.11346
1.11456
1.11565
1.11673
1.1178
1.11886
1.11991
1.12095
1.12198
1.123
1.12401
1.12501
1.126
1.12698
1.12795
1.1289
1.12985
1.13079
1.13171
1.13263
1.13354
1.13443
1.13532
1.13619
1.13706
1.13791
1.13875
1.13959
1.14041
1.14122
1.14202
1.14281
1.14359
1.14436
1.14512
1.14587
1.14661
1.14734
1.14806
1.14876
1.14946
1.15015
1.15082
1.15149
1.15214
1.15279
1.15342
1.15404
1.15466
1.15526
1.15585
1.15643
1.157
1.15756
1.15811
1.15865
1.15917
1.15969
1.1602
1.16069
1.16118
1.16165
1.16212
1.16257
1.16301
1.16345
1.16387
1.16428
1.16468
1.16507
1.16545
1.16582
1.16617
1.16652
1.16686
1.16718
1.1675
1.1678
1.1681
1.16838
1.16865
1.16891
1.16916
1.1694
1.16963
1.16985
1.17006
1.17026
1.17045
1.17062
1.17079
1.17094
1.17109
1.17122
1.17134
1.17145
1.17156
1.17165
1.17173
1.1718
1.17186
1.1719
1.17194
1.17197
1.17198
1.17199
1.17198
1.17197
1.17194
1.1719
1.17185
1.1718
1.17173
1.17165
1.17156
1.17145
1.17134
1.17122
1.17108
1.17094
1.17079
1.17062
1.17044
1.17026
1.17006
1.16985
1.16963
1.1694
1.16916
1.16891
1.16865
1.16838
1.1681
1.1678
1.1675
1.16718
1.16686
1.16652
1.16618
1.16582
1.16545
1.16507
1.16468
1.16428
1.16387
1.16345
1.16302
1.16258
1.16213
1.16166
1.16119
1.16071
1.16021
1.15971
1.15919
1.15867
1.15813
1.15758
1.15702
1.15645
1.15588
1.15529
1.15469
1.15408
1.15345
1.15282
1.15218
1.15153
1.15087
1.15019
1.14951
1.14882
1.14811
1.1474
1.14667
1.14593
1.14519
1.14443
1.14366
1.14289
1.1421
1.1413
1.14049
1.13967
1.13884
1.13801
1.13716
1.13629
1.13542
1.13454
1.13365
1.13275
1.13184
1.13092
1.12999
1.12904
1.12809
1.12713
1.12615
1.12517
1.12418
1.12317
1.12216
1.12114
1.1201
1.11906
1.118
1.11694
1.11586
1.11478
1.11368
1.11258
1.11146
1.11034
1.1092
1.10806
1.1069
1.10574
1.10456
1.10337
1.10218
1.10097
1.09976
1.09853
1.0973
1.09605
1.0948
1.09353
1.09226
1.09097
1.08968
1.08837
1.08706
1.08573
1.0844
1.08306
1.0817
1.08034
1.07897
1.07758
1.07619
1.07479
1.07338
1.07195
1.07052
1.06908
1.06763
1.06617
1.0647
1.06322
1.06173
1.06023
1.05872
1.0572
1.05568
1.05414
1.05259
1.05104
1.04947
1.04789
1.04631
1.04472
1.04311
1.0415
1.03988
1.03824
1.0366
1.03495
1.03329
1.03162
1.02994
1.02826
1.02656
1.02485
1.02314
1.02141
1.01968
1.01794
1.01618
1.01442
1.01265
1.01087
1.00908
1.00728
1.00548
1.00366
1.00183
1
0.998157
0.996304
0.994443
0.992573
0.990693
0.988805
0.986908
0.985002
0.983087
0.981164
0.979231
0.97729
0.97534
0.973381
0.971413
0.969437
0.967451
0.965458
0.963455
0.961444
0.959424
0.957395
0.955358
0.953313
0.951258
0.949195
0.947124
0.945044
0.942956
0.940859
0.938753
0.93664
0.934518
0.932387
0.930248
0.928101
0.925945
0.923781
0.921609
0.919428
0.917239
0.915042
0.912837
0.910623
0.908402
0.906172
0.903934
0.901688
0.899434
0.897172
0.894901
0.892623
0.890337
0.888042
0.88574
0.88343
0.881112
0.878786
0.876452
0.87411
0.87176
0.869403
0.867038
0.864665
0.862284
0.859895
0.857499
0.855095
0.852684
0.850265
0.847838
0.845404
0.842962
0.840512
0.838055
0.835591
0.833119
0.830639
0.828152
0.825658
0.823157
0.820648
0.818131
0.815607
0.813077
0.810538
0.807993
0.80544
0.80288
0.800313
0.797739
0.795157
0.792569
0.789973
0.787371
0.784761
0.782145
0.779521
0.77689
0.774253
0.771608
0.768957
0.766299
0.763634
0.760962
0.758283
0.755598
0.752906
0.750207
0.747502
0.74479
0.742071
0.739345
0.736613
0.733875
0.73113
0.728378
0.72562
0.722855
0.720084
0.717307
0.714523
0.711733
0.708937
0.706134
0.703325
0.700509
0.697688
0.69486
0.692026
0.689186
0.68634
0.683488
0.680629
0.677765
0.674895
0.672018
0.669136
0.666248
0.663353
0.660453
0.657547
0.654635
0.651718
0.648794
0.645865
0.64293
0.63999
0.637044
0.634092
0.631134
0.628171
0.625203
0.622229
0.619249
0.616264
0.613273
0.610277
0.607276
0.604269
0.601257
0.598239
0.595217
0.592189
0.589156
0.586117
0.583074
0.580025
0.576971
0.573912
0.570848
0.567779
0.564705
0.561626
0.558542
0.555453
0.55236
0.549261
0.546158
0.543049
0.539936
0.536819
0.533696
0.530569
0.527437
0.524301
0.52116
0.518014
0.514864
0.511709
0.50855
0.505386
0.502218
0.499046
0.495869
0.492687
0.489502
0.486312
0.483118
0.47992
0.476717
0.473511
0.4703
0.467085
0.463866
0.460643
0.457416
0.454185
0.45095
0.447711
0.444468
0.441221
0.437971
0.434717
0.431458
0.428197
0.424931
0.421662
0.418389
0.415112
0.411832
0.408548
0.405261
0.40197
0.398676
0.395378
0.392077
0.388772
0.385465
0.382153
0.378839
0.375521
0.3722
0.368876
0.365548
0.362218
0.358884
0.355547
0.352207
0.348865
0.345519
0.34217
0.338818
0.335464
0.332106
0.328746
0.325382
0.322017
0.318648
0.315276
0.311902
0.308526
0.305146
0.301764
0.29838
0.294993
0.291603
0.288211
0.284817
0.28142
0.27802
0.274619
0.271215
0.267809
0.2644
0.26099
0.257577
0.254162
0.250745
0.247325
0.243904
0.240481
0.237055
0.233628
0.230199
0.226768
0.223335
0.2199
0.216463
0.213025
0.209584
0.206143
0.202699
0.199254
0.195807
0.192358
0.188908
0.185457
0.182003
0.178549
0.175093
0.171635
0.168177
0.164717
0.161255
0.157792
0.154328
0.150863
0.147397
0.143929
0.140461
0.136991
0.13352
0.130049
0.126576
0.123102
0.119627
0.116152
0.112675
0.109198
0.10572
0.102241
0.0987617
0.0952814
0.0918004
0.0883188
0.0848366
0.0813538
0.0778705
0.0743866
0.0709023
0.0674175
0.0639322
0.0604466
0.0569607
0.0534744
0.0499878
0.0465009
0.0430138
0.0395266
0.0360391
0.0325515
0.0290638
0.0255761
0.0220883
0.0186005
0.0151127
0.011625
0.00813731
0.00464979
0.00116242
0.00232477
0.00581175
0.00929848
0.0127849
0.0162711
0.0197569
0.0232423
0.0267273
0.0302119
0.033696
0.0371797
0.0406627
0.0441453
0.0476272
0.0511085
0.0545891
0.0580691
0.0615483
0.0650268
0.0685045
0.0719814
0.0754574
0.0789326
0.0824068
0.0858801
0.0893524
0.0928237
0.096294
0.0997632
0.103231
0.106698
0.110164
0.113629
0.117092
0.120554
0.124015
0.127475
0.130933
0.13439
0.137845
0.141299
0.144751
0.148202
0.151652
0.155099
0.158546
0.16199
0.165433
0.168874
0.172314
0.175751
0.179187
0.182621
0.186054
0.189484
0.192913
0.196339
0.199764
0.203186
0.206607
0.210025
0.213441
0.216855
0.220267
0.223677
0.227085
0.23049
0.233893
0.237294
0.240692
0.244088
0.247482
0.250873
0.254261
0.257648
0.261031
0.264412
0.267791
0.271167
0.27454
0.27791
0.281278
0.284643
0.288005
0.291365
0.294721
0.298075
0.301426
0.304773
0.308118
0.31146
0.314799
0.318135
0.321468
0.324797
0.328124
0.331447
0.334767
0.338084
0.341398
0.344708
0.348015
0.351319
0.354619
0.357916
0.361209
0.364499
0.367786
0.371069
0.374348
0.377624
0.380896
0.384164
0.387429
0.39069
0.393947
0.397201
0.400451
0.403697
0.406939
0.410177
0.413411
0.416642
0.419868
0.42309
0.426309
0.429523
0.432733
0.435939
0.439141
0.442339
0.445532
0.448721
0.451906
0.455087
0.458263
0.461435
0.464603
0.467766
0.470925
0.474079
0.477229
0.480375
0.483515
0.486652
0.489783
0.49291
0.496032
0.49915
0.502263
0.505371
0.508474
0.511573
0.514666
0.517755
0.520839
0.523918
0.526992
0.530061
0.533126
0.536185
0.539239
0.542288
0.545332
0.54837
0.551404
0.554432
0.557455
0.560473
0.563486
0.566493
0.569495
0.572492
0.575483
0.578469
0.581449
0.584424
0.587393
0.590357
0.593316
0.596268
0.599216
0.602157
0.605093
0.608023
0.610948
0.613867
0.61678
0.619687
0.622589
0.625484
0.628374
0.631258
0.634136
0.637008
0.639874
0.642734
0.645588
0.648436
0.651278
0.654114
0.656944
0.659768
0.662585
0.665396
0.668201
0.671
0.673793
0.676579
0.679359
0.682132
0.6849
0.68766
0.690415
0.693163
0.695904
0.698639
0.701368
0.704089
0.706805
0.709514
0.712216
0.714911
0.7176
0.720282
0.722958
0.725626
0.728288
0.730943
0.733592
0.736233
0.738868
0.741496
0.744117
0.746731
0.749338
0.751938
0.754531
0.757117
0.759696
0.762268
0.764832
0.76739
0.769941
0.772484
0.77502
0.777549
0.780071
0.782586
0.785093
0.787593
0.790086
0.792571
0.795049
0.797519
0.799983
0.802438
0.804887
0.807328
0.809761
0.812187
0.814605
0.817016
0.819419
0.821815
0.824202
0.826583
0.828955
0.83132
0.833678
0.836027
0.838369
0.840703
0.843029
0.845347
0.847658
0.849961
0.852255
0.854542
0.856821
0.859093
0.861356
0.863611
0.865858
0.868097
0.870328
0.872551
0.874766
0.876973
0.879172
0.881363
0.883545
0.885719
0.887885
0.890043
0.892193
0.894334
0.896468
0.898592
0.900709
0.902817
0.904917
0.907009
0.909092
0.911167
0.913233
0.915291
0.91734
0.919381
0.921414
0.923438
0.925453
0.92746
0.929458
0.931448
0.933429
0.935402
0.937366
0.939321
0.941267
0.943205
0.945134
0.947055
0.948967
0.950869
0.952764
0.954649
0.956526
0.958393
0.960252
0.962102
0.963944
0.965776
0.967599
0.969414
0.971219
0.973016
0.974804
0.976582
0.978352
0.980113
0.981864
0.983607
0.98534
0.987065
0.98878
0.990486
0.992183
0.993871
0.99555
0.99722
0.99888
1.00053
1.00217
1.00381
1.00543
1.00704
1.00865
1.01025
1.01183
1.01341
1.01498
1.01654
1.01808
1.01962
1.02115
1.02268
1.02419
1.02569
1.02718
1.02867
1.03014
1.0316
1.03306
1.0345
1.03594
1.03737
1.03878
1.04019
1.04159
1.04298
1.04436
1.04572
1.04708
1.04843
1.04977
1.0511
1.05243
1.05374
1.05504
1.05633
1.05761
1.05888
1.06015
1.0614
1.06264
1.06388
1.0651
1.06631
1.06752
1.06871
1.0699
1.07107
1.07224
1.07339
1.07454
1.07567
1.0768
1.07791
1.07902
1.08011
1.0812
1.08228
1.08334
1.0844
1.08545
1.08648
1.08751
1.08852
1.08953
1.09053
1.09151
1.09249
1.09346
1.09441
1.09536
1.09629
1.09722
1.09814
1.09904
1.09994
1.10082
1.1017
1.10257
1.10342
1.10427
1.1051
1.10593
1.10674
1.10755
1.10834
1.10913
1.1099
1.11067
1.11142
1.11217
1.1129
1.11362
1.11434
1.11504
1.11573
1.11642
1.11709
1.11775
1.1184
1.11905
1.11968
1.1203
1.12091
1.12151
1.1221
1.12268
1.12325
1.12381
1.12436
1.1249
1.12543
1.12595
1.12646
1.12696
1.12744
1.12792
1.12839
1.12885
1.12929
1.12973
1.13016
1.13057
1.13098
1.13137
1.13176
1.13213
1.1325
1.13285
1.13319
1.13353
1.13385
1.13416
1.13446
1.13475
1.13504
1.13531
1.13557
1.13582
1.13606
1.13629
1.1365
1.13671
1.13691
1.1371
1.13728
1.13744
1.1376
1.13775
1.13788
1.13801
1.13812
1.13823
1.13832
1.13841
1.13848
1.13854
1.1386
1.13864
1.13867
1.13869
1.13871
1.13871
1.1387
1.13868
1.13865
1.13861
1.13856
1.13849
1.13842
1.13834
1.13825
1.13815
1.13803
1.13791
1.13778
1.13763
1.13748
1.13731
1.13714
1.13695
1.13675
1.13655
1.13633
1.1361
1.13587
1.13562
1.13536
1.13509
1.13481
1.13452
1.13422
1.13391
1.13359
1.13326
1.13292
1.13257
1.13221
1.13184
1.13146
1.13106
1.13066
1.13025
1.12983
1.12939
1.12895
1.12849
1.12803
1.12756
1.12707
1.12658
1.12607
1.12556
1.12503
1.12449
1.12395
1.12339
1.12282
1.12225
1.12166
1.12106
1.12046
1.11984
1.11921
1.11857
1.11792
1.11727
1.1166
1.11592
1.11523
1.11453
1.11382
1.1131
1.11237
1.11163
1.11089
1.11013
1.10936
1.10858
1.10779
1.10699
1.10618
1.10536
1.10453
1.10369
1.10284
1.10198
1.10111
1.10023
1.09934
1.09844
1.09753
1.09661
1.09568
1.09474
1.09379
1.09283
1.09186
1.09088
1.08989
1.08889
1.08788
1.08686
1.08583
1.0848
1.08375
1.08269
1.08162
1.08054
1.07945
1.07836
1.07725
1.07613
1.07501
1.07387
1.07272
1.07157
1.0704
1.06923
1.06804
1.06685
1.06564
1.06443
1.0632
1.06197
1.06073
1.05947
1.05821
1.05694
1.05566
1.05437
1.05307
1.05176
1.05044
1.04911
1.04777
1.04642
1.04506
1.0437
1.04232
1.04093
1.03954
1.03813
1.03672
1.0353
1.03386
1.03242
1.03097
1.02951
1.02804
1.02656
1.02507
1.02357
1.02207
1.02055
1.01902
1.01749
1.01594
1.01439
1.01283
1.01126
1.00968
1.00809
1.00649
1.00488
1.00326
1.00164
1
0.998356
0.996702
0.99504
0.993368
0.991688
0.989999
0.988301
0.986593
0.984877
0.983152
0.981418
0.979676
0.977924
0.976164
0.974395
0.972617
0.97083
0.969034
0.96723
0.965417
0.963595
0.961765
0.959926
0.958078
0.956222
0.954357
0.952483
0.950601
0.94871
0.946811
0.944903
0.942987
0.941062
0.939128
0.937187
0.935236
0.933278
0.931311
0.929335
0.927351
0.925359
0.923358
0.921349
0.919332
0.917307
0.915273
0.913231
0.911181
0.909123
0.907056
0.904981
0.902898
0.900807
0.898708
0.896601
0.894486
0.892363
0.890231
0.888092
0.885944
0.883789
0.881626
0.879455
0.877276
0.875089
0.872894
0.870691
0.868481
0.866262
0.864036
0.861802
0.859561
0.857311
0.855054
0.852789
0.850517
0.848237
0.845949
0.843654
0.841351
0.839041
0.836723
0.834398
0.832065
0.829724
0.827376
0.825021
0.822658
0.820288
0.817911
0.815526
0.813134
0.810735
0.808328
0.805914
0.803493
0.801065
0.79863
0.796187
0.793737
0.79128
0.788816
0.786345
0.783867
0.781382
0.77889
0.776391
0.773885
0.771372
0.768852
0.766325
0.763792
0.761251
0.758704
0.75615
0.753589
0.751021
0.748447
0.745866
0.743279
0.740684
0.738083
0.735476
0.732862
0.730241
0.727614
0.72498
0.72234
0.719694
0.717041
0.714381
0.711715
0.709043
0.706365
0.70368
0.700989
0.698291
0.695588
0.692878
0.690162
0.68744
0.684712
0.681977
0.679237
0.676491
0.673738
0.67098
0.668215
0.665445
0.662668
0.659886
0.657098
0.654304
0.651504
0.648698
0.645887
0.64307
0.640247
0.637418
0.634584
0.631744
0.628899
0.626048
0.623191
0.620329
0.617461
0.614588
0.611709
0.608825
0.605936
0.603041
0.600141
0.597235
0.594324
0.591408
0.588487
0.58556
0.582628
0.579691
0.576749
0.573802
0.57085
0.567893
0.56493
0.561963
0.55899
0.556013
0.553031
0.550044
0.547052
0.544055
0.541053
0.538047
0.535036
0.53202
0.528999
0.525974
0.522944
0.51991
0.516871
0.513827
0.510779
0.507726
0.504669
0.501607
0.498541
0.495471
0.492396
0.489317
0.486233
0.483146
0.480054
0.476958
0.473857
0.470753
0.467644
0.464531
0.461414
0.458293
0.455168
0.452039
0.448906
0.44577
0.442629
0.439484
0.436336
0.433183
0.430027
0.426867
0.423704
0.420536
0.417365
0.414191
0.411013
0.407831
0.404645
0.401456
0.398264
0.395068
0.391869
0.388666
0.38546
0.38225
0.379037
0.375821
0.372602
0.369379
0.366153
0.362924
0.359692
0.356457
0.353219
0.349977
0.346733
0.343485
0.340235
0.336981
0.333725
0.330466
0.327204
0.323939
0.320672
0.317401
0.314128
0.310852
0.307574
0.304293
0.301009
0.297723
0.294434
0.291142
0.287848
0.284552
0.281253
0.277952
0.274649
0.271343
0.268034
0.264724
0.261411
0.258096
0.254779
0.25146
0.248138
0.244815
0.241489
0.238162
0.234832
0.2315
0.228167
0.224831
0.221494
0.218155
0.214814
0.211471
0.208126
0.20478
0.201432
0.198082
0.194731
0.191378
0.188023
0.184667
0.18131
0.177951
0.17459
0.171228
0.167865
0.1645
0.161134
0.157767
0.154398
0.151028
0.147657
0.144285
0.140911
0.137537
0.134161
0.130785
0.127407
0.124028
0.120649
0.117268
0.113887
0.110504
0.107121
0.103737
0.100352
0.0969666
0.0935803
0.0901934
0.0868058
0.0834176
0.0800288
0.0766394
0.0732495
0.069859
0.0664682
0.0630768
0.0596851
0.056293
0.0529005
0.0495078
0.0461147
0.0427214
0.0393279
0.0359342
0.0325403
0.0291463
0.0257521
0.022358
0.0189637
0.0155695
0.0121753
0.00878119
0.00538713
0.0019932
0.00140059
0.0047942
0.0081876
0.0115808
0.0149736
0.0183662
0.0217585
0.0251503
0.0285418
0.0319329
0.0353235
0.0387136
0.0421032
0.0454922
0.0488807
0.0522686
0.0556558
0.0590423
0.0624281
0.0658132
0.0691976
0.0725811
0.0759638
0.0793456
0.0827266
0.0861066
0.0894857
0.0928638
0.0962409
0.099617
0.102992
0.106366
0.109739
0.11311
0.11648
0.11985
0.123218
0.126584
0.129949
0.133313
0.136676
0.140037
0.143397
0.146755
0.150112
0.153467
0.15682
0.160173
0.163523
0.166872
0.170219
0.173564
0.176908
0.18025
0.18359
0.186928
0.190264
0.193599
0.196931
0.200262
0.20359
0.206917
0.210241
0.213564
0.216884
0.220202
0.223518
0.226832
0.230143
0.233453
0.23676
0.240064
0.243367
0.246667
0.249964
0.253259
0.256552
0.259842
0.26313
0.266415
0.269697
0.272977
0.276254
0.279529
0.2828
0.28607
0.289336
0.292599
0.29586
0.299118
0.302373
0.305625
0.308874
0.31212
0.315363
0.318603
0.32184
0.325074
0.328305
0.331532
0.334757
0.337978
0.341196
0.344411
0.347622
0.35083
0.354035
0.357237
0.360435
0.363629
0.36682
0.370008
0.373192
0.376372
0.379549
0.382722
0.385892
0.389058
0.39222
0.395379
0.398533
0.401684
0.404832
0.407975
0.411114
0.41425
0.417382
0.420509
0.423633
0.426753
0.429868
0.43298
0.436087
0.439191
0.44229
0.445385
0.448475
0.451562
0.454644
0.457722
0.460796
0.463865
0.46693
0.469991
0.473047
0.476098
0.479145
0.482188
0.485226
0.48826
0.491289
0.494313
0.497333
0.500347
0.503358
0.506363
0.509364
0.51236
0.515351
0.518337
0.521319
0.524295
0.527267
0.530234
0.533195
0.536152
0.539104
0.54205
0.544992
0.547928
0.550859
0.553785
0.556706
0.559622
0.562532
0.565438
0.568337
0.571232
0.574121
0.577005
0.579883
0.582756
0.585624
0.588486
0.591343
0.594194
0.597039
0.599879
0.602713
0.605542
0.608365
0.611182
0.613994
0.6168
0.6196
0.622394
0.625183
0.627966
0.630742
0.633513
0.636278
0.639037
0.641791
0.644538
0.647279
0.650014
0.652743
0.655466
0.658183
0.660894
0.663598
0.666297
0.668989
0.671675
0.674355
0.677028
0.679695
0.682356
0.685011
0.687659
0.6903
0.692936
0.695564
0.698187
0.700803
0.703412
0.706015
0.708611
0.711201
0.713784
0.71636
0.71893
0.721493
0.72405
0.726599
0.729142
0.731678
0.734208
0.73673
0.739246
0.741755
0.744257
0.746752
0.74924
0.751721
0.754195
0.756663
0.759123
0.761576
0.764022
0.766461
0.768893
0.771318
0.773735
0.776146
0.778549
0.780945
0.783334
0.785716
0.78809
0.790457
0.792817
0.795169
0.797514
0.799851
0.802182
0.804504
0.80682
0.809128
0.811428
0.813721
0.816006
0.818284
0.820554
0.822817
0.825072
0.827319
0.829559
0.831791
0.834015
0.836232
0.838441
0.840642
0.842835
0.845021
0.847199
0.849369
0.851531
0.853685
0.855831
0.85797
0.8601
0.862223
0.864338
0.866444
0.868543
0.870634
0.872716
0.874791
0.876857
0.878916
0.880966
0.883008
0.885042
0.887068
0.889085
0.891095
0.893096
0.895089
0.897074
0.89905
0.901018
0.902978
0.90493
0.906873
0.908808
0.910734
0.912652
0.914562
0.916463
0.918356
0.92024
0.922116
0.923983
0.925842
0.927692
0.929534
0.931367
0.933192
0.935008
0.936815
0.938614
0.940404
0.942185
0.943958
0.945722
0.947478
0.949224
0.950962
0.952691
0.954412
0.956123
0.957826
0.95952
0.961205
0.962882
0.964549
0.966208
0.967857
0.969498
0.97113
0.972753
0.974367
0.975972
0.977568
0.979155
0.980733
0.982302
0.983862
0.985413
0.986955
0.988488
0.990012
0.991527
0.993032
0.994529
0.996016
0.997494
0.998963
1.00042
1.00187
1.00331
1.00475
1.00617
1.00758
1.00899
1.01038
1.01177
1.01315
1.01451
1.01587
1.01722
1.01856
1.01989
1.02121
1.02252
1.02382
1.02512
1.0264
1.02767
1.02894
1.03019
1.03144
1.03267
1.0339
1.03512
1.03632
1.03752
1.03871
1.03989
1.04106
1.04222
1.04337
1.04451
1.04564
1.04676
1.04787
1.04898
1.05007
1.05115
1.05222
1.05329
1.05434
1.05539
1.05642
1.05745
1.05846
1.05947
1.06046
1.06145
1.06243
1.06339
1.06435
1.0653
1.06624
1.06716
1.06808
1.06899
1.06989
1.07078
1.07166
1.07252
1.07338
1.07423
1.07507
1.0759
1.07672
1.07753
1.07833
1.07912
1.0799
1.08067
1.08143
1.08219
1.08293
1.08366
1.08438
1.08509
1.08579
1.08648
1.08716
1.08783
1.0885
1.08915
1.08979
1.09042
1.09104
1.09165
1.09226
1.09285
1.09343
1.094
1.09456
1.09511
1.09566
1.09619
1.09671
1.09722
1.09772
1.09821
1.09869
1.09917
1.09963
1.10008
1.10052
1.10095
1.10137
1.10178
1.10218
1.10257
1.10296
1.10333
1.10369
1.10404
1.10438
1.10471
1.10503
1.10534
1.10564
1.10593
1.10621
1.10648
1.10674
1.10699
1.10723
1.10746
1.10768
1.10789
1.10809
1.10828
1.10845
1.10862
1.10878
1.10893
1.10907
1.1092
1.10932
1.10942
1.10952
1.10961
1.10969
1.10976
1.10981
1.10986
1.1099
1.10992
1.10994
1.10995
1.10995
1.10993
1.10991
1.10987
1.10983
1.10978
1.10971
1.10964
1.10956
1.10946
1.10936
1.10924
1.10912
1.10898
1.10884
1.10868
1.10852
1.10834
1.10816
1.10796
1.10776
1.10754
1.10732
1.10708
1.10683
1.10658
1.10631
1.10604
1.10575
1.10545
1.10515
1.10483
1.10451
1.10417
1.10382
1.10347
1.1031
1.10272
1.10234
1.10194
1.10153
1.10112
1.10069
1.10025
1.09981
1.09935
1.09888
1.09841
1.09792
1.09742
1.09692
1.0964
1.09587
1.09534
1.09479
1.09423
1.09367
1.09309
1.0925
1.09191
1.0913
1.09069
1.09006
1.08942
1.08878
1.08812
1.08746
1.08678
1.08609
1.0854
1.08469
1.08398
1.08325
1.08252
1.08177
1.08102
1.08026
1.07948
1.0787
1.0779
1.0771
1.07629
1.07546
1.07463
1.07379
1.07294
1.07208
1.0712
1.07032
1.06943
1.06853
1.06762
1.0667
1.06577
1.06483
1.06388
1.06292
1.06195
1.06097
1.05999
1.05899
1.05798
1.05696
1.05594
1.0549
1.05386
1.0528
1.05174
1.05066
1.04958
1.04849
1.04738
1.04627
1.04515
1.04402
1.04288
1.04173
1.04057
1.0394
1.03822
1.03703
1.03584
1.03463
1.03341
1.03219
1.03095
1.02971
1.02846
1.02719
1.02592
1.02464
1.02335
1.02205
1.02074
1.01942
1.01809
1.01676
1.01541
1.01406
1.01269
1.01132
1.00993
1.00854
1.00714
1.00573
1.00431
1.00288
1.00145
1
0.998544
0.99708
0.995606
0.994124
0.992632
0.991131
0.989622
0.988103
0.986576
0.985039
0.983494
0.98194
0.980377
0.978805
0.977224
0.975634
0.974036
0.972428
0.970812
0.969187
0.967554
0.965911
0.96426
0.962601
0.960932
0.959255
0.957569
0.955874
0.954171
0.952459
0.950739
0.94901
0.947272
0.945526
0.943772
0.942008
0.940237
0.938456
0.936668
0.934871
0.933065
0.931251
0.929429
0.927598
0.925759
0.923911
0.922055
0.920191
0.918318
0.916438
0.914548
0.912651
0.910746
0.908832
0.90691
0.90498
0.903041
0.901095
0.89914
0.897177
0.895207
0.893228
0.891241
0.889246
0.887243
0.885232
0.883213
0.881186
0.879151
0.877108
0.875057
0.872999
0.870932
0.868858
0.866776
0.864686
0.862588
0.860483
0.858369
0.856248
0.85412
0.851983
0.849839
0.847687
0.845528
0.843361
0.841187
0.839004
0.836815
0.834617
0.832413
0.8302
0.827981
0.825754
0.823519
0.821277
0.819028
0.816771
0.814507
0.812235
0.809957
0.807671
0.805377
0.803077
0.800769
0.798454
0.796132
0.793803
0.791467
0.789123
0.786772
0.784415
0.78205
0.779678
0.7773
0.774914
0.772521
0.770122
0.767715
0.765302
0.762881
0.760454
0.75802
0.755579
0.753132
0.750678
0.748217
0.745749
0.743274
0.740793
0.738306
0.735811
0.73331
0.730803
0.728289
0.725768
0.723241
0.720707
0.718167
0.715621
0.713068
0.710508
0.707943
0.705371
0.702792
0.700208
0.697617
0.69502
0.692416
0.689807
0.687191
0.684569
0.681941
0.679307
0.676667
0.674021
0.671368
0.66871
0.666046
0.663376
0.6607
0.658017
0.65533
0.652636
0.649936
0.647231
0.64452
0.641803
0.63908
0.636352
0.633618
0.630878
0.628132
0.625381
0.622625
0.619863
0.617095
0.614322
0.611543
0.608759
0.60597
0.603175
0.600375
0.597569
0.594758
0.591942
0.58912
0.586294
0.583462
0.580625
0.577782
0.574935
0.572082
0.569224
0.566362
0.563494
0.560621
0.557743
0.554861
0.551973
0.54908
0.546183
0.543281
0.540373
0.537462
0.534545
0.531623
0.528697
0.525766
0.522831
0.519891
0.516946
0.513996
0.511043
0.508084
0.505121
0.502154
0.499182
0.496206
0.493225
0.49024
0.487251
0.484257
0.481259
0.478257
0.47525
0.472239
0.469225
0.466206
0.463183
0.460155
0.457124
0.454089
0.451049
0.448006
0.444959
0.441908
0.438853
0.435794
0.432731
0.429665
0.426594
0.42352
0.420442
0.417361
0.414276
0.411187
0.408094
0.404998
0.401899
0.398796
0.395689
0.392579
0.389465
0.386348
0.383228
0.380104
0.376977
0.373847
0.370713
0.367577
0.364437
0.361293
0.358147
0.354997
0.351845
0.348689
0.34553
0.342369
0.339204
0.336036
0.332866
0.329692
0.326516
0.323337
0.320155
0.31697
0.313782
0.310592
0.307399
0.304203
0.301005
0.297804
0.294601
0.291395
0.288186
0.284975
0.281762
0.278546
0.275328
0.272107
0.268884
0.265659
0.262431
0.259202
0.25597
0.252735
0.249499
0.24626
0.24302
0.239777
0.236532
0.233285
0.230037
0.226786
0.223533
0.220279
0.217022
0.213764
0.210504
0.207242
0.203979
0.200713
0.197447
0.194178
0.190908
0.187636
0.184362
0.181087
0.177811
0.174533
0.171254
0.167973
0.164691
0.161407
0.158122
0.154836
0.151548
0.14826
0.14497
0.141679
0.138386
0.135093
0.131799
0.128503
0.125207
0.121909
0.118611
0.115311
0.112011
0.10871
0.105408
0.102105
0.098801
0.0954965
0.0921914
0.0888855
0.085579
0.0822718
0.078964
0.0756557
0.0723468
0.0690374
0.0657275
0.0624172
0.0591064
0.0557952
0.0524837
0.0491718
0.0458596
0.0425472
0.0392345
0.0359216
0.0326085
0.0292952
0.0259819
0.0226684
0.0193549
0.0160413
0.0127278
0.00941423
0.00610075
0.00278736
0.000525907
0.00383903
0.00715198
0.0104647
0.0137772
0.0170894
0.0204014
0.023713
0.0270242
0.0303351
0.0336455
0.0369555
0.040265
0.043574
0.0468824
0.0501903
0.0534976
0.0568042
0.0601102
0.0634155
0.0667201
0.0700239
0.073327
0.0766292
0.0799306
0.0832311
0.0865308
0.0898295
0.0931272
0.0964239
0.0997196
0.103014
0.106308
0.1096
0.112892
0.116182
0.119471
0.122759
0.126045
0.12933
0.132614
0.135897
0.139178
0.142457
0.145736
0.149012
0.152288
0.155562
0.158834
0.162104
0.165373
0.168641
0.171906
0.17517
0.178433
0.181693
0.184952
0.188209
0.191464
0.194717
0.197968
0.201217
0.204464
0.20771
0.210953
0.214194
0.217433
0.22067
0.223905
0.227138
0.230368
0.233596
0.236822
0.240046
0.243267
0.246486
0.249703
0.252917
0.256128
0.259338
0.262544
0.265748
0.26895
0.272149
0.275346
0.278539
0.28173
0.284919
0.288104
0.291287
0.294467
0.297645
0.300819
0.303991
0.307159
0.310325
0.313488
0.316647
0.319804
0.322958
0.326108
0.329256
0.3324
0.335541
0.338679
0.341814
0.344946
0.348074
0.351199
0.35432
0.357439
0.360554
0.363665
0.366773
0.369877
0.372978
0.376076
0.37917
0.38226
0.385347
0.38843
0.391509
0.394585
0.397657
0.400725
0.403789
0.40685
0.409907
0.41296
0.416009
0.419054
0.422095
0.425132
0.428165
0.431194
0.434219
0.43724
0.440257
0.44327
0.446278
0.449282
0.452282
0.455278
0.45827
0.461257
0.46424
0.467219
0.470193
0.473163
0.476128
0.479089
0.482045
0.484997
0.487944
0.490887
0.493825
0.496759
0.499687
0.502612
0.505531
0.508446
0.511356
0.514261
0.517161
0.520057
0.522947
0.525833
0.528714
0.53159
0.534461
0.537327
0.540188
0.543044
0.545894
0.54874
0.551581
0.554416
0.557246
0.560072
0.562891
0.565706
0.568515
0.571319
0.574118
0.576911
0.579699
0.582482
0.585259
0.588031
0.590797
0.593557
0.596313
0.599062
0.601806
0.604545
0.607277
0.610004
0.612726
0.615442
0.618152
0.620856
0.623554
0.626247
0.628934
0.631615
0.63429
0.636959
0.639623
0.64228
0.644932
0.647577
0.650217
0.65285
0.655477
0.658098
0.660714
0.663323
0.665925
0.668522
0.671112
0.673697
0.676275
0.678846
0.681412
0.683971
0.686524
0.68907
0.69161
0.694143
0.696671
0.699191
0.701705
0.704213
0.706714
0.709209
0.711697
0.714178
0.716653
0.719121
0.721583
0.724038
0.726486
0.728927
0.731362
0.73379
0.736211
0.738625
0.741032
0.743433
0.745827
0.748214
0.750593
0.752966
0.755332
0.757691
0.760043
0.762388
0.764726
0.767057
0.769381
0.771697
0.774007
0.776309
0.778604
0.780892
0.783173
0.785447
0.787713
0.789972
0.792224
0.794468
0.796705
0.798935
0.801157
0.803372
0.805579
0.807779
0.809972
0.812157
0.814335
0.816505
0.818667
0.820822
0.82297
0.82511
0.827242
0.829366
0.831483
0.833593
0.835694
0.837788
0.839874
0.841953
0.844023
0.846086
0.848141
0.850189
0.852228
0.854259
0.856283
0.858299
0.860307
0.862307
0.864299
0.866283
0.868259
0.870227
0.872187
0.874139
0.876083
0.878019
0.879947
0.881866
0.883778
0.885681
0.887577
0.889464
0.891343
0.893213
0.895076
0.89693
0.898776
0.900614
0.902443
0.904264
0.906077
0.907882
0.909678
0.911466
0.913245
0.915016
0.916778
0.918533
0.920278
0.922015
0.923744
0.925464
0.927176
0.928879
0.930574
0.93226
0.933938
0.935607
0.937267
0.938919
0.940562
0.942196
0.943822
0.945439
0.947048
0.948647
0.950238
0.951821
0.953394
0.954959
0.956515
0.958062
0.959601
0.96113
0.962651
0.964163
0.965666
0.96716
0.968646
0.970122
0.97159
0.973049
0.974498
0.975939
0.977371
0.978794
0.980207
0.981612
0.983008
0.984395
0.985773
0.987141
0.988501
0.989852
0.991193
0.992526
0.993849
0.995163
0.996468
0.997764
0.999051
1.00033
1.0016
1.00286
1.00411
1.00535
1.00658
1.0078
1.00901
1.01022
1.01141
1.0126
1.01378
1.01494
1.0161
1.01725
1.01839
1.01952
1.02064
1.02175
1.02285
1.02394
1.02502
1.0261
1.02716
1.02822
1.02926
1.0303
1.03132
1.03234
1.03335
1.03434
1.03533
1.03631
1.03728
1.03824
1.03919
1.04013
1.04106
1.04199
1.0429
1.0438
1.04469
1.04558
1.04645
1.04732
1.04817
1.04902
1.04985
1.05068
1.0515
1.0523
1.0531
1.05389
1.05467
1.05543
1.05619
1.05694
1.05768
1.05841
1.05913
1.05984
1.06054
1.06123
1.06191
1.06259
1.06325
1.0639
1.06454
1.06517
1.0658
1.06641
1.06701
1.06761
1.06819
1.06877
1.06933
1.06989
1.07043
1.07097
1.07149
1.07201
1.07251
1.07301
1.07349
1.07397
1.07444
1.07489
1.07534
1.07578
1.0762
1.07662
1.07703
1.07743
1.07781
1.07819
1.07856
1.07892
1.07927
1.07961
1.07993
1.08025
1.08056
1.08086
1.08115
1.08143
1.0817
1.08196
1.08221
1.08245
1.08268
1.0829
1.08311
1.08331
1.0835
1.08368
1.08385
1.08401
1.08416
1.0843
1.08443
1.08456
1.08467
1.08477
1.08486
1.08494
1.08501
1.08508
1.08513
1.08517
1.0852
1.08522
1.08524
1.08524
1.08523
1.08521
1.08519
1.08515
1.0851
1.08505
1.08498
1.0849
1.08482
1.08472
1.08461
1.0845
1.08437
1.08424
1.08409
1.08393
1.08377
1.08359
1.08341
1.08321
1.08301
1.08279
1.08257
1.08233
1.08209
1.08183
1.08157
1.0813
1.08101
1.08072
1.08041
1.0801
1.07978
1.07944
1.0791
1.07875
1.07839
1.07801
1.07763
1.07724
1.07684
1.07643
1.076
1.07557
1.07513
1.07468
1.07422
1.07375
1.07327
1.07278
1.07228
1.07177
1.07125
1.07072
1.07018
1.06964
1.06908
1.06851
1.06793
1.06734
1.06675
1.06614
1.06552
1.0649
1.06426
1.06362
1.06296
1.0623
1.06162
1.06094
1.06024
1.05954
1.05883
1.0581
1.05737
1.05663
1.05588
1.05512
1.05435
1.05357
1.05278
1.05198
1.05117
1.05035
1.04952
1.04868
1.04784
1.04698
1.04611
1.04524
1.04435
1.04346
1.04255
1.04164
1.04072
1.03979
1.03884
1.03789
1.03693
1.03596
1.03498
1.03399
1.03299
1.03199
1.03097
1.02994
1.02891
1.02786
1.02681
1.02574
1.02467
1.02359
1.0225
1.02139
1.02028
1.01916
1.01804
1.0169
1.01575
1.01459
1.01343
1.01225
1.01107
1.00988
1.00867
1.00746
1.00624
1.00501
1.00377
1.00252
1.00127
1
0.998725
0.99744
0.996147
0.994844
0.993533
0.992212
0.990883
0.989545
0.988197
0.986841
0.985475
0.984101
0.982718
0.981326
0.979925
0.978515
0.977096
0.975669
0.974232
0.972787
0.971333
0.96987
0.968399
0.966918
0.965429
0.963931
0.962424
0.960909
0.959385
0.957852
0.956311
0.954761
0.953202
0.951635
0.950059
0.948474
0.946881
0.945279
0.943669
0.94205
0.940423
0.938787
0.937143
0.93549
0.933828
0.932159
0.930481
0.928794
0.927099
0.925396
0.923684
0.921964
0.920235
0.918498
0.916753
0.915
0.913238
0.911468
0.90969
0.907904
0.906109
0.904307
0.902496
0.900677
0.898849
0.897014
0.89517
0.893319
0.891459
0.889592
0.887716
0.885832
0.88394
0.882041
0.880133
0.878217
0.876294
0.874362
0.872423
0.870476
0.86852
0.866557
0.864587
0.862608
0.860622
0.858627
0.856626
0.854616
0.852599
0.850573
0.848541
0.8465
0.844452
0.842397
0.840333
0.838263
0.836184
0.834098
0.832005
0.829904
0.827795
0.825679
0.823556
0.821425
0.819287
0.817142
0.814989
0.812828
0.810661
0.808486
0.806304
0.804114
0.801917
0.799713
0.797502
0.795284
0.793058
0.790826
0.788586
0.786339
0.784085
0.781824
0.779556
0.777281
0.774999
0.77271
0.770414
0.768111
0.765801
0.763484
0.761161
0.75883
0.756493
0.754149
0.751798
0.74944
0.747076
0.744705
0.742327
0.739942
0.737551
0.735153
0.732749
0.730338
0.727921
0.725496
0.723066
0.720629
0.718185
0.715735
0.713279
0.710816
0.708347
0.705871
0.703389
0.700901
0.698406
0.695905
0.693398
0.690885
0.688365
0.68584
0.683308
0.68077
0.678226
0.675676
0.673119
0.670557
0.667989
0.665415
0.662834
0.660248
0.657656
0.655058
0.652454
0.649844
0.647229
0.644607
0.64198
0.639347
0.636709
0.634064
0.631414
0.628759
0.626098
0.623431
0.620758
0.61808
0.615397
0.612708
0.610013
0.607313
0.604608
0.601897
0.599181
0.596459
0.593732
0.591
0.588262
0.58552
0.582772
0.580018
0.57726
0.574496
0.571728
0.568954
0.566175
0.563391
0.560602
0.557808
0.555009
0.552205
0.549397
0.546583
0.543764
0.540941
0.538113
0.53528
0.532442
0.529599
0.526752
0.5239
0.521043
0.518182
0.515316
0.512445
0.50957
0.506691
0.503807
0.500918
0.498025
0.495128
0.492226
0.489319
0.486409
0.483494
0.480575
0.477651
0.474724
0.471792
0.468855
0.465915
0.462971
0.460022
0.457069
0.454113
0.451152
0.448187
0.445219
0.442246
0.43927
0.436289
0.433305
0.430317
0.427325
0.424329
0.421329
0.418326
0.415319
0.412309
0.409295
0.406277
0.403255
0.40023
0.397202
0.39417
0.391134
0.388095
0.385053
0.382007
0.378958
0.375906
0.37285
0.369791
0.366728
0.363663
0.360594
0.357522
0.354447
0.351369
0.348288
0.345203
0.342116
0.339026
0.335932
0.332836
0.329737
0.326635
0.32353
0.320422
0.317311
0.314198
0.311082
0.307963
0.304842
0.301717
0.298591
0.295461
0.292329
0.289195
0.286058
0.282918
0.279776
0.276632
0.273485
0.270336
0.267184
0.26403
0.260874
0.257716
0.254555
0.251392
0.248227
0.24506
0.241891
0.23872
0.235546
0.232371
0.229193
0.226014
0.222833
0.219649
0.216464
0.213277
0.210088
0.206898
0.203706
0.200511
0.197316
0.194118
0.190919
0.187718
0.184516
0.181312
0.178107
0.1749
0.171691
0.168481
0.16527
0.162057
0.158843
0.155628
0.152411
0.149194
0.145974
0.142754
0.139533
0.13631
0.133086
0.129861
0.126635
0.123408
0.12018
0.116951
0.113721
0.110491
0.107259
0.104026
0.100793
0.0975587
0.0943237
0.091088
0.0878516
0.0846145
0.0813768
0.0781385
0.0748995
0.07166
0.06842
0.0651794
0.0619384
0.058697
0.0554551
0.0522129
0.0489703
0.0457274
0.0424842
0.0392407
0.035997
0.032753
0.0295089
0.0262647
0.0230203
0.0197759
0.0165314
0.0132868
0.0100423
0.00679778
0.00355334
0.000308981
0.00293526
0.00617935
0.00942326
0.012667
0.0159104
0.0191536
0.0223965
0.0256391
0.0288813
0.0321231
0.0353646
0.0386055
0.041846
0.045086
0.0483255
0.0515644
0.0548027
0.0580404
0.0612775
0.0645138
0.0677495
0.0709844
0.0742185
0.0774519
0.0806844
0.083916
0.0871468
0.0903767
0.0936056
0.0968335
0.10006
0.103286
0.106511
0.109735
0.112958
0.116179
0.119399
0.122618
0.125836
0.129053
0.132268
0.135482
0.138695
0.141906
0.145116
0.148324
0.151531
0.154736
0.15794
0.161142
0.164343
0.167542
0.17074
0.173935
0.17713
0.180322
0.183512
0.186701
0.189888
0.193073
0.196256
0.199438
0.202617
0.205795
0.20897
0.212143
0.215315
0.218484
0.221651
0.224816
0.227979
0.23114
0.234298
0.237454
0.240608
0.24376
0.246909
0.250056
0.2532
0.256342
0.259482
0.262619
0.265753
0.268885
0.272015
0.275142
0.278266
0.281388
0.284507
0.287623
0.290736
0.293847
0.296955
0.30006
0.303162
0.306262
0.309358
0.312451
0.315542
0.31863
0.321714
0.324796
0.327874
0.330949
0.334022
0.337091
0.340156
0.343219
0.346278
0.349334
0.352387
0.355437
0.358483
0.361526
0.364565
0.367601
0.370633
0.373662
0.376688
0.37971
0.382728
0.385743
0.388754
0.391761
0.394765
0.397765
0.400761
0.403754
0.406742
0.409727
0.412708
0.415686
0.418659
0.421628
0.424594
0.427555
0.430512
0.433466
0.436415
0.43936
0.442301
0.445238
0.448171
0.4511
0.454024
0.456944
0.45986
0.462772
0.465679
0.468582
0.471481
0.474375
0.477264
0.48015
0.48303
0.485906
0.488778
0.491645
0.494508
0.497366
0.500219
0.503068
0.505912
0.508751
0.511585
0.514415
0.51724
0.52006
0.522875
0.525686
0.528491
0.531292
0.534087
0.536878
0.539663
0.542444
0.54522
0.54799
0.550755
0.553516
0.556271
0.559021
0.561765
0.564505
0.567239
0.569968
0.572692
0.57541
0.578123
0.580831
0.583533
0.58623
0.588922
0.591608
0.594288
0.596963
0.599632
0.602296
0.604954
0.607607
0.610254
0.612895
0.615531
0.618161
0.620785
0.623403
0.626016
0.628623
0.631224
0.633819
0.636408
0.638992
0.641569
0.644141
0.646706
0.649266
0.65182
0.654367
0.656909
0.659444
0.661973
0.664496
0.667013
0.669524
0.672029
0.674527
0.67702
0.679505
0.681985
0.684458
0.686925
0.689386
0.69184
0.694288
0.69673
0.699165
0.701593
0.704015
0.706431
0.70884
0.711242
0.713638
0.716027
0.71841
0.720786
0.723155
0.725518
0.727874
0.730223
0.732566
0.734902
0.737231
0.739553
0.741868
0.744177
0.746478
0.748773
0.751061
0.753342
0.755616
0.757883
0.760143
0.762396
0.764642
0.766881
0.769112
0.771337
0.773555
0.775765
0.777969
0.780165
0.782354
0.784535
0.78671
0.788877
0.791037
0.79319
0.795335
0.797473
0.799604
0.801727
0.803843
0.805952
0.808053
0.810147
0.812233
0.814312
0.816383
0.818447
0.820503
0.822551
0.824592
0.826626
0.828652
0.83067
0.83268
0.834683
0.836679
0.838666
0.840646
0.842618
0.844582
0.846539
0.848488
0.850429
0.852362
0.854287
0.856204
0.858114
0.860016
0.861909
0.863795
0.865673
0.867543
0.869405
0.871259
0.873105
0.874943
0.876772
0.878594
0.880408
0.882214
0.884011
0.8858
0.887582
0.889355
0.89112
0.892876
0.894625
0.896365
0.898097
0.899821
0.901537
0.903244
0.904943
0.906634
0.908316
0.90999
0.911656
0.913313
0.914962
0.916602
0.918234
0.919858
0.921473
0.92308
0.924678
0.926268
0.927849
0.929422
0.930986
0.932542
0.934089
0.935627
0.937157
0.938679
0.940191
0.941695
0.943191
0.944678
0.946156
0.947625
0.949086
0.950538
0.951981
0.953416
0.954842
0.956259
0.957667
0.959067
0.960458
0.96184
0.963213
0.964577
0.965933
0.967279
0.968617
0.969946
0.971266
0.972577
0.973879
0.975172
0.976456
0.977732
0.978998
0.980256
0.981504
0.982743
0.983974
0.985195
0.986408
0.987611
0.988805
0.989991
0.991167
0.992334
0.993492
0.994641
0.99578
0.996911
0.998033
0.999145
1.00025
1.00134
1.00243
1.0035
1.00457
1.00563
1.00668
1.00771
1.00874
1.00976
1.01078
1.01178
1.01277
1.01375
1.01473
1.01569
1.01665
1.01759
1.01853
1.01946
1.02038
1.02129
1.02219
1.02308
1.02396
1.02483
1.02569
1.02654
1.02739
1.02822
1.02905
1.02986
1.03067
1.03146
1.03225
1.03303
1.0338
1.03455
1.0353
1.03604
1.03677
1.03749
1.03821
1.03891
1.0396
1.04028
1.04096
1.04162
1.04227
1.04292
1.04355
1.04418
1.04479
1.0454
1.046
1.04659
1.04716
1.04773
1.04829
1.04884
1.04938
1.04991
1.05043
1.05094
1.05144
1.05193
1.05241
1.05289
1.05335
1.0538
1.05425
1.05468
1.0551
1.05552
1.05592
1.05632
1.0567
1.05708
1.05745
1.0578
1.05815
1.05849
1.05882
1.05913
1.05944
1.05974
1.06003
1.06031
1.06058
1.06084
1.06109
1.06133
1.06156
1.06178
1.06199
1.06219
1.06239
1.06257
1.06274
1.06291
1.06306
1.0632
1.06334
1.06346
1.06358
1.06368
1.06378
1.06386
1.06394
1.064
1.06406
1.06411
1.06414
1.06417
1.06419
1.0642
1.06419
1.06418
1.06416
1.06413
1.06409
1.06404
1.06398
1.06391
1.06383
1.06374
1.06364
1.06353
1.06341
1.06329
1.06315
1.063
1.06284
1.06268
1.0625
1.06232
1.06212
1.06191
1.0617
1.06147
1.06124
1.061
1.06074
1.06048
1.06021
1.05992
1.05963
1.05933
1.05902
1.0587
1.05836
1.05802
1.05767
1.05731
1.05694
1.05656
1.05618
1.05578
1.05537
1.05495
1.05452
1.05409
1.05364
1.05319
1.05272
1.05224
1.05176
1.05127
1.05076
1.05025
1.04973
1.04919
1.04865
1.0481
1.04754
1.04697
1.04639
1.0458
1.0452
1.04459
1.04397
1.04334
1.04271
1.04206
1.0414
1.04074
1.04006
1.03938
1.03868
1.03798
1.03727
1.03654
1.03581
1.03507
1.03432
1.03356
1.03279
1.03201
1.03122
1.03043
1.02962
1.0288
1.02798
1.02714
1.0263
1.02544
1.02458
1.02371
1.02283
1.02194
1.02103
1.02013
1.01921
1.01828
1.01734
1.01639
1.01544
1.01447
1.0135
1.01252
1.01152
1.01052
1.00951
1.00849
1.00746
1.00642
1.00537
1.00432
1.00325
1.00218
1.00109
1
0.998898
0.997786
0.996666
0.995537
0.994398
0.993251
0.992094
0.990928
0.989754
0.98857
0.987378
0.986176
0.984966
0.983747
0.982518
0.981281
0.980035
0.97878
0.977516
0.976243
0.974962
0.973671
0.972372
0.971064
0.969747
0.968421
0.967087
0.965744
0.964392
0.963031
0.961661
0.960283
0.958896
0.957501
0.956096
0.954683
0.953262
0.951831
0.950392
0.948945
0.947489
0.946024
0.944551
0.943069
0.941578
0.940079
0.938572
0.937056
0.935532
0.933999
0.932457
0.930907
0.929349
0.927782
0.926207
0.924624
0.923032
0.921432
0.919823
0.918206
0.916581
0.914947
0.913305
0.911655
0.909997
0.90833
0.906655
0.904972
0.903281
0.901582
0.899874
0.898158
0.896435
0.894703
0.892963
0.891214
0.889458
0.887694
0.885922
0.884141
0.882353
0.880557
0.878752
0.87694
0.87512
0.873292
0.871456
0.869612
0.86776
0.865901
0.864033
0.862158
0.860275
0.858384
0.856486
0.854579
0.852665
0.850743
0.848814
0.846877
0.844932
0.84298
0.84102
0.839052
0.837077
0.835094
0.833104
0.831106
0.8291
0.827088
0.825067
0.823039
0.821004
0.818961
0.816911
0.814854
0.812789
0.810717
0.808638
0.806551
0.804457
0.802355
0.800247
0.798131
0.796008
0.793878
0.791741
0.789596
0.787445
0.785286
0.78312
0.780947
0.778767
0.77658
0.774386
0.772185
0.769977
0.767763
0.765541
0.763312
0.761077
0.758834
0.756585
0.754329
0.752066
0.749796
0.74752
0.745236
0.742947
0.74065
0.738347
0.736037
0.73372
0.731397
0.729067
0.726731
0.724388
0.722039
0.719683
0.71732
0.714951
0.712576
0.710194
0.707806
0.705412
0.703011
0.700604
0.69819
0.69577
0.693344
0.690912
0.688474
0.686029
0.683578
0.681121
0.678658
0.676189
0.673713
0.671232
0.668744
0.666251
0.663752
0.661246
0.658735
0.656217
0.653694
0.651165
0.64863
0.64609
0.643543
0.640991
0.638433
0.635869
0.633299
0.630724
0.628143
0.625557
0.622965
0.620367
0.617764
0.615155
0.61254
0.60992
0.607295
0.604664
0.602028
0.599386
0.596739
0.594087
0.591429
0.588766
0.586098
0.583425
0.580746
0.578062
0.575373
0.572678
0.569979
0.567274
0.564565
0.56185
0.55913
0.556406
0.553676
0.550941
0.548202
0.545457
0.542708
0.539954
0.537194
0.534431
0.531662
0.528888
0.52611
0.523327
0.52054
0.517748
0.514951
0.512149
0.509343
0.506533
0.503718
0.500898
0.498074
0.495246
0.492413
0.489575
0.486734
0.483888
0.481037
0.478183
0.475324
0.472461
0.469593
0.466722
0.463846
0.460966
0.458082
0.455194
0.452302
0.449406
0.446506
0.443602
0.440694
0.437782
0.434866
0.431946
0.429023
0.426095
0.423164
0.420229
0.41729
0.414348
0.411402
0.408452
0.405499
0.402542
0.399581
0.396617
0.39365
0.390679
0.387704
0.384726
0.381745
0.37876
0.375772
0.37278
0.369786
0.366788
0.363786
0.360782
0.357774
0.354763
0.351749
0.348732
0.345712
0.342689
0.339663
0.336633
0.333601
0.330566
0.327528
0.324487
0.321443
0.318396
0.315347
0.312295
0.30924
0.306182
0.303122
0.300059
0.296993
0.293925
0.290854
0.28778
0.284704
0.281626
0.278545
0.275461
0.272376
0.269288
0.266197
0.263104
0.260009
0.256912
0.253812
0.25071
0.247606
0.2445
0.241392
0.238281
0.235169
0.232054
0.228938
0.225819
0.222699
0.219576
0.216452
0.213326
0.210198
0.207068
0.203936
0.200803
0.197667
0.194531
0.191392
0.188252
0.18511
0.181967
0.178822
0.175676
0.172528
0.169378
0.166227
0.163075
0.159921
0.156766
0.15361
0.150453
0.147294
0.144134
0.140972
0.13781
0.134646
0.131481
0.128315
0.125148
0.12198
0.118811
0.115641
0.11247
0.109298
0.106126
0.102952
0.0997775
0.0966023
0.0934262
0.0902494
0.0870719
0.0838937
0.0807148
0.0775353
0.0743552
0.0711745
0.0679933
0.0648115
0.0616293
0.0584466
0.0552634
0.0520799
0.048896
0.0457118
0.0425272
0.0393423
0.0361572
0.0329719
0.0297864
0.0266007
0.0234149
0.0202289
0.0170429
0.0138568
0.0106707
0.00748461
0.00429855
0.00111255
0.00207336
0.00525914
0.00844478
0.0116302
0.0148155
0.0180005
0.0211852
0.0243697
0.0275538
0.0307376
0.033921
0.0371039
0.0402865
0.0434685
0.0466501
0.0498311
0.0530116
0.0561915
0.0593708
0.0625494
0.0657274
0.0689047
0.0720812
0.075257
0.078432
0.0816061
0.0847794
0.0879519
0.0911234
0.0942941
0.0974637
0.100632
0.1038
0.106967
0.110132
0.113297
0.11646
0.119622
0.122783
0.125943
0.129101
0.132258
0.135414
0.138569
0.141722
0.144874
0.148024
0.151173
0.15432
0.157466
0.16061
0.163753
0.166894
0.170034
0.173172
0.176308
0.179443
0.182576
0.185707
0.188836
0.191963
0.195089
0.198213
0.201335
0.204454
0.207572
0.210688
0.213802
0.216914
0.220024
0.223131
0.226237
0.22934
0.232442
0.235541
0.238637
0.241732
0.244824
0.247914
0.251001
0.254086
0.257169
0.260249
0.263327
0.266402
0.269475
0.272545
0.275612
0.278677
0.28174
0.284799
0.287856
0.290911
0.293962
0.297011
0.300057
0.3031
0.30614
0.309177
0.312212
0.315243
0.318272
0.321297
0.32432
0.327339
0.330355
0.333369
0.336379
0.339386
0.342389
0.34539
0.348387
0.351381
0.354372
0.357359
0.360343
0.363324
0.366301
0.369275
0.372245
0.375212
0.378176
0.381135
0.384092
0.387044
0.389993
0.392939
0.39588
0.398818
0.401753
0.404683
0.40761
0.410533
0.413452
0.416367
0.419279
0.422186
0.425089
0.427989
0.430884
0.433776
0.436663
0.439547
0.442426
0.445301
0.448172
0.451039
0.453902
0.45676
0.459614
0.462464
0.46531
0.468151
0.470988
0.47382
0.476648
0.479472
0.482291
0.485106
0.487916
0.490722
0.493523
0.496319
0.499111
0.501898
0.504681
0.507459
0.510232
0.513
0.515764
0.518523
0.521277
0.524026
0.526771
0.52951
0.532245
0.534974
0.537699
0.540418
0.543133
0.545843
0.548547
0.551247
0.553941
0.55663
0.559314
0.561993
0.564667
0.567335
0.569999
0.572656
0.575309
0.577956
0.580598
0.583235
0.585866
0.588492
0.591112
0.593727
0.596336
0.59894
0.601538
0.604131
0.606718
0.609299
0.611875
0.614445
0.61701
0.619569
0.622122
0.624669
0.62721
0.629746
0.632276
0.6348
0.637318
0.639831
0.642337
0.644838
0.647332
0.649821
0.652303
0.65478
0.65725
0.659714
0.662173
0.664625
0.667071
0.669511
0.671945
0.674372
0.676793
0.679208
0.681617
0.68402
0.686416
0.688806
0.691189
0.693566
0.695937
0.698301
0.700659
0.70301
0.705355
0.707694
0.710025
0.712351
0.71467
0.716982
0.719287
0.721586
0.723878
0.726164
0.728443
0.730715
0.732981
0.735239
0.737491
0.739736
0.741975
0.744206
0.746431
0.748649
0.75086
0.753063
0.755261
0.757451
0.759634
0.76181
0.763979
0.766141
0.768296
0.770444
0.772585
0.774718
0.776845
0.778964
0.781077
0.783182
0.78528
0.78737
0.789454
0.79153
0.793599
0.79566
0.797715
0.799762
0.801801
0.803833
0.805858
0.807876
0.809885
0.811888
0.813883
0.815871
0.817851
0.819823
0.821788
0.823746
0.825696
0.827638
0.829573
0.8315
0.833419
0.835331
0.837235
0.839131
0.84102
0.842901
0.844774
0.84664
0.848497
0.850347
0.852189
0.854024
0.85585
0.857669
0.859479
0.861282
0.863077
0.864864
0.866643
0.868414
0.870177
0.871932
0.873679
0.875418
0.877149
0.878872
0.880587
0.882294
0.883993
0.885683
0.887366
0.88904
0.890707
0.892365
0.894014
0.895656
0.897289
0.898915
0.900532
0.90214
0.903741
0.905333
0.906917
0.908492
0.910059
0.911618
0.913169
0.914711
0.916244
0.91777
0.919287
0.920795
0.922295
0.923787
0.92527
0.926744
0.92821
0.929668
0.931117
0.932558
0.93399
0.935413
0.936828
0.938234
0.939632
0.941021
0.942402
0.943773
0.945137
0.946491
0.947837
0.949174
0.950503
0.951822
0.953133
0.954436
0.955729
0.957014
0.95829
0.959557
0.960816
0.962066
0.963306
0.964539
0.965762
0.966976
0.968182
0.969378
0.970566
0.971745
0.972915
0.974076
0.975228
0.976372
0.977506
0.978631
0.979748
0.980855
0.981954
0.983043
0.984124
0.985195
0.986258
0.987311
0.988355
0.989391
0.990417
0.991434
0.992442
0.993442
0.994432
0.995412
0.996384
0.997347
0.998301
0.999245
1.00018
1.00111
1.00202
1.00293
1.00383
1.00472
1.0056
1.00647
1.00733
1.00819
1.00903
1.00986
1.01069
1.0115
1.01231
1.01311
1.0139
1.01467
1.01544
1.0162
1.01695
1.0177
1.01843
1.01915
1.01987
1.02057
1.02126
1.02195
1.02263
1.02329
1.02395
1.0246
1.02524
1.02587
1.02649
1.0271
1.0277
1.02829
1.02888
1.02945
1.03001
1.03057
1.03111
1.03165
1.03217
1.03269
1.0332
1.0337
1.03418
1.03466
1.03513
1.03559
1.03604
1.03648
1.03692
1.03734
1.03775
1.03815
1.03855
1.03893
1.03931
1.03967
1.04003
1.04038
1.04071
1.04104
1.04136
1.04167
1.04197
1.04225
1.04253
1.0428
1.04307
1.04332
1.04356
1.04379
1.04401
1.04423
1.04443
1.04462
1.04481
1.04498
1.04515
1.04531
1.04545
1.04559
1.04572
1.04583
1.04594
1.04604
1.04613
1.04621
1.04628
1.04634
1.04639
1.04643
1.04647
1.04649
1.0465
1.04651
1.0465
1.04648
1.04646
1.04642
1.04638
1.04633
1.04626
1.04619
1.04611
1.04601
1.04591
1.0458
1.04568
1.04555
1.04541
1.04526
1.0451
1.04494
1.04476
1.04457
1.04437
1.04417
1.04395
1.04373
1.04349
1.04325
1.04299
1.04273
1.04246
1.04217
1.04188
1.04158
1.04127
1.04095
1.04062
1.04028
1.03993
1.03957
1.03921
1.03883
1.03844
1.03805
1.03764
1.03722
1.0368
1.03637
1.03592
1.03547
1.03501
1.03454
1.03406
1.03357
1.03307
1.03256
1.03204
1.03151
1.03097
1.03043
1.02987
1.0293
1.02873
1.02814
1.02755
1.02695
1.02633
1.02571
1.02508
1.02444
1.02379
1.02313
1.02246
1.02179
1.0211
1.0204
1.0197
1.01898
1.01826
1.01753
1.01678
1.01603
1.01527
1.0145
1.01372
1.01293
1.01213
1.01133
1.01051
1.00969
1.00885
1.00801
1.00715
1.00629
1.00542
1.00454
1.00365
1.00275
1.00184
1.00093
1
0.999065
0.998121
0.997167
0.996205
0.995233
0.994253
0.993263
0.992265
0.991257
0.99024
0.989215
0.98818
0.987137
0.986084
0.985022
0.983952
0.982873
0.981784
0.980687
0.979581
0.978466
0.977342
0.976209
0.975067
0.973917
0.972757
0.971589
0.970412
0.969226
0.968031
0.966828
0.965616
0.964395
0.963165
0.961926
0.960679
0.959423
0.958158
0.956885
0.955603
0.954312
0.953013
0.951705
0.950388
0.949062
0.947728
0.946386
0.945035
0.943675
0.942307
0.94093
0.939544
0.938151
0.936748
0.935337
0.933918
0.93249
0.931053
0.929609
0.928155
0.926694
0.925224
0.923745
0.922258
0.920763
0.919259
0.917748
0.916227
0.914699
0.913162
0.911617
0.910063
0.908502
0.906932
0.905354
0.903767
0.902173
0.90057
0.898959
0.89734
0.895713
0.894078
0.892435
0.890783
0.889124
0.887456
0.88578
0.884097
0.882405
0.880705
0.878998
0.877282
0.875558
0.873827
0.872088
0.87034
0.868585
0.866822
0.865051
0.863272
0.861486
0.859691
0.857889
0.856079
0.854261
0.852436
0.850603
0.848762
0.846913
0.845057
0.843193
0.841322
0.839442
0.837556
0.835661
0.83376
0.83185
0.829933
0.828009
0.826077
0.824137
0.82219
0.820236
0.818274
0.816305
0.814328
0.812345
0.810353
0.808355
0.806349
0.804335
0.802315
0.800287
0.798252
0.79621
0.794161
0.792104
0.79004
0.787969
0.785891
0.783806
0.781714
0.779615
0.777508
0.775395
0.773274
0.771147
0.769013
0.766871
0.764723
0.762568
0.760406
0.758237
0.756061
0.753879
0.751689
0.749493
0.74729
0.74508
0.742864
0.740641
0.738411
0.736174
0.733931
0.731681
0.729425
0.727162
0.724892
0.722616
0.720334
0.718044
0.715749
0.713447
0.711138
0.708823
0.706502
0.704174
0.70184
0.6995
0.697153
0.6948
0.692441
0.690075
0.687703
0.685325
0.682941
0.680551
0.678154
0.675752
0.673343
0.670929
0.668508
0.666081
0.663648
0.661209
0.658765
0.656314
0.653857
0.651395
0.648926
0.646452
0.643972
0.641486
0.638995
0.636497
0.633994
0.631485
0.628971
0.626451
0.623925
0.621394
0.618857
0.616314
0.613766
0.611212
0.608653
0.606088
0.603518
0.600943
0.598362
0.595775
0.593184
0.590587
0.587984
0.585377
0.582764
0.580146
0.577522
0.574894
0.57226
0.569621
0.566977
0.564328
0.561674
0.559015
0.556351
0.553681
0.551007
0.548328
0.545644
0.542955
0.540261
0.537563
0.534859
0.532151
0.529438
0.52672
0.523997
0.52127
0.518538
0.515802
0.51306
0.510314
0.507564
0.504809
0.50205
0.499286
0.496517
0.493744
0.490967
0.488185
0.485399
0.482609
0.479814
0.477015
0.474211
0.471404
0.468592
0.465776
0.462956
0.460132
0.457303
0.454471
0.451634
0.448793
0.445949
0.4431
0.440247
0.437391
0.43453
0.431666
0.428798
0.425926
0.42305
0.420171
0.417287
0.4144
0.411509
0.408615
0.405717
0.402815
0.39991
0.397001
0.394089
0.391173
0.388253
0.38533
0.382404
0.379474
0.376541
0.373605
0.370665
0.367722
0.364776
0.361826
0.358873
0.355917
0.352958
0.349996
0.347031
0.344062
0.34109
0.338116
0.335138
0.332158
0.329174
0.326188
0.323199
0.320207
0.317212
0.314214
0.311213
0.30821
0.305204
0.302195
0.299183
0.296169
0.293153
0.290133
0.287112
0.284087
0.28106
0.278031
0.274999
0.271965
0.268928
0.265889
0.262848
0.259804
0.256758
0.25371
0.250659
0.247607
0.244552
0.241495
0.238436
0.235375
0.232311
0.229246
0.226179
0.22311
0.220038
0.216965
0.21389
0.210813
0.207735
0.204654
0.201572
0.198488
0.195402
0.192314
0.189225
0.186134
0.183042
0.179948
0.176852
0.173755
0.170657
0.167556
0.164455
0.161352
0.158248
0.155142
0.152035
0.148927
0.145817
0.142706
0.139594
0.136481
0.133367
0.130251
0.127135
0.124017
0.120898
0.117778
0.114658
0.111536
0.108413
0.10529
0.102165
0.09904
0.0959139
0.092787
0.0896594
0.086531
0.0834019
0.0802722
0.0771418
0.0740108
0.0708791
0.067747
0.0646143
0.0614811
0.0583474
0.0552133
0.0520787
0.0489438
0.0458085
0.0426728
0.0395369
0.0364007
0.0332642
0.0301276
0.0269907
0.0238537
0.0207165
0.0175792
0.0144419
0.0113045
0.0081671
0.0050297
0.00189234
0.00124495
0.00438214
0.00751921
0.0106561
0.0137929
0.0169294
0.0200657
0.0232017
0.0263374
0.0294728
0.0326079
0.0357425
0.0388768
0.0420106
0.0451439
0.0482768
0.0514091
0.0545409
0.0576721
0.0608027
0.0639326
0.0670619
0.0701905
0.0733183
0.0764454
0.0795717
0.0826972
0.0858219
0.0889457
0.0920686
0.0951906
0.0983117
0.101432
0.104551
0.107669
0.110786
0.113902
0.117016
0.12013
0.123242
0.126354
0.129463
0.132572
0.13568
0.138786
0.14189
0.144994
0.148096
0.151196
0.154295
0.157393
0.160489
0.163583
0.166676
0.169768
0.172857
0.175945
0.179032
0.182116
0.185199
0.18828
0.19136
0.194437
0.197513
0.200587
0.203659
0.206728
0.209796
0.212862
0.215926
0.218988
0.222048
0.225106
0.228161
0.231215
0.234266
0.237315
0.240362
0.243406
0.246448
0.249488
0.252525
0.255561
0.258593
0.261624
0.264651
0.267677
0.270699
0.27372
0.276737
0.279752
0.282765
0.285774
0.288782
0.291786
0.294788
0.297786
0.300782
0.303776
0.306766
0.309754
0.312738
0.31572
0.318699
0.321674
0.324647
0.327617
0.330583
0.333547
0.336507
0.339465
0.342419
0.345369
0.348317
0.351262
0.354203
0.35714
0.360075
0.363006
0.365934
0.368858
0.371779
0.374696
0.37761
0.380521
0.383428
0.386331
0.389231
0.392127
0.395019
0.397908
0.400793
0.403674
0.406552
0.409425
0.412295
0.415161
0.418024
0.420882
0.423736
0.426587
0.429434
0.432276
0.435115
0.437949
0.44078
0.443606
0.446428
0.449246
0.45206
0.45487
0.457675
0.460476
0.463273
0.466066
0.468854
0.471638
0.474418
0.477193
0.479964
0.48273
0.485492
0.48825
0.491003
0.493751
0.496495
0.499234
0.501968
0.504698
0.507423
0.510144
0.51286
0.515571
0.518277
0.520978
0.523675
0.526367
0.529054
0.531736
0.534413
0.537085
0.539752
0.542414
0.545071
0.547724
0.550371
0.553013
0.55565
0.558281
0.560908
0.563529
0.566146
0.568756
0.571362
0.573963
0.576558
0.579148
0.581732
0.584311
0.586885
0.589453
0.592016
0.594573
0.597125
0.599672
0.602212
0.604748
0.607277
0.609802
0.61232
0.614833
0.61734
0.619841
0.622337
0.624827
0.627311
0.62979
0.632263
0.634729
0.63719
0.639646
0.642095
0.644538
0.646975
0.649407
0.651832
0.654252
0.656665
0.659072
0.661473
0.663869
0.666258
0.668641
0.671017
0.673388
0.675752
0.67811
0.680462
0.682808
0.685147
0.68748
0.689807
0.692127
0.694441
0.696749
0.69905
0.701345
0.703633
0.705915
0.70819
0.710459
0.712721
0.714977
0.717226
0.719469
0.721705
0.723934
0.726157
0.728372
0.730582
0.732784
0.73498
0.737169
0.739351
0.741527
0.743695
0.745857
0.748012
0.75016
0.752301
0.754436
0.756563
0.758683
0.760797
0.762903
0.765003
0.767095
0.76918
0.771259
0.77333
0.775394
0.777451
0.779501
0.781543
0.783579
0.785607
0.787628
0.789642
0.791648
0.793648
0.79564
0.797624
0.799602
0.801572
0.803534
0.80549
0.807438
0.809378
0.811311
0.813237
0.815155
0.817066
0.818969
0.820865
0.822753
0.824633
0.826506
0.828372
0.83023
0.83208
0.833922
0.835757
0.837584
0.839404
0.841216
0.84302
0.844817
0.846605
0.848386
0.850159
0.851925
0.853682
0.855432
0.857174
0.858908
0.860634
0.862352
0.864062
0.865765
0.867459
0.869146
0.870824
0.872495
0.874157
0.875812
0.877458
0.879097
0.880727
0.88235
0.883964
0.88557
0.887168
0.888758
0.89034
0.891913
0.893479
0.895036
0.896585
0.898126
0.899658
0.901183
0.902699
0.904207
0.905706
0.907198
0.90868
0.910155
0.911621
0.913079
0.914529
0.91597
0.917403
0.918827
0.920243
0.921651
0.92305
0.924441
0.925823
0.927197
0.928562
0.929919
0.931267
0.932607
0.933938
0.93526
0.936575
0.93788
0.939177
0.940465
0.941745
0.943016
0.944279
0.945532
0.946777
0.948014
0.949242
0.950461
0.951671
0.952873
0.954066
0.95525
0.956426
0.957593
0.958751
0.9599
0.961041
0.962172
0.963295
0.964409
0.965514
0.966611
0.967698
0.968777
0.969847
0.970908
0.97196
0.973003
0.974038
0.975063
0.97608
0.977087
0.978086
0.979076
0.980056
0.981028
0.981991
0.982945
0.98389
0.984826
0.985752
0.98667
0.987579
0.988479
0.98937
0.990251
0.991124
0.991988
0.992842
0.993688
0.994524
0.995351
0.99617
0.996979
0.997779
0.99857
0.999351
1.00012
1.00089
1.00164
1.00239
1.00312
1.00385
1.00457
1.00528
1.00598
1.00667
1.00735
1.00802
1.00868
1.00933
1.00998
1.01061
1.01124
1.01186
1.01246
1.01306
1.01365
1.01423
1.0148
1.01536
1.01591
1.01645
1.01699
1.01751
1.01802
1.01853
1.01903
1.01951
1.01999
1.02046
1.02092
1.02137
1.02181
1.02224
1.02266
1.02307
1.02347
1.02387
1.02425
1.02462
1.02499
1.02535
1.02569
1.02603
1.02636
1.02668
1.02698
1.02728
1.02757
1.02786
1.02813
1.02839
1.02864
1.02889
1.02912
1.02934
1.02956
1.02977
1.02996
1.03015
1.03033
1.0305
1.03065
1.0308
1.03094
1.03107
1.0312
1.03131
1.03141
1.0315
1.03159
1.03166
1.03173
1.03178
1.03183
1.03186
1.03189
1.03191
1.03192
1.03192
1.03191
1.03189
1.03186
1.03182
1.03177
1.03171
1.03165
1.03157
1.03148
1.03139
1.03128
1.03117
1.03105
1.03091
1.03077
1.03062
1.03046
1.03029
1.03011
1.02992
1.02972
1.02951
1.0293
1.02907
1.02883
1.02859
1.02833
1.02807
1.0278
1.02751
1.02722
1.02692
1.02661
1.02629
1.02596
1.02562
1.02527
1.02492
1.02455
1.02417
1.02379
1.02339
1.02299
1.02257
1.02215
1.02172
1.02128
1.02083
1.02037
1.0199
1.01942
1.01893
1.01843
1.01793
1.01741
1.01689
1.01635
1.01581
1.01525
1.01469
1.01412
1.01354
1.01295
1.01235
1.01174
1.01113
1.0105
1.00986
1.00922
1.00856
1.0079
1.00723
1.00655
1.00586
1.00516
1.00445
1.00373
1.003
1.00226
1.00152
1.00076
1
0.999227
0.998445
0.997654
0.996853
0.996044
0.995226
0.994398
0.993562
0.992716
0.991861
0.990998
0.990125
0.989244
0.988353
0.987453
0.986545
0.985627
0.9847
0.983765
0.982821
0.981867
0.980905
0.979934
0.978953
0.977964
0.976966
0.97596
0.974944
0.973919
0.972886
0.971844
0.970792
0.969732
0.968664
0.967586
0.9665
0.965405
0.964301
0.963188
0.962067
0.960936
0.959797
0.95865
0.957493
0.956328
0.955155
0.953972
0.952781
0.951581
0.950373
0.949156
0.94793
0.946696
0.945453
0.944201
0.942941
0.941673
0.940395
0.93911
0.937815
0.936513
0.935201
0.933882
0.932553
0.931217
0.929871
0.928518
0.927156
0.925785
0.924406
0.923019
0.921623
0.920219
0.918807
0.917386
0.915957
0.914519
0.913074
0.91162
0.910157
0.908687
0.907208
0.905721
0.904226
0.902722
0.90121
0.89969
0.898162
0.896626
0.895082
0.893529
0.891969
0.8904
0.888824
0.887239
0.885646
0.884045
0.882436
0.880819
0.879194
0.877561
0.87592
0.874272
0.872615
0.87095
0.869278
0.867597
0.865909
0.864213
0.862509
0.860797
0.859077
0.85735
0.855615
0.853872
0.852121
0.850362
0.848596
0.846822
0.845041
0.843252
0.841455
0.83965
0.837838
0.836018
0.834191
0.832356
0.830514
0.828664
0.826807
0.824942
0.823069
0.821189
0.819302
0.817407
0.815505
0.813596
0.811679
0.809755
0.807823
0.805884
0.803938
0.801984
0.800024
0.798055
0.79608
0.794098
0.792108
0.790111
0.788107
0.786096
0.784078
0.782052
0.78002
0.777981
0.775934
0.77388
0.77182
0.769752
0.767678
0.765596
0.763508
0.761412
0.75931
0.757201
0.755085
0.752962
0.750833
0.748696
0.746553
0.744403
0.742246
0.740083
0.737913
0.735736
0.733553
0.731362
0.729166
0.726962
0.724753
0.722536
0.720313
0.718084
0.715848
0.713605
0.711356
0.709101
0.706839
0.704571
0.702296
0.700016
0.697728
0.695435
0.693135
0.690829
0.688517
0.686198
0.683873
0.681542
0.679205
0.676862
0.674513
0.672157
0.669796
0.667428
0.665055
0.662675
0.660289
0.657898
0.6555
0.653097
0.650688
0.648272
0.645851
0.643424
0.640992
0.638553
0.636109
0.633659
0.631203
0.628742
0.626275
0.623802
0.621324
0.61884
0.61635
0.613855
0.611354
0.608848
0.606336
0.603819
0.601296
0.598768
0.596235
0.593696
0.591152
0.588602
0.586048
0.583487
0.580922
0.578351
0.575776
0.573195
0.570608
0.568017
0.565421
0.562819
0.560213
0.557601
0.554984
0.552363
0.549736
0.547104
0.544468
0.541826
0.53918
0.536529
0.533873
0.531212
0.528546
0.525876
0.523201
0.520521
0.517837
0.515147
0.512454
0.509755
0.507052
0.504345
0.501633
0.498916
0.496195
0.493469
0.490739
0.488005
0.485266
0.482523
0.479775
0.477024
0.474268
0.471507
0.468743
0.465974
0.463201
0.460424
0.457642
0.454857
0.452068
0.449274
0.446476
0.443675
0.440869
0.43806
0.435246
0.432429
0.429608
0.426783
0.423954
0.421121
0.418285
0.415444
0.4126
0.409753
0.406901
0.404046
0.401188
0.398326
0.39546
0.39259
0.389718
0.386841
0.383962
0.381078
0.378192
0.375302
0.372408
0.369512
0.366612
0.363708
0.360802
0.357892
0.354979
0.352063
0.349144
0.346222
0.343296
0.340368
0.337436
0.334501
0.331564
0.328623
0.32568
0.322733
0.319784
0.316832
0.313877
0.31092
0.307959
0.304996
0.30203
0.299061
0.29609
0.293116
0.29014
0.287161
0.284179
0.281195
0.278208
0.275219
0.272227
0.269233
0.266237
0.263238
0.260237
0.257234
0.254228
0.25122
0.24821
0.245198
0.242183
0.239167
0.236148
0.233127
0.230104
0.227079
0.224052
0.221023
0.217992
0.21496
0.211925
0.208888
0.20585
0.20281
0.199768
0.196724
0.193679
0.190632
0.187583
0.184532
0.18148
0.178427
0.175371
0.172315
0.169256
0.166197
0.163135
0.160073
0.157009
0.153943
0.150877
0.147809
0.14474
0.141669
0.138597
0.135524
0.13245
0.129375
0.126299
0.123221
0.120143
0.117063
0.113983
0.110901
0.107819
0.104735
0.101651
0.0985659
0.0954799
0.0923932
0.0893057
0.0862174
0.0831284
0.0800387
0.0769484
0.0738574
0.0707659
0.0676737
0.064581
0.0614878
0.0583941
0.0552999
0.0522053
0.0491103
0.0460149
0.0429191
0.039823
0.0367267
0.03363
0.0305332
0.0274361
0.0243388
0.0212414
0.0181438
0.0150462
0.0119485
0.00885071
0.00575294
0.00265518
0.000442526
0.00354017
0.00663771
0.00973512
0.0128324
0.0159294
0.0190263
0.0221229
0.0252193
0.0283153
0.031411
0.0345064
0.0376014
0.040696
0.0437901
0.0468838
0.049977
0.0530696
0.0561617
0.0592532
0.0623441
0.0654344
0.068524
0.071613
0.0747012
0.0777886
0.0808753
0.0839612
0.0870462
0.0901304
0.0932137
0.0962961
0.0993775
0.102458
0.105537
0.108616
0.111693
0.114769
0.117845
0.120919
0.123992
0.127063
0.130134
0.133203
0.136271
0.139337
0.142403
0.145466
0.148529
0.15159
0.15465
0.157708
0.160764
0.16382
0.166873
0.169925
0.172975
0.176024
0.179071
0.182117
0.18516
0.188202
0.191242
0.19428
0.197317
0.200351
0.203384
0.206415
0.209444
0.21247
0.215495
0.218518
0.221539
0.224558
0.227574
0.230588
0.233601
0.236611
0.239619
0.242624
0.245627
0.248628
0.251627
0.254623
0.257617
0.260609
0.263598
0.266584
0.269569
0.27255
0.275529
0.278506
0.281479
0.284451
0.287419
0.290385
0.293348
0.296309
0.299266
0.302221
0.305173
0.308122
0.311069
0.314012
0.316953
0.31989
0.322825
0.325756
0.328685
0.33161
0.334533
0.337452
0.340368
0.343281
0.346191
0.349098
0.352001
0.354901
0.357798
0.360691
0.363581
0.366468
0.369351
0.372231
0.375107
0.37798
0.38085
0.383716
0.386578
0.389437
0.392292
0.395143
0.397991
0.400835
0.403676
0.406512
0.409345
0.412174
0.415
0.417821
0.420639
0.423452
0.426262
0.429068
0.43187
0.434668
0.437462
0.440251
0.443037
0.445819
0.448596
0.45137
0.454139
0.456904
0.459664
0.462421
0.465173
0.467921
0.470665
0.473404
0.476139
0.478869
0.481595
0.484317
0.487034
0.489747
0.492455
0.495158
0.497857
0.500552
0.503241
0.505927
0.508607
0.511283
0.513954
0.51662
0.519282
0.521938
0.52459
0.527237
0.52988
0.532517
0.535149
0.537777
0.540399
0.543017
0.54563
0.548237
0.55084
0.553437
0.556029
0.558616
0.561198
0.563775
0.566347
0.568913
0.571474
0.57403
0.576581
0.579126
0.581666
0.584201
0.58673
0.589254
0.591772
0.594285
0.596793
0.599295
0.601791
0.604282
0.606768
0.609248
0.611722
0.61419
0.616653
0.619111
0.621562
0.624008
0.626448
0.628882
0.631311
0.633734
0.63615
0.638562
0.640967
0.643366
0.645759
0.648147
0.650528
0.652904
0.655273
0.657637
0.659994
0.662346
0.664691
0.66703
0.669363
0.67169
0.674011
0.676325
0.678633
0.680935
0.683231
0.685521
0.687804
0.690081
0.692351
0.694616
0.696873
0.699125
0.70137
0.703608
0.705841
0.708066
0.710285
0.712498
0.714704
0.716903
0.719096
0.721283
0.723462
0.725635
0.727802
0.729961
0.732114
0.734261
0.7364
0.738533
0.740659
0.742778
0.744891
0.746996
0.749095
0.751187
0.753272
0.75535
0.757421
0.759485
0.761542
0.763592
0.765635
0.767672
0.769701
0.771723
0.773738
0.775746
0.777746
0.77974
0.781727
0.783706
0.785678
0.787643
0.789601
0.791551
0.793494
0.79543
0.797359
0.79928
0.801194
0.803101
0.805
0.806892
0.808777
0.810654
0.812523
0.814386
0.81624
0.818088
0.819927
0.82176
0.823584
0.825402
0.827211
0.829013
0.830808
0.832595
0.834374
0.836145
0.837909
0.839666
0.841414
0.843155
0.844888
0.846614
0.848331
0.850041
0.851743
0.853437
0.855124
0.856802
0.858473
0.860136
0.861791
0.863438
0.865078
0.866709
0.868332
0.869948
0.871555
0.873155
0.874746
0.87633
0.877905
0.879472
0.881032
0.882583
0.884126
0.885662
0.887189
0.888707
0.890218
0.891721
0.893215
0.894702
0.89618
0.89765
0.899111
0.900565
0.90201
0.903447
0.904876
0.906296
0.907708
0.909112
0.910508
0.911895
0.913274
0.914644
0.916006
0.91736
0.918705
0.920042
0.921371
0.922691
0.924002
0.925306
0.9266
0.927887
0.929164
0.930434
0.931694
0.932947
0.93419
0.935426
0.936652
0.93787
0.93908
0.940281
0.941473
0.942657
0.943832
0.944998
0.946156
0.947305
0.948446
0.949577
0.9507
0.951815
0.952921
0.954018
0.955106
0.956186
0.957256
0.958318
0.959372
0.960416
0.961452
0.962479
0.963497
0.964507
0.965507
0.966499
0.967482
0.968456
0.969421
0.970378
0.971325
0.972264
0.973194
0.974114
0.975026
0.975929
0.976824
0.977709
0.978585
0.979452
0.980311
0.98116
0.982001
0.982832
0.983655
0.984468
0.985273
0.986068
0.986855
0.987632
0.988401
0.98916
0.989911
0.990652
0.991384
0.992108
0.992822
0.993527
0.994223
0.99491
0.995588
0.996257
0.996917
0.997567
0.998209
0.998841
0.999465
1.00008
1.00068
1.00128
1.00187
1.00244
1.00301
1.00357
1.00412
1.00466
1.00519
1.00572
1.00623
1.00674
1.00723
1.00772
1.00819
1.00866
1.00912
1.00957
1.01001
1.01044
1.01086
1.01127
1.01167
1.01207
1.01245
1.01283
1.01319
1.01355
1.0139
1.01424
1.01457
1.01489
1.0152
1.0155
1.01579
1.01607
1.01634
1.01661
1.01686
1.01711
1.01735
1.01757
1.01779
1.018
1.0182
1.01839
1.01857
1.01874
1.0189
1.01905
1.0192
1.01933
1.01946
1.01957
1.01968
1.01978
1.01986
1.01994
1.02001
1.02007
1.02012
1.02016
1.02019
1.02022
1.02023
1.02023
1.02023
1.02021
1.02019
1.02016
1.02011
1.02006
1.02
1.01993
1.01985
1.01976
1.01966
1.01956
1.01944
1.01931
1.01918
1.01903
1.01888
1.01871
1.01854
1.01836
1.01817
1.01797
1.01776
1.01754
1.01731
1.01707
1.01683
1.01657
1.0163
1.01603
1.01575
1.01545
1.01515
1.01484
1.01452
1.01419
1.01385
1.0135
1.01314
1.01277
1.0124
1.01201
1.01162
1.01121
1.0108
1.01038
1.00995
1.0095
1.00905
1.00859
1.00813
1.00765
1.00716
1.00667
1.00616
1.00565
1.00512
1.00459
1.00405
1.0035
1.00294
1.00237
1.00179
1.0012
1.00061
1
0.999385
0.998761
0.998128
0.997486
0.996835
0.996175
0.995505
0.994827
0.99414
0.993443
0.992738
0.992023
0.991299
0.990567
0.989825
0.989074
0.988315
0.987546
0.986768
0.985982
0.985186
0.984382
0.983568
0.982746
0.981914
0.981074
0.980224
0.979366
0.978499
0.977623
0.976738
0.975844
0.974941
0.97403
0.973109
0.97218
0.971242
0.970295
0.969339
0.968374
0.967401
0.966419
0.965428
0.964428
0.963419
0.962402
0.961376
0.960341
0.959297
0.958245
0.957184
0.956114
0.955036
0.953948
0.952853
0.951748
0.950635
0.949513
0.948383
0.947244
0.946096
0.94494
0.943775
0.942601
0.941419
0.940229
0.939029
0.937822
0.936606
0.935381
0.934148
0.932906
0.931656
0.930397
0.92913
0.927854
0.92657
0.925278
0.923977
0.922667
0.92135
0.920024
0.918689
0.917347
0.915995
0.914636
0.913268
0.911892
0.910508
0.909115
0.907714
0.906305
0.904888
0.903462
0.902029
0.900587
0.899136
0.897678
0.896212
0.894737
0.893254
0.891763
0.890264
0.888757
0.887242
0.885719
0.884187
0.882648
0.881101
0.879545
0.877982
0.876411
0.874832
0.873244
0.871649
0.870046
0.868435
0.866816
0.86519
0.863555
0.861913
0.860262
0.858604
0.856938
0.855265
0.853583
0.851894
0.850197
0.848493
0.84678
0.84506
0.843332
0.841597
0.839854
0.838103
0.836345
0.834579
0.832806
0.831025
0.829236
0.82744
0.825637
0.823826
0.822007
0.820181
0.818348
0.816507
0.814659
0.812803
0.81094
0.80907
0.807192
0.805307
0.803414
0.801515
0.799608
0.797694
0.795772
0.793843
0.791908
0.789965
0.788014
0.786057
0.784092
0.782121
0.780142
0.778156
0.776163
0.774164
0.772157
0.770143
0.768122
0.766094
0.764059
0.762017
0.759969
0.757913
0.755851
0.753782
0.751705
0.749623
0.747533
0.745436
0.743333
0.741223
0.739106
0.736983
0.734853
0.732716
0.730573
0.728423
0.726266
0.724103
0.721933
0.719757
0.717574
0.715384
0.713189
0.710986
0.708778
0.706562
0.704341
0.702113
0.699879
0.697638
0.695391
0.693138
0.690878
0.688612
0.68634
0.684062
0.681778
0.679487
0.67719
0.674887
0.672578
0.670263
0.667942
0.665615
0.663281
0.660942
0.658597
0.656246
0.653889
0.651525
0.649156
0.646782
0.644401
0.642014
0.639622
0.637224
0.63482
0.63241
0.629995
0.627574
0.625147
0.622715
0.620277
0.617833
0.615384
0.612929
0.610468
0.608003
0.605531
0.603054
0.600572
0.598084
0.595591
0.593093
0.590589
0.588079
0.585565
0.583045
0.58052
0.577989
0.575454
0.572913
0.570367
0.567816
0.56526
0.562698
0.560132
0.55756
0.554984
0.552402
0.549816
0.547224
0.544627
0.542026
0.53942
0.536809
0.534193
0.531572
0.528946
0.526316
0.523681
0.521041
0.518396
0.515747
0.513093
0.510434
0.507771
0.505103
0.502431
0.499754
0.497073
0.494387
0.491697
0.489002
0.486303
0.483599
0.480891
0.478179
0.475462
0.472742
0.470016
0.467287
0.464554
0.461816
0.459074
0.456328
0.453578
0.450824
0.448065
0.445303
0.442537
0.439766
0.436992
0.434214
0.431431
0.428645
0.425856
0.423062
0.420264
0.417463
0.414658
0.411849
0.409037
0.40622
0.403401
0.400577
0.39775
0.394919
0.392085
0.389247
0.386406
0.383562
0.380713
0.377862
0.375007
0.372148
0.369287
0.366422
0.363554
0.360682
0.357807
0.354929
0.352048
0.349164
0.346276
0.343386
0.340492
0.337595
0.334695
0.331793
0.328887
0.325978
0.323067
0.320152
0.317235
0.314315
0.311392
0.308466
0.305537
0.302606
0.299672
0.296735
0.293796
0.290854
0.287909
0.284962
0.282012
0.27906
0.276105
0.273148
0.270189
0.267227
0.264262
0.261295
0.258326
0.255355
0.252381
0.249405
0.246427
0.243447
0.240464
0.23748
0.234493
0.231504
0.228513
0.22552
0.222525
0.219528
0.216529
0.213528
0.210526
0.207521
0.204515
0.201507
0.198497
0.195485
0.192471
0.189456
0.186439
0.183421
0.180401
0.177379
0.174355
0.171331
0.168304
0.165276
0.162247
0.159216
0.156184
0.153151
0.150116
0.14708
0.144042
0.141004
0.137964
0.134923
0.13188
0.128837
0.125792
0.122747
0.1197
0.116652
0.113603
0.110553
0.107503
0.104451
0.101398
0.0983449
0.0952906
0.0922355
0.0891796
0.0861229
0.0830655
0.0800074
0.0769487
0.0738892
0.0708292
0.0677686
0.0647073
0.0616456
0.0585833
0.0555206
0.0524574
0.0493938
0.0463298
0.0432654
0.0402007
0.0371356
0.0340703
0.0310047
0.0279389
0.0248729
0.0218067
0.0187403
0.0156739
0.0126073
0.00954069
0.00647403
0.00340737
0.000340735
0.00272585
0.00579237
0.00885878
0.0119251
0.0149912
0.0180571
0.0211228
0.0241883
0.0272535
0.0303184
0.0333829
0.0364471
0.039511
0.0425744
0.0456374
0.0486999
0.0517619
0.0548234
0.0578843
0.0609446
0.0640044
0.0670635
0.070122
0.0731797
0.0762368
0.0792931
0.0823486
0.0854033
0.0884572
0.0915102
0.0945624
0.0976136
0.100664
0.103713
0.106762
0.109809
0.112855
0.1159
0.118944
0.121987
0.125029
0.12807
0.131109
0.134147
0.137184
0.140219
0.143254
0.146286
0.149318
0.152348
0.155377
0.158404
0.161429
0.164453
0.167476
0.170497
0.173516
0.176534
0.17955
0.182565
0.185577
0.188588
0.191598
0.194605
0.197611
0.200614
0.203616
0.206616
0.209614
0.21261
0.215604
0.218596
0.221586
0.224574
0.22756
0.230544
0.233525
0.236504
0.239482
0.242457
0.245429
0.2484
0.251368
0.254333
0.257297
0.260258
0.263216
0.266172
0.269126
0.272077
0.275026
0.277972
0.280915
0.283856
0.286794
0.28973
0.292663
0.295593
0.29852
0.301445
0.304366
0.307285
0.310202
0.313115
0.316025
0.318933
0.321837
0.324739
0.327637
0.330533
0.333425
0.336314
0.3392
0.342084
0.344963
0.34784
0.350714
0.353584
0.356451
0.359314
0.362175
0.365032
0.367885
0.370736
0.373582
0.376426
0.379266
0.382102
0.384935
0.387764
0.39059
0.393412
0.39623
0.399045
0.401856
0.404663
0.407467
0.410267
0.413063
0.415855
0.418644
0.421428
0.424209
0.426986
0.429759
0.432528
0.435293
0.438053
0.44081
0.443563
0.446312
0.449056
0.451797
0.454533
0.457265
0.459993
0.462717
0.465436
0.468151
0.470862
0.473568
0.47627
0.478968
0.481661
0.48435
0.487035
0.489715
0.49239
0.495061
0.497727
0.500389
0.503046
0.505698
0.508346
0.510989
0.513628
0.516262
0.518891
0.521515
0.524134
0.526749
0.529358
0.531963
0.534563
0.537158
0.539748
0.542334
0.544914
0.547489
0.550059
0.552624
0.555184
0.557739
0.560289
0.562833
0.565373
0.567907
0.570436
0.57296
0.575478
0.577992
0.5805
0.583002
0.585499
0.587991
0.590478
0.592959
0.595434
0.597904
0.600369
0.602828
0.605282
0.60773
0.610172
0.612609
0.61504
0.617466
0.619886
0.6223
0.624708
0.627111
0.629508
0.631899
0.634285
0.636664
0.639038
0.641406
0.643768
0.646124
0.648474
0.650819
0.653157
0.655489
0.657815
0.660136
0.66245
0.664758
0.66706
0.669356
0.671645
0.673929
0.676206
0.678477
0.680742
0.683001
0.685254
0.6875
0.68974
0.691973
0.6942
0.696421
0.698636
0.700844
0.703045
0.70524
0.707429
0.709611
0.711787
0.713956
0.716119
0.718275
0.720424
0.722567
0.724704
0.726833
0.728956
0.731072
0.733182
0.735285
0.737381
0.73947
0.741553
0.743629
0.745698
0.74776
0.749815
0.751864
0.753905
0.75594
0.757968
0.759989
0.762002
0.764009
0.766009
0.768002
0.769988
0.771966
0.773938
0.775903
0.77786
0.77981
0.781754
0.78369
0.785619
0.78754
0.789455
0.791362
0.793262
0.795155
0.79704
0.798918
0.800789
0.802653
0.804509
0.806358
0.808199
0.810033
0.81186
0.813679
0.815491
0.817295
0.819092
0.820881
0.822663
0.824437
0.826204
0.827963
0.829715
0.831459
0.833195
0.834924
0.836645
0.838358
0.840064
0.841762
0.843453
0.845135
0.84681
0.848478
0.850137
0.851789
0.853433
0.855069
0.856697
0.858317
0.85993
0.861534
0.863131
0.86472
0.866301
0.867874
0.869439
0.870997
0.872546
0.874087
0.87562
0.877146
0.878663
0.880172
0.881673
0.883166
0.884651
0.886128
0.887597
0.889058
0.89051
0.891955
0.893391
0.894819
0.896239
0.897651
0.899054
0.90045
0.901837
0.903215
0.904586
0.905948
0.907302
0.908648
0.909985
0.911315
0.912635
0.913948
0.915252
0.916548
0.917835
0.919114
0.920384
0.921647
0.9229
0.924146
0.925382
0.926611
0.927831
0.929042
0.930245
0.93144
0.932625
0.933803
0.934972
0.936132
0.937284
0.938427
0.939562
0.940688
0.941805
0.942914
0.944014
0.945106
0.946189
0.947263
0.948329
0.949386
0.950434
0.951474
0.952505
0.953527
0.954541
0.955546
0.956542
0.957529
0.958508
0.959478
0.960439
0.961391
0.962335
0.96327
0.964196
0.965113
0.966021
0.966921
0.967811
0.968693
0.969566
0.970431
0.971286
0.972132
0.97297
0.973799
0.974618
0.975429
0.976231
0.977024
0.977809
0.978584
0.97935
0.980107
0.980856
0.981595
0.982326
0.983047
0.98376
0.984463
0.985158
0.985844
0.98652
0.987188
0.987846
0.988496
0.989136
0.989768
0.99039
0.991004
0.991608
0.992203
0.99279
0.993367
0.993935
0.994494
0.995044
0.995585
0.996117
0.99664
0.997153
0.997658
0.998153
0.99864
0.999117
0.999585
1.00004
1.00049
1.00093
1.00137
1.00179
1.0022
1.00261
1.003
1.00339
1.00376
1.00413
1.00449
1.00484
1.00518
1.00551
1.00583
1.00614
1.00645
1.00674
1.00703
1.0073
1.00757
1.00783
1.00807
1.00831
1.00854
1.00876
1.00898
1.00918
1.00937
1.00956
1.00973
1.0099
1.01005
1.0102
1.01034
1.01046
1.01058
1.01069
1.0108
1.01089
1.01097
1.01104
1.01111
1.01116
1.01121
1.01124
1.01127
1.01129
1.0113
1.0113
1.01129
1.01127
1.01124
1.0112
1.01116
1.0111
1.01104
1.01096
1.01088
1.01078
1.01068
1.01057
1.01045
1.01032
1.01018
1.01004
1.00988
1.00971
1.00954
1.00935
1.00916
1.00895
1.00874
1.00852
1.00829
1.00805
1.0078
1.00754
1.00727
1.007
1.00671
1.00642
1.00611
1.0058
1.00548
1.00514
1.0048
1.00445
1.00409
1.00373
1.00335
1.00296
1.00257
1.00216
1.00175
1.00132
1.00089
1.00045
1
0.99954
0.999072
0.998594
0.998107
0.997611
0.997106
0.996591
0.996068
0.995536
0.994994
0.994444
0.993884
0.993316
0.992738
0.992151
0.991555
0.990951
0.990337
0.989714
0.989082
0.988441
0.987791
0.987133
0.986465
0.985788
0.985102
0.984407
0.983703
0.982991
0.982269
0.981538
0.980799
0.98005
0.979293
0.978527
0.977751
0.976967
0.976174
0.975372
0.974561
0.973742
0.972913
0.972076
0.971229
0.970374
0.96951
0.968638
0.967756
0.966866
0.965966
0.965058
0.964142
0.963216
0.962282
0.961339
0.960387
0.959426
0.958457
0.957479
0.956492
0.955496
0.954492
0.953479
0.952458
0.951428
0.950389
0.949341
0.948285
0.94722
0.946147
0.945065
0.943974
0.942875
0.941767
0.940651
0.939526
0.938392
0.93725
0.936099
0.93494
0.933773
0.932597
0.931412
0.930219
0.929017
0.927807
0.926589
0.925362
0.924127
0.922883
0.921631
0.920371
0.919102
0.917824
0.916539
0.915245
0.913943
0.912632
0.911313
0.909986
0.908651
0.907307
0.905955
0.904595
0.903227
0.90185
0.900465
0.899072
0.897671
0.896261
0.894844
0.893418
0.891984
0.890543
0.889093
0.887634
0.886168
0.884694
0.883212
0.881721
0.880223
0.878717
0.877202
0.87568
0.87415
0.872612
0.871066
0.869511
0.867949
0.86638
0.864802
0.863216
0.861623
0.860021
0.858412
0.856795
0.855171
0.853538
0.851898
0.85025
0.848594
0.846931
0.84526
0.843581
0.841894
0.8402
0.838498
0.836789
0.835072
0.833347
0.831615
0.829875
0.828128
0.826373
0.824611
0.822841
0.821064
0.819279
0.817487
0.815687
0.81388
0.812066
0.810244
0.808415
0.806578
0.804734
0.802883
0.801025
0.799159
0.797286
0.795406
0.793518
0.791623
0.789721
0.787812
0.785896
0.783973
0.782042
0.780105
0.77816
0.776208
0.774249
0.772284
0.770311
0.768331
0.766344
0.76435
0.762349
0.760342
0.758327
0.756306
0.754277
0.752242
0.7502
0.748151
0.746096
0.744033
0.741964
0.739888
0.737806
0.735717
0.733621
0.731518
0.729409
0.727293
0.72517
0.723041
0.720905
0.718763
0.716615
0.714459
0.712298
0.710129
0.707955
0.705774
0.703586
0.701392
0.699192
0.696986
0.694773
0.692553
0.690328
0.688096
0.685858
0.683614
0.681364
0.679107
0.676844
0.674575
0.6723
0.670019
0.667732
0.665439
0.663139
0.660834
0.658523
0.656205
0.653882
0.651553
0.649218
0.646877
0.64453
0.642177
0.639819
0.637454
0.635084
0.632709
0.630327
0.62794
0.625547
0.623148
0.620744
0.618334
0.615918
0.613497
0.61107
0.608638
0.6062
0.603757
0.601308
0.598854
0.596394
0.593929
0.591459
0.588983
0.586502
0.584016
0.581524
0.579027
0.576525
0.574017
0.571504
0.568987
0.566464
0.563935
0.561402
0.558864
0.556321
0.553772
0.551219
0.54866
0.546097
0.543528
0.540955
0.538377
0.535794
0.533206
0.530613
0.528016
0.525413
0.522806
0.520195
0.517578
0.514957
0.512331
0.5097
0.507065
0.504426
0.501781
0.499133
0.496479
0.493821
0.491159
0.488492
0.485821
0.483146
0.480466
0.477781
0.475093
0.4724
0.469703
0.467001
0.464296
0.461586
0.458872
0.456154
0.453431
0.450705
0.447975
0.44524
0.442501
0.439759
0.437012
0.434262
0.431508
0.428749
0.425987
0.423221
0.420451
0.417678
0.4149
0.412119
0.409334
0.406546
0.403753
0.400958
0.398158
0.395355
0.392548
0.389738
0.386924
0.384107
0.381286
0.378462
0.375635
0.372804
0.369969
0.367132
0.364291
0.361447
0.358599
0.355748
0.352894
0.350037
0.347177
0.344314
0.341447
0.338577
0.335705
0.332829
0.32995
0.327069
0.324184
0.321297
0.318406
0.315513
0.312617
0.309718
0.306816
0.303912
0.301005
0.298095
0.295182
0.292267
0.289349
0.286429
0.283506
0.28058
0.277652
0.274721
0.271788
0.268853
0.265915
0.262974
0.260032
0.257087
0.254139
0.25119
0.248238
0.245284
0.242327
0.239369
0.236408
0.233445
0.230481
0.227514
0.224545
0.221574
0.218601
0.215626
0.212649
0.209671
0.20669
0.203707
0.200723
0.197737
0.194749
0.19176
0.188769
0.185776
0.182781
0.179785
0.176787
0.173787
0.170786
0.167784
0.16478
0.161775
0.158768
0.155759
0.15275
0.149739
0.146726
0.143713
0.140698
0.137682
0.134664
0.131646
0.128626
0.125605
0.122583
0.11956
0.116536
0.113511
0.110484
0.107457
0.104429
0.1014
0.0983703
0.0953396
0.092308
0.0892756
0.0862425
0.0832086
0.080174
0.0771386
0.0741027
0.071066
0.0680288
0.064991
0.0619526
0.0589137
0.0558743
0.0528345
0.0497941
0.0467534
0.0437123
0.0406708
0.037629
0.0345869
0.0315444
0.0285018
0.0254589
0.0224158
0.0193726
0.0163292
0.0132857
0.0102421
0.0071985
0.00415484
0.00111117
0.00193246
0.00497605
0.00801955
0.0110629
0.0141062
0.0171493
0.0201922
0.0232349
0.0262773
0.0293195
0.0323613
0.0354028
0.038444
0.0414848
0.0445251
0.047565
0.0506045
0.0536434
0.0566818
0.0597197
0.062757
0.0657937
0.0688297
0.0718651
0.0748998
0.0779338
0.080967
0.0839994
0.0870311
0.0900619
0.0930919
0.0961209
0.0991491
0.102176
0.105203
0.108228
0.111252
0.114275
0.117297
0.120318
0.123338
0.126357
0.129374
0.132391
0.135406
0.13842
0.141432
0.144443
0.147453
0.150462
0.153469
0.156474
0.159478
0.162481
0.165482
0.168482
0.17148
0.174476
0.177471
0.180464
0.183455
0.186445
0.189433
0.192419
0.195404
0.198387
0.201367
0.204346
0.207323
0.210298
0.213272
0.216243
0.219212
0.222179
0.225144
0.228107
0.231068
0.234027
0.236983
0.239938
0.24289
0.24584
0.248787
0.251733
0.254676
0.257616
0.260554
0.26349
0.266424
0.269355
0.272283
0.275209
0.278132
0.281053
0.283971
0.286887
0.2898
0.29271
0.295618
0.298523
0.301425
0.304324
0.307221
0.310114
0.313005
0.315893
0.318778
0.32166
0.324539
0.327415
0.330288
0.333158
0.336025
0.338889
0.34175
0.344607
0.347462
0.350313
0.353161
0.356006
0.358847
0.361685
0.36452
0.367352
0.37018
0.373004
0.375826
0.378644
0.381458
0.384269
0.387076
0.38988
0.39268
0.395476
0.398269
0.401058
0.403844
0.406626
0.409404
0.412178
0.414948
0.417715
0.420478
0.423237
0.425992
0.428743
0.43149
0.434234
0.436973
0.439708
0.442439
0.445167
0.44789
0.450609
0.453323
0.456034
0.45874
0.461443
0.464141
0.466834
0.469524
0.472209
0.47489
0.477566
0.480238
0.482906
0.485569
0.488228
0.490882
0.493532
0.496177
0.498818
0.501454
0.504086
0.506713
0.509335
0.511952
0.514565
0.517173
0.519777
0.522375
0.524969
0.527558
0.530142
0.532722
0.535296
0.537866
0.54043
0.54299
0.545545
0.548094
0.550639
0.553178
0.555713
0.558242
0.560767
0.563286
0.5658
0.568309
0.570812
0.573311
0.575804
0.578291
0.580774
0.583251
0.585723
0.58819
0.590651
0.593106
0.595557
0.598001
0.600441
0.602875
0.605303
0.607726
0.610143
0.612554
0.61496
0.617361
0.619755
0.622144
0.624528
0.626905
0.629277
0.631643
0.634003
0.636358
0.638707
0.641049
0.643386
0.645717
0.648042
0.650362
0.652675
0.654982
0.657283
0.659579
0.661868
0.664151
0.666428
0.668699
0.670964
0.673223
0.675475
0.677722
0.679962
0.682196
0.684423
0.686645
0.68886
0.691069
0.693271
0.695467
0.697657
0.699841
0.702018
0.704188
0.706352
0.70851
0.710661
0.712806
0.714944
0.717076
0.719201
0.721319
0.723431
0.725536
0.727635
0.729727
0.731812
0.733891
0.735963
0.738028
0.740086
0.742138
0.744183
0.746221
0.748252
0.750276
0.752294
0.754304
0.756308
0.758305
0.760295
0.762277
0.764253
0.766222
0.768184
0.770139
0.772087
0.774028
0.775962
0.777888
0.779808
0.78172
0.783625
0.785523
0.787414
0.789298
0.791174
0.793044
0.794906
0.79676
0.798608
0.800448
0.802281
0.804106
0.805924
0.807735
0.809539
0.811335
0.813123
0.814904
0.816678
0.818444
0.820203
0.821954
0.823698
0.825434
0.827163
0.828884
0.830597
0.832303
0.834001
0.835692
0.837375
0.839051
0.840718
0.842378
0.844031
0.845675
0.847312
0.848941
0.850563
0.852176
0.853782
0.85538
0.856971
0.858553
0.860128
0.861694
0.863253
0.864804
0.866347
0.867882
0.869409
0.870929
0.87244
0.873943
0.875439
0.876926
0.878405
0.879876
0.88134
0.882795
0.884242
0.885681
0.887112
0.888535
0.88995
0.891356
0.892755
0.894145
0.895527
0.896901
0.898267
0.899625
0.900974
0.902315
0.903648
0.904973
0.906289
0.907597
0.908897
0.910188
0.911472
0.912747
0.914013
0.915271
0.916521
0.917763
0.918996
0.92022
0.921437
0.922645
0.923844
0.925035
0.926218
0.927392
0.928557
0.929714
0.930863
0.932003
0.933135
0.934258
0.935373
0.936479
0.937576
0.938665
0.939746
0.940817
0.941881
0.942935
0.943981
0.945019
0.946047
0.947068
0.948079
0.949082
0.950076
0.951062
0.952038
0.953006
0.953966
0.954917
0.955859
0.956792
0.957716
0.958632
0.959539
0.960438
0.961327
0.962208
0.96308
0.963943
0.964797
0.965643
0.96648
0.967308
0.968127
0.968937
0.969738
0.970531
0.971315
0.97209
0.972855
0.973613
0.974361
0.9751
0.975831
0.976552
0.977265
0.977968
0.978663
0.979349
0.980026
0.980694
0.981353
0.982003
0.982644
0.983276
0.983899
0.984513
0.985119
0.985715
0.986302
0.98688
0.98745
0.98801
0.988561
0.989103
0.989636
0.99016
0.990675
0.991181
0.991678
0.992166
0.992645
0.993115
0.993576
0.994028
0.99447
0.994904
0.995328
0.995744
0.99615
0.996547
0.996936
0.997315
0.997685
0.998046
0.998397
0.99874
0.999074
0.999398
0.999713
1.00002
1.00032
1.0006
1.00088
1.00115
1.00141
1.00167
1.00191
1.00214
1.00236
1.00258
1.00279
1.00298
1.00317
1.00335
1.00352
1.00368
1.00383
1.00397
1.0041
1.00423
1.00434
1.00444
1.00454
1.00463
1.0047
1.00477
1.00483
1.00488
1.00492
1.00496
1.00498
1.00499
1.005
1.00499
1.00498
1.00495
1.00492
1.00488
1.00483
1.00477
1.0047
1.00462
1.00453
1.00444
1.00433
1.00422
1.00409
1.00396
1.00382
1.00367
1.00351
1.00334
1.00316
1.00297
1.00277
1.00257
1.00235
1.00213
1.00189
1.00165
1.0014
1.00114
1.00087
1.00059
1.0003
1
0.999693
0.999377
0.999052
0.998718
0.998375
0.998023
0.997662
0.997291
0.996912
0.996523
0.996125
0.995719
0.995303
0.994878
0.994444
0.994001
0.993549
0.993087
0.992617
0.992138
0.99165
0.991152
0.990646
0.99013
0.989606
0.989073
0.98853
0.987979
0.987418
0.986849
0.98627
0.985683
0.985086
0.984481
0.983866
0.983243
0.982611
0.981969
0.981319
0.98066
0.979992
0.979315
0.978629
0.977934
0.97723
0.976518
0.975796
0.975066
0.974326
0.973578
0.972821
0.972055
0.97128
0.970496
0.969704
0.968903
0.968092
0.967273
0.966446
0.965609
0.964764
0.963909
0.963046
0.962175
0.961294
0.960405
0.959507
0.9586
0.957685
0.95676
0.955827
0.954886
0.953935
0.952976
0.952009
0.951032
0.950047
0.949054
0.948051
0.94704
0.946021
0.944992
0.943956
0.94291
0.941856
0.940794
0.939722
0.938643
0.937554
0.936458
0.935352
0.934238
0.933116
0.931985
0.930846
0.929698
0.928542
0.927377
0.926204
0.925022
0.923832
0.922634
0.921427
0.920211
0.918988
0.917756
0.916515
0.915267
0.91401
0.912744
0.911471
0.910189
0.908898
0.9076
0.906293
0.904978
0.903655
0.902323
0.900983
0.899635
0.898279
0.896915
0.895542
0.894162
0.892773
0.891376
0.889971
0.888558
0.887137
0.885707
0.88427
0.882825
0.881371
0.87991
0.87844
0.876963
0.875477
0.873984
0.872483
0.870973
0.869456
0.867931
0.866398
0.864857
0.863308
0.861751
0.860187
0.858614
0.857034
0.855446
0.853851
0.852247
0.850636
0.849017
0.84739
0.845755
0.844113
0.842463
0.840806
0.839141
0.837468
0.835787
0.834099
0.832404
0.830701
0.82899
0.827272
0.825546
0.823812
0.822071
0.820323
0.818567
0.816804
0.815033
0.813255
0.81147
0.809677
0.807877
0.806069
0.804254
0.802432
0.800602
0.798766
0.796922
0.79507
0.793212
0.791346
0.789473
0.787593
0.785705
0.783811
0.781909
0.78
0.778085
0.776162
0.774232
0.772295
0.770351
0.7684
0.766442
0.764477
0.762505
0.760526
0.75854
0.756547
0.754548
0.752541
0.750528
0.748508
0.746481
0.744447
0.742407
0.740359
0.738305
0.736245
0.734177
0.732103
0.730022
0.727935
0.725841
0.72374
0.721633
0.71952
0.717399
0.715272
0.713139
0.710999
0.708853
0.7067
0.704541
0.702376
0.700204
0.698026
0.695841
0.69365
0.691453
0.689249
0.687039
0.684823
0.682601
0.680372
0.678138
0.675897
0.67365
0.671397
0.669138
0.666872
0.664601
0.662324
0.66004
0.657751
0.655455
0.653154
0.650847
0.648533
0.646214
0.643889
0.641559
0.639222
0.636879
0.634531
0.632177
0.629817
0.627452
0.625081
0.622704
0.620321
0.617933
0.615539
0.61314
0.610735
0.608325
0.605909
0.603487
0.60106
0.598628
0.59619
0.593746
0.591298
0.588843
0.586384
0.583919
0.581449
0.578974
0.576493
0.574007
0.571516
0.56902
0.566519
0.564012
0.5615
0.558984
0.556462
0.553935
0.551403
0.548866
0.546324
0.543777
0.541225
0.538668
0.536107
0.53354
0.530969
0.528393
0.525812
0.523226
0.520635
0.51804
0.51544
0.512836
0.510226
0.507613
0.504994
0.502371
0.499743
0.497111
0.494474
0.491833
0.489188
0.486538
0.483883
0.481224
0.478561
0.475893
0.473221
0.470545
0.467865
0.46518
0.462491
0.459798
0.457101
0.454399
0.451693
0.448984
0.44627
0.443552
0.44083
0.438105
0.435375
0.432641
0.429903
0.427162
0.424416
0.421667
0.418914
0.416157
0.413396
0.410632
0.407864
0.405092
0.402316
0.399537
0.396754
0.393968
0.391178
0.388385
0.385588
0.382787
0.379983
0.377176
0.374365
0.371551
0.368733
0.365912
0.363088
0.36026
0.357429
0.354595
0.351758
0.348918
0.346074
0.343227
0.340378
0.337525
0.334669
0.33181
0.328948
0.326083
0.323215
0.320344
0.31747
0.314593
0.311714
0.308832
0.305947
0.303059
0.300168
0.297275
0.294379
0.29148
0.288579
0.285675
0.282768
0.279859
0.276948
0.274034
0.271117
0.268198
0.265277
0.262353
0.259427
0.256498
0.253567
0.250634
0.247699
0.244761
0.241821
0.238879
0.235935
0.232988
0.23004
0.227089
0.224137
0.221182
0.218226
0.215267
0.212307
0.209344
0.20638
0.203414
0.200446
0.197476
0.194505
0.191531
0.188556
0.18558
0.182601
0.179621
0.176639
0.173656
0.170671
0.167685
0.164697
0.161708
0.158717
0.155725
0.152731
0.149736
0.14674
0.143742
0.140743
0.137743
0.134742
0.131739
0.128735
0.12573
0.122724
0.119717
0.116709
0.1137
0.110689
0.107678
0.104666
0.101653
0.0986385
0.0956236
0.0926078
0.0895911
0.0865737
0.0835555
0.0805366
0.0775169
0.0744966
0.0714756
0.068454
0.0654317
0.0624089
0.0593856
0.0563617
0.0533374
0.0503126
0.0472873
0.0442616
0.0412356
0.0382092
0.0351825
0.0321554
0.0291281
0.0261006
0.0230728
0.0200449
0.0170168
0.0139885
0.0109602
0.00793176
0.00490328
0.00187478
0.00115371
0.00418217
0.00721057
0.0102389
0.0132671
0.0162951
0.019323
0.0223507
0.0253782
0.0284054
0.0314323
0.0344589
0.0374852
0.0405112
0.0435367
0.0465618
0.0495865
0.0526107
0.0556343
0.0586575
0.0616801
0.0647021
0.0677236
0.0707443
0.0737644
0.0767838
0.0798025
0.0828205
0.0858376
0.088854
0.0918695
0.0948842
0.097898
0.100911
0.103923
0.106934
0.109944
0.112953
0.115961
0.118967
0.121973
0.124978
0.127981
0.130983
0.133984
0.136984
0.139983
0.14298
0.145976
0.14897
0.151963
0.154955
0.157945
0.160934
0.163922
0.166907
0.169892
0.172874
0.175856
0.178835
0.181813
0.184789
0.187764
0.190736
0.193707
0.196676
0.199644
0.202609
0.205573
0.208535
0.211495
0.214453
0.217408
0.220362
0.223314
0.226264
0.229212
0.232158
0.235101
0.238042
0.240982
0.243918
0.246853
0.249786
0.252716
0.255643
0.258569
0.261492
0.264413
0.267331
0.270247
0.27316
0.276071
0.278979
0.281885
0.284788
0.287688
0.290586
0.293481
0.296374
0.299264
0.302151
0.305035
0.307916
0.310795
0.313671
0.316543
0.319413
0.32228
0.325144
0.328006
0.330864
0.333719
0.336571
0.33942
0.342265
0.345108
0.347947
0.350784
0.353617
0.356447
0.359273
0.362096
0.364916
0.367733
0.370546
0.373356
0.376162
0.378965
0.381765
0.384561
0.387353
0.390142
0.392927
0.395709
0.398487
0.401262
0.404032
0.4068
0.409563
0.412322
0.415078
0.41783
0.420578
0.423323
0.426063
0.4288
0.431532
0.434261
0.436986
0.439706
0.442423
0.445136
0.447844
0.450549
0.453249
0.455945
0.458637
0.461325
0.464008
0.466688
0.469363
0.472033
0.4747
0.477362
0.48002
0.482673
0.485322
0.487966
0.490606
0.493242
0.495873
0.498499
0.501121
0.503738
0.506351
0.508959
0.511562
0.514161
0.516755
0.519344
0.521929
0.524509
0.527084
0.529654
0.532219
0.53478
0.537335
0.539886
0.542431
0.544972
0.547508
0.550038
0.552564
0.555085
0.5576
0.560111
0.562616
0.565116
0.567611
0.570101
0.572586
0.575065
0.577539
0.580008
0.582471
0.58493
0.587382
0.58983
0.592272
0.594709
0.59714
0.599566
0.601986
0.604401
0.60681
0.609214
0.611612
0.614004
0.616391
0.618773
0.621148
0.623518
0.625883
0.628241
0.630594
0.632941
0.635282
0.637618
0.639947
0.642271
0.644589
0.646901
0.649207
0.651507
0.653801
0.65609
0.658372
0.660648
0.662918
0.665182
0.66744
0.669692
0.671938
0.674178
0.676411
0.678639
0.68086
0.683075
0.685283
0.687486
0.689682
0.691872
0.694055
0.696232
0.698403
0.700568
0.702726
0.704877
0.707022
0.709161
0.711293
0.713419
0.715538
0.717651
0.719757
0.721856
0.723949
0.726036
0.728115
0.730188
0.732255
0.734314
0.736367
0.738414
0.740453
0.742486
0.744512
0.746531
0.748543
0.750549
0.752547
0.754539
0.756524
0.758502
0.760473
0.762437
0.764394
0.766345
0.768288
0.770224
0.772153
0.774075
0.77599
0.777898
0.779799
0.781692
0.783579
0.785458
0.78733
0.789195
0.791053
0.792904
0.794747
0.796583
0.798412
0.800233
0.802048
0.803855
0.805654
0.807446
0.809231
0.811009
0.812779
0.814541
0.816296
0.818044
0.819784
0.821517
0.823242
0.82496
0.82667
0.828373
0.830068
0.831755
0.833435
0.835108
0.836772
0.838429
0.840079
0.841721
0.843355
0.844981
0.8466
0.84821
0.849814
0.851409
0.852997
0.854577
0.856149
0.857713
0.859269
0.860818
0.862358
0.863891
0.865416
0.866933
0.868442
0.869944
0.871437
0.872922
0.874399
0.875869
0.87733
0.878783
0.880229
0.881666
0.883095
0.884517
0.88593
0.887335
0.888732
0.89012
0.891501
0.892874
0.894238
0.895594
0.896942
0.898282
0.899614
0.900937
0.902253
0.90356
0.904858
0.906149
0.907431
0.908705
0.909971
0.911228
0.912477
0.913718
0.91495
0.916174
0.91739
0.918597
0.919796
0.920987
0.922169
0.923343
0.924508
0.925665
0.926813
0.927953
0.929085
0.930208
0.931322
0.932428
0.933526
0.934615
0.935695
0.936767
0.937831
0.938885
0.939932
0.940969
0.941998
0.943019
0.944031
0.945034
0.946029
0.947015
0.947992
0.948961
0.949921
0.950872
0.951815
0.952749
0.953675
0.954591
0.955499
0.956398
0.957289
0.958171
0.959044
0.959908
0.960764
0.96161
0.962448
0.963277
0.964098
0.96491
0.965712
0.966506
0.967292
0.968068
0.968836
0.969594
0.970344
0.971085
0.971817
0.972541
0.973255
0.97396
0.974657
0.975345
0.976024
0.976694
0.977355
0.978007
0.97865
0.979284
0.97991
0.980526
0.981134
0.981732
0.982322
0.982902
0.983474
0.984037
0.98459
0.985135
0.985671
0.986198
0.986715
0.987224
0.987724
0.988215
0.988696
0.989169
0.989633
0.990087
0.990533
0.99097
0.991397
0.991816
0.992225
0.992625
0.993017
0.993399
0.993772
0.994137
0.994492
0.994838
0.995175
0.995503
0.995821
0.996131
0.996432
0.996723
0.997006
0.997279
0.997544
0.997799
0.998045
0.998282
0.99851
0.998728
0.998938
0.999139
0.99933
0.999513
0.999686
0.99985
1
1.00015
1.00029
1.00042
1.00053
1.00064
1.00074
1.00083
1.00092
1.00099
1.00105
1.00111
1.00115
1.00119
1.00122
1.00123
1.00124
1.00124
1.00123
1.00122
1.00119
1.00115
1.00111
1.00105
1.00099
1.00091
1.00083
1.00074
1.00064
1.00053
1.00041
1.00028
1.00015
1
0.999845
0.99968
0.999507
0.999324
0.999132
0.998932
0.998722
0.998503
0.998274
0.998037
0.997791
0.997535
0.997271
0.996997
0.996714
0.996423
0.996122
0.995812
0.995493
0.995165
0.994827
0.994481
0.994126
0.993761
0.993388
0.993005
0.992614
0.992213
0.991803
0.991385
0.990957
0.99052
0.990074
0.98962
0.989156
0.988683
0.988201
0.98771
0.98721
0.986701
0.986183
0.985656
0.98512
0.984576
0.984022
0.983459
0.982887
0.982307
0.981717
0.981118
0.980511
0.979894
0.979269
0.978634
0.977991
0.977339
0.976678
0.976008
0.975329
0.974641
0.973944
0.973239
0.972524
0.971801
0.971069
0.970328
0.969578
0.968819
0.968052
0.967275
0.96649
0.965696
0.964894
0.964082
0.963262
0.962432
0.961595
0.960748
0.959892
0.959028
0.958155
0.957274
0.956383
0.955484
0.954576
0.95366
0.952735
0.951801
0.950858
0.949907
0.948947
0.947979
0.947002
0.946016
0.945021
0.944018
0.943007
0.941987
0.940958
0.93992
0.938874
0.93782
0.936757
0.935685
0.934605
0.933516
0.932419
0.931314
0.9302
0.929077
0.927946
0.926806
0.925658
0.924502
0.923337
0.922164
0.920982
0.919792
0.918594
0.917387
0.916172
0.914948
0.913716
0.912476
0.911228
0.909971
0.908706
0.907433
0.906151
0.904861
0.903563
0.902257
0.900942
0.899619
0.898288
0.896949
0.895602
0.894246
0.892883
0.891511
0.890131
0.888743
0.887347
0.885942
0.88453
0.88311
0.881681
0.880245
0.8788
0.877348
0.875888
0.874419
0.872943
0.871458
0.869966
0.868466
0.866958
0.865442
0.863918
0.862386
0.860846
0.859299
0.857744
0.85618
0.85461
0.853031
0.851444
0.84985
0.848248
0.846638
0.845021
0.843396
0.841763
0.840122
0.838474
0.836819
0.835155
0.833484
0.831806
0.830119
0.828426
0.826724
0.825016
0.823299
0.821575
0.819844
0.818105
0.816359
0.814605
0.812844
0.811076
0.8093
0.807516
0.805726
0.803928
0.802123
0.80031
0.79849
0.796663
0.794829
0.792987
0.791138
0.789282
0.787419
0.785548
0.783671
0.781786
0.779894
0.777995
0.776089
0.774176
0.772256
0.770328
0.768394
0.766453
0.764505
0.76255
0.760587
0.758618
0.756642
0.75466
0.75267
0.750673
0.74867
0.74666
0.744643
0.742619
0.740588
0.738551
0.736507
0.734456
0.732399
0.730334
0.728264
0.726186
0.724102
0.722012
0.719914
0.717811
0.7157
0.713584
0.71146
0.70933
0.707194
0.705052
0.702902
0.700747
0.698585
0.696417
0.694242
0.692061
0.689874
0.687681
0.685481
0.683275
0.681062
0.678844
0.676619
0.674389
0.672152
0.669909
0.66766
0.665404
0.663143
0.660876
0.658602
0.656323
0.654038
0.651746
0.649449
0.647146
0.644837
0.642522
0.640202
0.637875
0.635543
0.633204
0.630861
0.628511
0.626155
0.623794
0.621428
0.619055
0.616677
0.614293
0.611904
0.609509
0.607109
0.604703
0.602292
0.599875
0.597452
0.595025
0.592591
0.590153
0.587709
0.585259
0.582805
0.580345
0.577879
0.575409
0.572933
0.570452
0.567966
0.565475
0.562978
0.560476
0.55797
0.555458
0.552941
0.550419
0.547892
0.54536
0.542824
0.540282
0.537735
0.535183
0.532627
0.530066
0.527499
0.524929
0.522353
0.519772
0.517187
0.514597
0.512003
0.509403
0.506799
0.504191
0.501578
0.49896
0.496338
0.493711
0.49108
0.488444
0.485804
0.48316
0.480511
0.477857
0.4752
0.472538
0.469871
0.467201
0.464526
0.461847
0.459164
0.456476
0.453784
0.451089
0.448389
0.445685
0.442977
0.440265
0.437549
0.434829
0.432105
0.429377
0.426645
0.42391
0.42117
0.418427
0.41568
0.412929
0.410174
0.407416
0.404654
0.401888
0.399118
0.396345
0.393569
0.390788
0.388004
0.385217
0.382426
0.379632
0.376834
0.374033
0.371228
0.36842
0.365609
0.362794
0.359976
0.357155
0.35433
0.351503
0.348672
0.345837
0.343
0.34016
0.337316
0.33447
0.33162
0.328768
0.325912
0.323054
0.320192
0.317328
0.31446
0.31159
0.308717
0.305842
0.302963
0.300082
0.297198
0.294311
0.291422
0.28853
0.285635
0.282738
0.279838
0.276935
0.27403
0.271123
0.268213
0.265301
0.262386
0.259469
0.25655
0.253628
0.250704
0.247777
0.244849
0.241918
0.238985
0.23605
0.233112
0.230173
0.227231
0.224288
0.221342
0.218394
0.215445
0.212493
0.209539
0.206584
0.203627
0.200668
0.197707
0.194744
0.191779
0.188813
0.185845
0.182875
0.179904
0.176931
0.173956
0.17098
0.168002
0.165023
0.162042
0.15906
0.156076
0.153091
0.150105
0.147117
0.144128
0.141137
0.138146
0.135153
0.132159
0.129163
0.126167
0.123169
0.12017
0.11717
0.114169
0.111167
0.108164
0.10516
0.102155
0.0991492
0.0961424
0.0931347
0.0901262
0.0871169
0.0841068
0.081096
0.0780844
0.0750721
0.0720592
0.0690455
0.0660313
0.0630165
0.0600011
0.0569851
0.0539687
0.0509518
0.0479344
0.0449165
0.0418983
0.0388797
0.0358608
0.0328415
0.029822
0.0268021
0.0237821
0.0207618
0.0177414
0.0147208
0.0117
0.0086792
0.0056583
0.00263735
0.000383614
0.00340457
0.00642548
0.00944633
0.0124671
0.0154877
0.0185082
0.0215285
0.0245486
0.0275685
0.0305881
0.0336074
0.0366265
0.0396451
0.0426634
0.0456814
0.0486988
0.0517159
0.0547324
0.0577485
0.060764
0.063779
0.0667933
0.0698071
0.0728202
0.0758327
0.0788444
0.0818554
0.0848657
0.0878752
0.0908838
0.0938917
0.0968986
0.0999047
0.10291
0.105914
0.108917
0.11192
0.114921
0.117921
0.12092
0.123918
0.126915
0.129911
0.132905
0.135898
0.13889
0.141881
0.144871
0.147859
0.150845
0.153831
0.156815
0.159797
0.162778
0.165758
0.168736
0.171713
0.174688
0.177661
0.180633
0.183603
0.186571
0.189538
0.192503
0.195466
0.198427
0.201387
0.204345
0.207301
0.210254
0.213207
0.216157
0.219105
0.222051
0.224995
0.227937
0.230877
0.233815
0.23675
0.239684
0.242615
0.245545
0.248471
0.251396
0.254318
0.257238
0.260156
0.263071
0.265984
0.268894
0.271802
0.274708
0.277611
0.280511
0.283409
0.286304
0.289197
0.292087
0.294974
0.297859
0.300741
0.30362
0.306497
0.30937
0.312241
0.315109
0.317974
0.320836
0.323695
0.326552
0.329405
0.332255
0.335102
0.337947
0.340788
0.343626
0.346461
0.349292
0.352121
0.354946
0.357768
0.360587
0.363402
0.366214
0.369023
0.371829
0.374631
0.377429
0.380224
0.383016
0.385804
0.388589
0.39137
0.394148
0.396922
0.399692
0.402459
0.405222
0.407981
0.410736
0.413488
0.416236
0.418981
0.421721
0.424458
0.42719
0.429919
0.432644
0.435365
0.438082
0.440795
0.443504
0.446209
0.44891
0.451606
0.454299
0.456987
0.459672
0.462352
0.465027
0.467699
0.470366
0.473029
0.475688
0.478343
0.480993
0.483638
0.48628
0.488916
0.491549
0.494176
0.4968
0.499419
0.502033
0.504642
0.507247
0.509848
0.512444
0.515035
0.517621
0.520203
0.52278
0.525352
0.527919
0.530482
0.533039
0.535592
0.53814
0.540683
0.543221
0.545754
0.548283
0.550806
0.553324
0.555837
0.558345
0.560848
0.563346
0.565838
0.568326
0.570808
0.573285
0.575757
0.578224
0.580685
0.583141
0.585592
0.588037
0.590477
0.592912
0.595341
0.597765
0.600183
0.602596
0.605003
0.607405
0.609801
0.612192
0.614577
0.616957
0.619331
0.621699
0.624062
0.626418
0.62877
0.631115
0.633455
0.635789
0.638117
0.640439
0.642755
0.645066
0.647371
0.649669
0.651962
0.654249
0.65653
0.658805
0.661074
0.663337
0.665594
0.667845
0.670089
0.672328
0.67456
0.676787
0.679007
0.681221
0.683428
0.68563
0.687825
0.690014
0.692197
0.694373
0.696543
0.698707
0.700864
0.703015
0.705159
0.707297
0.709429
0.711554
0.713673
0.715785
0.71789
0.719989
0.722082
0.724168
0.726247
0.72832
0.730386
0.732445
0.734498
0.736544
0.738583
0.740615
0.742641
0.74466
0.746672
0.748678
0.750676
0.752668
0.754653
0.756631
0.758602
0.760566
0.762523
0.764473
0.766417
0.768353
0.770282
0.772204
0.77412
0.776028
0.777929
0.779823
0.78171
0.783589
0.785462
0.787327
0.789186
0.791037
0.79288
0.794717
0.796546
0.798368
0.800183
0.801991
0.803791
0.805584
0.807369
0.809147
0.810918
0.812681
0.814437
0.816186
0.817927
0.819661
0.821387
0.823105
0.824817
0.82652
0.828216
0.829905
0.831586
0.833259
0.834925
0.836583
0.838234
0.839877
0.841512
0.843139
0.844759
0.846371
0.847976
0.849573
0.851162
0.852743
0.854316
0.855882
0.85744
0.85899
0.860532
0.862066
0.863593
0.865111
0.866622
0.868125
0.86962
0.871107
0.872586
0.874057
0.87552
0.876975
0.878422
0.879861
0.881292
0.882715
0.88413
0.885537
0.886936
0.888326
0.889709
0.891084
0.89245
0.893808
0.895158
0.8965
0.897834
0.89916
0.900477
0.901786
0.903087
0.90438
0.905665
0.906941
0.908209
0.909468
0.91072
0.911963
0.913197
0.914424
0.915642
0.916852
0.918053
0.919246
0.920431
0.921607
0.922775
0.923934
0.925085
0.926228
0.927362
0.928487
0.929605
0.930713
0.931813
0.932905
0.933988
0.935063
0.936129
0.937187
0.938236
0.939276
0.940308
0.941332
0.942347
0.943353
0.94435
0.945339
0.94632
0.947292
0.948255
0.949209
0.950155
0.951092
0.95202
0.95294
0.953851
0.954754
0.955647
0.956532
0.957409
0.958276
0.959135
0.959985
0.960826
0.961659
0.962483
0.963298
0.964104
0.964901
0.96569
0.96647
0.967241
0.968003
0.968756
0.969501
0.970236
0.970963
0.971681
0.97239
0.97309
0.973782
0.974464
0.975138
0.975803
0.976458
0.977105
0.977743
0.978372
0.978992
0.979604
0.980206
0.980799
0.981384
0.981959
0.982526
0.983083
0.983632
0.984172
0.984702
0.985224
0.985737
0.98624
0.986735
0.987221
0.987697
0.988165
0.988624
0.989073
0.989514
0.989946
0.990368
0.990782
0.991186
0.991582
0.991968
0.992346
0.992714
0.993074
0.993424
0.993765
0.994097
0.99442
0.994734
0.995039
0.995335
0.995622
0.9959
0.996168
0.996428
0.996678
0.99692
0.997152
0.997375
0.997589
0.997794
0.99799
0.998177
0.998355
0.998523
0.998683
0.998833
0.998974
0.999107
0.99923
0.999344
0.999448
0.999544
0.999631
0.999708
0.999777
0.999836
0.999886
0.999927
0.999959
0.999982
0.999995
